gene	query	search_id	date	rank	paper_id	title	verdict	status
Tnf	Tnf (tumor necrosis factor) LPS macrophage	s_49059bb1	2026-09-25T13:15:58Z	1	PMC2213356	Complementation of Lymphotoxin α Knockout Mice with Tumor Necrosis Factor–expressing Transgenes Rectifies Defective Splenic Structure and Function	yes	ok
Tnf	Tnf (tumor necrosis factor) LPS macrophage	s_49059bb1	2026-09-25T13:15:58Z	2	PMC3654183	Antagonism of the histamine H4 receptor reduces LPS-induced TNF production in vivo	yes	ok
Tnf	Tnf (tumor necrosis factor) LPS macrophage	s_49059bb1	2026-09-25T13:15:58Z	3	PMC6990626	Transmembrane TNFα-Expressed Macrophage Membrane-Coated Chitosan Nanoparticles as Cancer Therapeutics	yes	ok
Tnf	Tnf (tumor necrosis factor) LPS macrophage	s_49059bb1	2026-09-25T13:15:58Z	4	PMC2119110	Macrophage priming and lipopolysaccharide-triggered release of tumor necrosis factor alpha during graft-versus-host disease	yes	ok
Tnf	Tnf (tumor necrosis factor) LPS macrophage	s_49059bb1	2026-09-25T13:15:58Z	5	PMC2190891	Lipopolysaccharide-induced selective priming effects on tumor necrosis factor alpha and nitric oxide production in mouse peritoneal macrophages	yes	ok
Tnf	Tnf (tumor necrosis factor) LPS macrophage	s_49059bb1	2026-09-25T13:15:58Z	6	PMC2190998	Extinction of the tumor necrosis factor locus, and of genes encoding the lipopolysaccharide signaling pathway	yes	ok
Tnf	Tnf (tumor necrosis factor) LPS macrophage	s_49059bb1	2026-09-25T13:15:58Z	7	PMC6234144	LPS‐stimulated NF‐κB p65 dynamic response marks the initiation of TNF expression and transition to IL‐10 expression in RAW 264.7 macrophages	yes	ok
Tnf	Tnf (tumor necrosis factor) LPS macrophage	s_49059bb1	2026-09-25T13:15:58Z	8	bio_206e5a356c66	Mathematical modelling of activation-induced heterogeneity reveals cell state transitions underpinning macrophage responses to LPS	yes	ok
Tnf	Tnf (tumor necrosis factor) LPS macrophage	s_49059bb1	2026-09-25T13:15:58Z	9	PMC4575053	AS-703026 Inhibits LPS-Induced TNFα Production through MEK/ERK Dependent and Independent Mechanisms	yes	ok
Tnf	Tnf (tumor necrosis factor) LPS macrophage	s_49059bb1	2026-09-25T13:15:58Z	10	PMC10949775	Lipopolysaccharide regulation of antiinflammatory tristetraprolin family and proinflammatory gene expression in mouse macrophages	yes	ok
Tnf	Tnf (tumor necrosis factor) LPS macrophage	s_49059bb1	2026-09-25T13:15:58Z	11	PMC5918604	Augmentation and Suppression of Release of Tumor Necrosis Factor from Macrophages by Negatively Charged Phospholipids	yes	ok
Tnf	Tnf (tumor necrosis factor) LPS macrophage	s_49059bb1	2026-09-25T13:15:58Z	12	PMC8716064	Macrophage tumor necrosis factor-alpha deletion does not protect against obesity-associated metabolic dysfunction	yes	ok
Tnf	Tnf (tumor necrosis factor) LPS macrophage	s_49059bb1	2026-09-25T13:15:58Z	13	PMC2187654	Kappa B-type enhancers are involved in lipopolysaccharide-mediated transcriptional activation of the tumor necrosis factor alpha gene in primary macrophages	yes	ok
Tnf	Tnf (tumor necrosis factor) LPS macrophage	s_49059bb1	2026-09-25T13:15:58Z	14	PMC7018708	Macrophages employ quorum licensing to regulate collective activation	yes	ok
Tnf	Tnf (tumor necrosis factor) LPS macrophage	s_49059bb1	2026-09-25T13:15:58Z	15	PMC9411976	Mathematical modelling of activation-induced heterogeneity in TNF, IL6, NOS2, and IL1β expression reveals cell state transitions underpinning macrophage responses to LPS	yes	ok
Tnf	Tnf (tumor necrosis factor) LPS macrophage	s_49059bb1	2026-09-25T13:15:58Z	16	PMC11373197	Divergent effects of tumor necrosis factor (TNF) in sepsis: a meta-analysis of experimental studies	no	ok
Tnf	Tnf (tumor necrosis factor) LPS macrophage	s_49059bb1	2026-09-25T13:15:58Z	17	PMC2819999	Signaling pathways involved in LPS induced TNFalpha production in human adipocytes	yes	ok
Tnf	Tnf (tumor necrosis factor) LPS macrophage	s_49059bb1	2026-09-25T13:15:58Z	18	PMC3153254	Differential Cell Sensitivity between OTA and LPS upon Releasing TNF-α	yes	ok
Tnf	Tnf (tumor necrosis factor) LPS macrophage	s_49059bb1	2026-09-25T13:15:58Z	19	PMC2365439	RNA from LPS-stirnulated macrophages induces the release of tumour necrosis factor-α and interleukin-1 by resident macrophages	yes	ok
Tnf	Tnf (tumor necrosis factor) LPS macrophage	s_49059bb1	2026-09-25T13:15:58Z	20	PMC2410250	Lipopolysaccharide-mediated signal transduction: Stabilization of TNF-alpha mRNA contributes to increased lipopolysaccharide-stimulated TNF-alpha production by Kupffer cells after chronic ethanol feeding	yes	ok
Tnf	Tnf (tumor necrosis factor) LPS macrophage	s_49059bb1	2026-09-25T13:15:58Z	21	PMC3892557	CD14 Mediates Binding of High Doses of LPS but Is Dispensable for TNF-α Production	yes	ok
Tnf	Tnf (tumor necrosis factor) LPS macrophage	s_49059bb1	2026-09-25T13:15:58Z	22	PMC1440772	Lead Increases Lipopolysaccharide-Induced Liver Injury through Tumor Necrosis Factor-α Overexpression by Monocytes/Macrophages: Role of Protein Kinase C and p42/44 Mitogen-Activated Protein Kinase	yes	ok
Tnf	Tnf (tumor necrosis factor) LPS macrophage	s_49059bb1	2026-09-25T13:15:58Z	23	PMC2211976	Tumor Necrosis Factor (TNF) Receptor Shedding Controls Thresholds of Innate Immune Activation That Balance Opposing TNF Functions in Infectious and Inflammatory Diseases	no	ok
Tnf	Tnf (tumor necrosis factor) LPS macrophage	s_49059bb1	2026-09-25T13:15:58Z	24	bio_1ab02dae6d41	The use of Ipratropium and Tiotropium as novel agents to reduce inflammation in  in vitro  macrophage models	yes	ok
Tnf	Tnf (tumor necrosis factor) LPS macrophage	s_49059bb1	2026-09-25T13:15:58Z	25	PMC11506017	Catecholamines Attenuate LPS-Induced Inflammation through β2 Adrenergic Receptor Activation- and PKA Phosphorylation-Mediated TLR4 Downregulation in Macrophages	yes	ok
Tnf	Tnf (tumor necrosis factor) LPS macrophage	s_49059bb1	2026-09-25T13:15:58Z	26	PMC7725547	Apigenin-7-Glucuronide from Urera aurantiaca Inhibits Tumor Necrosis Factor Alpha and Total Nitrite Release in Lipopolysaccharide-Activated Macrophages	yes	ok
Tnf	Tnf (tumor necrosis factor) LPS macrophage	s_49059bb1	2026-09-25T13:15:58Z	27	PMC5919345	Induction of Tumor Necrosis Factor in Mice by Recombinant Human Macrophage Colony‐stimulating Factor	yes	ok
Tnf	Tnf (tumor necrosis factor) LPS macrophage	s_49059bb1	2026-09-25T13:15:58Z	28	PMC6336827	Human TNF-Luc reporter mouse: A new model to quantify inflammatory responses	yes	ok
Tnf	Tnf (tumor necrosis factor) LPS macrophage	s_49059bb1	2026-09-25T13:15:58Z	29	PMC5332015	Genome-wide siRNA screen of genes regulating the LPS-induced NF-κB and TNF-α responses in mouse macrophages	yes	ok
Tnf	Tnf (tumor necrosis factor) LPS macrophage	s_49059bb1	2026-09-25T13:15:58Z	30	PMC5698820	TNF Tolerance in Monocytes and Macrophages: Characteristics and Molecular Mechanisms	no	ok
Tnf	Tnf (tumor necrosis factor) LPS macrophage	s_49059bb1	2026-09-25T13:15:58Z	31	PMC4165740	Vitamin C Mitigates Oxidative Stress and Tumor Necrosis Factor-Alpha in Severe Community-Acquired Pneumonia and LPS-Induced Macrophages	yes	ok
Tnf	Tnf (tumor necrosis factor) LPS macrophage	s_49059bb1	2026-09-25T13:15:58Z	32	PMC5332009	Genome-wide siRNA screen of genes regulating the LPS-induced TNF-α response in human macrophages	no	ok
Tnf	Tnf (tumor necrosis factor) LPS macrophage	s_49059bb1	2026-09-25T13:15:58Z	33	PMC4259568	Inhibiting TNF-α signaling does not attenuate induction of endotoxin tolerance	yes	ok
Tnf	Tnf (tumor necrosis factor) LPS macrophage	s_49059bb1	2026-09-25T13:15:58Z	34	PMC4898755	Investigating the Role of TNF-α and IFN-γ Activation on the Dynamics of iNOS Gene Expression in LPS Stimulated Macrophages	no	ok
Tnf	Tnf (tumor necrosis factor) LPS macrophage	s_49059bb1	2026-09-25T13:15:58Z	35	PMC3827119	Role of Protein Tyrosine Phosphatase Non-Receptor Type 7 in the Regulation of TNF-α Production in RAW 264.7 Macrophages	yes	ok
Tnf	Tnf (tumor necrosis factor) LPS macrophage	s_49059bb1	2026-09-25T13:15:58Z	36	PMC3964895	Upregulating Nonneuronal Cholinergic Activity Decreases TNF Release from Lipopolysaccharide-Stimulated RAW264.7 Cells	yes	ok
Tnf	Tnf (tumor necrosis factor) LPS macrophage	s_49059bb1	2026-09-25T13:15:58Z	37	PMC2199123	The Macrophage Scavenger Receptor Type A Is Expressed by Activated Macrophages and Protects the Host Against Lethal Endotoxic Shock	yes	ok
Tnf	Tnf (tumor necrosis factor) LPS macrophage	s_49059bb1	2026-09-25T13:15:58Z	38	PMC5431130	Lipopolysaccharide-induced NF-κB nuclear translocation is primarily dependent on MyD88, but TNFα expression requires TRIF and MyD88	yes	ok
Tnf	Tnf (tumor necrosis factor) LPS macrophage	s_49059bb1	2026-09-25T13:15:58Z	39	PMC3333514	Monocyte normal immune response to LPS stimulation	yes	ok
Tnf	Tnf (tumor necrosis factor) LPS macrophage	s_49059bb1	2026-09-25T13:15:58Z	40	PMC3871562	Estrogen-Induced Nongenomic Calcium Signaling Inhibits Lipopolysaccharide-Stimulated Tumor Necrosis Factor α Production in Macrophages	yes	ok
Tnf	Tnf (tumor necrosis factor) LPS macrophage	s_49059bb1	2026-09-25T13:15:58Z	41	PMC3217009	Pre-Treatment of Recombinant Mouse MFG-E8 Downregulates LPS-Induced TNF-α Production in Macrophages via STAT3-Mediated SOCS3 Activation	yes	ok
Tnf	Tnf (tumor necrosis factor) LPS macrophage	s_49059bb1	2026-09-25T13:15:58Z	42	PMC3184169	LITAF Mediation of Increased TNF-α Secretion from Inflamed Colonic Lamina Propria Macrophages	yes	ok
Tnf	Tnf (tumor necrosis factor) LPS macrophage	s_49059bb1	2026-09-25T13:15:58Z	43	PMC1383482	Modulation of Tumor Necrosis Factor by Microbial Pathogens	yes	ok
Tnf	Tnf (tumor necrosis factor) LPS macrophage	s_49059bb1	2026-09-25T13:15:58Z	44	PMC1079929	Unaltered TNF-α production by macrophages and monocytes in diet-induced obesity in the rat	yes	ok
Tnf	Tnf (tumor necrosis factor) LPS macrophage	s_49059bb1	2026-09-25T13:15:58Z	45	PMC4427353	Globular Adiponectin Causes Tolerance to LPS-Induced TNF-α Expression via Autophagy Induction in RAW 264.7 Macrophages: Involvement of SIRT1/FoxO3A Axis	yes	ok
Tnf	Tnf (tumor necrosis factor) LPS macrophage	s_49059bb1	2026-09-25T13:15:58Z	46	PMC3157435	Lipopolysaccharide and Tumor Necrosis Factor Regulate Parkin Expression via Nuclear Factor-Kappa B	yes	ok
Tnf	Tnf (tumor necrosis factor) LPS macrophage	s_49059bb1	2026-09-25T13:15:58Z	47	PMC6953048	LPS Inhibits Fatty Acid Absorption in Enterocytes through TNF-α Secreted by Macrophages	yes	ok
Tnf	Tnf (tumor necrosis factor) LPS macrophage	s_49059bb1	2026-09-25T13:15:58Z	48	PMC4770305	Intracellular NAD+ levels are associated with LPS-induced TNF-α release in pro-inflammatory macrophages	no	ok
Tnf	Tnf (tumor necrosis factor) LPS macrophage	s_49059bb1	2026-09-25T13:15:58Z	49	PMC7878383	The Threshold Effect: Lipopolysaccharide-Induced Inflammatory Responses in Primary Macrophages Are Differentially Regulated in an iRhom2-Dependent Manner	yes	ok
Tnf	Tnf (tumor necrosis factor) LPS macrophage	s_49059bb1	2026-09-25T13:15:58Z	50	PMC7086208	microRNA-15a-5p participates in sepsis by regulating the inflammatory response of macrophages and targeting TNIP2	yes	ok
Nos2	Nos2 (nitric oxide synthase 2, inducible) LPS macrophage	s_3a2e13bc	2026-09-25T13:15:58Z	1	PMC4188127	“Of Mice and Men”: Arginine Metabolism in Macrophages	no	ok
Nos2	Nos2 (nitric oxide synthase 2, inducible) LPS macrophage	s_3a2e13bc	2026-09-25T13:15:58Z	2	PMC7905073	Nitric oxide produced by NOS2 copes with the cytotoxic effects of superoxide in macrophages	yes	ok
Nos2	Nos2 (nitric oxide synthase 2, inducible) LPS macrophage	s_3a2e13bc	2026-09-25T13:15:58Z	3	PMC6245571	Species-Specific Transcriptional Regulation of Genes Involved in Nitric Oxide Production and Arginine Metabolism in Macrophages	yes	ok
Nos2	Nos2 (nitric oxide synthase 2, inducible) LPS macrophage	s_3a2e13bc	2026-09-25T13:15:58Z	4	PMC8146495	Lipopolysaccharide-Induced Nitric Oxide and Prostaglandin E2 Production Is Inhibited by Tellimagrandin II in Mouse and Human Macrophages	yes	ok
Nos2	Nos2 (nitric oxide synthase 2, inducible) LPS macrophage	s_3a2e13bc	2026-09-25T13:15:58Z	5	PMC7851796	Dataset on the differentiation of THP-1 monocytes to LPS inducible adherent macrophages and their capacity for NO/iNOS signaling	yes	ok
Nos2	Nos2 (nitric oxide synthase 2, inducible) LPS macrophage	s_3a2e13bc	2026-09-25T13:15:58Z	6	PMC4049611	A Defective TLR4 Signaling for IFN-β Expression Is Responsible for the Innately Lower Ability of BALB/c Macrophages to Produce NO in Response to LPS as Compared to C57BL/6	yes	ok
Nos2	Nos2 (nitric oxide synthase 2, inducible) LPS macrophage	s_3a2e13bc	2026-09-25T13:15:58Z	7	PMC12592619	Neutrophilic granule protein promotes lipopolysaccharide-induced iNOS/NO expression via JAK2/STAT1 signaling pathway and augments bacteria clearance of macrophages	yes	ok
Nos2	Nos2 (nitric oxide synthase 2, inducible) LPS macrophage	s_3a2e13bc	2026-09-25T13:15:58Z	8	PMC4284740	Pheophytin a Inhibits Inflammation via Suppression of LPS-Induced Nitric Oxide Synthase-2, Prostaglandin E2, and Interleukin-1β of Macrophages	yes	ok
Nos2	Nos2 (nitric oxide synthase 2, inducible) LPS macrophage	s_3a2e13bc	2026-09-25T13:15:58Z	9	PMC2365621	Modulation of nitric oxide synthase activity in macrophages	no	ok
Nos2	Nos2 (nitric oxide synthase 2, inducible) LPS macrophage	s_3a2e13bc	2026-09-25T13:15:58Z	10	PMC3891534	Anti-Inflammatory Cytokine Interleukin-4 Inhibits Inducible Nitric Oxide Synthase Gene Expression in the Mouse Macrophage Cell Line RAW264.7 through the Repression of Octamer-Dependent Transcription	yes	ok
Nos2	Nos2 (nitric oxide synthase 2, inducible) LPS macrophage	s_3a2e13bc	2026-09-25T13:15:58Z	11	PMC1698482	Inhibition of inducible Nitric Oxide Synthase by a mustard gas analog in murine macrophages	yes	ok
Nos2	Nos2 (nitric oxide synthase 2, inducible) LPS macrophage	s_3a2e13bc	2026-09-25T13:15:58Z	12	PMC10898816	Internal ribosomal entry site-mediated translational activity of nitric oxide synthase 2	yes	ok
Nos2	Nos2 (nitric oxide synthase 2, inducible) LPS macrophage	s_3a2e13bc	2026-09-25T13:15:58Z	13	PMC9368968	Hypoxia Aggravates Inhibition of Alveolar Epithelial Na-Transport by Lipopolysaccharide-Stimulation of Alveolar Macrophages	yes	ok
Nos2	Nos2 (nitric oxide synthase 2, inducible) LPS macrophage	s_3a2e13bc	2026-09-25T13:15:58Z	14	PMC5751240	Lipopolysaccharide-Induced Nitric Oxide, Prostaglandin E2, and Cytokine Production of Mouse and Human Macrophages Are Suppressed by Pheophytin-b	yes	ok
Nos2	Nos2 (nitric oxide synthase 2, inducible) LPS macrophage	s_3a2e13bc	2026-09-25T13:15:58Z	15	PMC5955621	Mannan-induced Nos2 in macrophages enhances IL-17–driven psoriatic arthritis by innate lymphocytes	yes	ok
Nos2	Nos2 (nitric oxide synthase 2, inducible) LPS macrophage	s_3a2e13bc	2026-09-25T13:15:58Z	16	PMC2811838	The inhibitory effect of quercitrin gallate on iNOS expression induced by lipopolysaccharide in Balb/c mice	yes	ok
Nos2	Nos2 (nitric oxide synthase 2, inducible) LPS macrophage	s_3a2e13bc	2026-09-25T13:15:58Z	17	PMC2191051	Promoter of the mouse gene encoding calcium-independent nitric oxide synthase confers inducibility by interferon gamma and bacterial lipopolysaccharide	yes	ok
Nos2	Nos2 (nitric oxide synthase 2, inducible) LPS macrophage	s_3a2e13bc	2026-09-25T13:15:58Z	18	PMC4191211	Nitric Oxide Synthase: Non-Canonical Expression Patterns	no	ok
Nos2	Nos2 (nitric oxide synthase 2, inducible) LPS macrophage	s_3a2e13bc	2026-09-25T13:15:58Z	19	PMC13029237	Formulation of Gamma-Oryzanol Encapsulated Nanoparticles and Their Modulation Effects on Inducible Nitric Oxide Synthase and Nitric Oxide in LPS-Stimulated RAW 264.7 Macrophages	yes	ok
Nos2	Nos2 (nitric oxide synthase 2, inducible) LPS macrophage	s_3a2e13bc	2026-09-25T13:15:58Z	20	PMC2190891	Lipopolysaccharide-induced selective priming effects on tumor necrosis factor alpha and nitric oxide production in mouse peritoneal macrophages	no	ok
Nos2	Nos2 (nitric oxide synthase 2, inducible) LPS macrophage	s_3a2e13bc	2026-09-25T13:15:58Z	21	PMC4088763	Nitric oxide synthase 2-derived NO in endotoxemia is not sufficient to cause hemodynamic effects	yes	ok
Nos2	Nos2 (nitric oxide synthase 2, inducible) LPS macrophage	s_3a2e13bc	2026-09-25T13:15:58Z	22	PMC5967330	Macrophage inducible nitric oxide synthase circulates inflammation and promotes lung carcinogenesis	yes	ok
Nos2	Nos2 (nitric oxide synthase 2, inducible) LPS macrophage	s_3a2e13bc	2026-09-25T13:15:58Z	23	PMC6920088	Inducible nitric oxide synthase-derived extracellular nitric oxide flux regulates proinflammatory responses at the single cell level	no	ok
Nos2	Nos2 (nitric oxide synthase 2, inducible) LPS macrophage	s_3a2e13bc	2026-09-25T13:15:58Z	24	PMC12572803	Nitroalkene inhibition of pro-inflammatory macrophage effector function via modulation of signaling metabolite levels	yes	ok
Nos2	Nos2 (nitric oxide synthase 2, inducible) LPS macrophage	s_3a2e13bc	2026-09-25T13:15:58Z	25	PMC4577833	NOS1-derived nitric oxide promotes NF-κB transcriptional activity through inhibition of suppressor of cytokine signaling-1	no	ok
Nos2	Nos2 (nitric oxide synthase 2, inducible) LPS macrophage	s_3a2e13bc	2026-09-25T13:15:58Z	26	PMC8480887	Transcriptome profiling reveals new insights into the roles of neuronal nitric oxide synthase on macrophage polarization towards classically activated phenotype	yes	ok
Nos2	Nos2 (nitric oxide synthase 2, inducible) LPS macrophage	s_3a2e13bc	2026-09-25T13:15:58Z	27	PMC4009253	Crocin Suppresses LPS-Stimulated Expression of Inducible Nitric Oxide Synthase by Upregulation of Heme Oxygenase-1 via Calcium/Calmodulin-Dependent Protein Kinase 4	yes	ok
Nos2	Nos2 (nitric oxide synthase 2, inducible) LPS macrophage	s_3a2e13bc	2026-09-25T13:15:58Z	28	PMC4629269	Neocryptotanshinone inhibits lipopolysaccharide-induced inflammation in RAW264.7 macrophages by suppression of NF-κB and iNOS signaling pathways	yes	ok
Nos2	Nos2 (nitric oxide synthase 2, inducible) LPS macrophage	s_3a2e13bc	2026-09-25T13:15:58Z	29	PMC3311437	EP2 and EP4 receptors on muscularis resident macrophages mediate LPS-induced intestinal dysmotility via iNOS upregulation through cAMP/ERK signals	yes	ok
Nos2	Nos2 (nitric oxide synthase 2, inducible) LPS macrophage	s_3a2e13bc	2026-09-25T13:15:58Z	30	PMC4189263	Inhibition of inducible nitric oxide synthase and osteoclastic differentiation by Atractylodis Rhizoma Alba extract	yes	ok
Nos2	Nos2 (nitric oxide synthase 2, inducible) LPS macrophage	s_3a2e13bc	2026-09-25T13:15:58Z	31	PMC6543837	Macrophage Polarization: Different Gene Signatures in M1(LPS+) vs. Classically and M2(LPS–) vs. Alternatively Activated Macrophages	no	ok
Nos2	Nos2 (nitric oxide synthase 2, inducible) LPS macrophage	s_3a2e13bc	2026-09-25T13:15:58Z	32	PMC4484635	Tissue inflammation and nitric oxide-mediated alterations in cardiovascular function are major determinants of endotoxin-induced insulin resistance	yes	ok
Nos2	Nos2 (nitric oxide synthase 2, inducible) LPS macrophage	s_3a2e13bc	2026-09-25T13:15:58Z	33	PMC1904226	Malarial pigment haemozoin, IFN-gamma, TNF-alpha, IL-1beta and LPS do not stimulate expression of inducible nitric oxide synthase and production of nitric oxide in immuno-purified human monocytes	yes	ok
Nos2	Nos2 (nitric oxide synthase 2, inducible) LPS macrophage	s_3a2e13bc	2026-09-25T13:15:58Z	34	PMC7239028	Relevance of inducible nitric oxide synthase for immune control of Mycobacterium avium subspecies paratuberculosis infection in mice	yes	ok
Nos2	Nos2 (nitric oxide synthase 2, inducible) LPS macrophage	s_3a2e13bc	2026-09-25T13:15:58Z	35	PMC5703549	Para-hydroxyphenylpyruvate inhibits the pro-inflammatory stimulation of macrophage preventing LPS-mediated nitro-oxidative unbalance and immunometabolic shift	yes	ok
Nos2	Nos2 (nitric oxide synthase 2, inducible) LPS macrophage	s_3a2e13bc	2026-09-25T13:15:58Z	36	PMC4149512	Expression of Inducible Nitric Oxide Synthase (iNOS) in Microglia of the Developing Quail Retina	yes	ok
Nos2	Nos2 (nitric oxide synthase 2, inducible) LPS macrophage	s_3a2e13bc	2026-09-25T13:15:58Z	37	PMC3246759	New Role for L-Arginine in Regulation of Inducible Nitric-Oxide-Synthase-Derived Superoxide Anion Production in Raw 264.7 Macrophages	yes	ok
Nos2	Nos2 (nitric oxide synthase 2, inducible) LPS macrophage	s_3a2e13bc	2026-09-25T13:15:58Z	38	PMC3767636	Inorganic Polyphosphate Suppresses Lipopolysaccharide-Induced Inducible Nitric Oxide Synthase (iNOS) Expression in Macrophages	yes	ok
Nos2	Nos2 (nitric oxide synthase 2, inducible) LPS macrophage	s_3a2e13bc	2026-09-25T13:15:58Z	39	PMC4247207	The impact of human and mouse differences in NOS2 gene expression on the brain’s redox and immune environment	no	ok
Nos2	Nos2 (nitric oxide synthase 2, inducible) LPS macrophage	s_3a2e13bc	2026-09-25T13:15:58Z	40	PMC3660024	Comparative Study of The Effect of LPS on The Function of BALB/c and C57BL/6 Peritoneal Macrophages	no	ok
Nos2	Nos2 (nitric oxide synthase 2, inducible) LPS macrophage	s_3a2e13bc	2026-09-25T13:15:58Z	41	PMC150509	Activation of macrophage nuclear factor-κB and induction of inducible nitric oxide synthase by LPS	yes	ok
Nos2	Nos2 (nitric oxide synthase 2, inducible) LPS macrophage	s_3a2e13bc	2026-09-25T13:15:58Z	42	PMC4378362	Analysis of the transcriptional networks underpinning the activation of murine macrophages by inflammatory mediators	yes	ok
Nos2	Nos2 (nitric oxide synthase 2, inducible) LPS macrophage	s_3a2e13bc	2026-09-25T13:15:58Z	43	PMC5010197	Platelet Supernatant Suppresses LPS-Induced Nitric Oxide Production from Macrophages Accompanied by Inhibition of NF-κB Signaling and Increased Arginase-1 Expression	yes	ok
Nos2	Nos2 (nitric oxide synthase 2, inducible) LPS macrophage	s_3a2e13bc	2026-09-25T13:15:58Z	44	PMC3897658	Arginase-1 Deficiency Regulates Arginine Concentrations and NOS2-Mediated NO Production during Endotoxemia	yes	ok
Nos2	Nos2 (nitric oxide synthase 2, inducible) LPS macrophage	s_3a2e13bc	2026-09-25T13:15:58Z	45	PMC12719530	Multiparametric cardiac magnetic resonance identifies macrophage nitric oxide synthase 2-mediated benefits of preventive sodium-glucose cotransporter 2 inhibition in a mouse model of metabolic heart disease	no	ok
Nos2	Nos2 (nitric oxide synthase 2, inducible) LPS macrophage	s_3a2e13bc	2026-09-25T13:15:58Z	46	PMC11547330	Selective PPARδ Agonist GW501516 Protects Against LPS-Induced Macrophage Inflammation and Acute Liver Failure in Mice via Suppressing Inflammatory Mediators	yes	ok
Nos2	Nos2 (nitric oxide synthase 2, inducible) LPS macrophage	s_3a2e13bc	2026-09-25T13:15:58Z	47	PMC5288713	Epigenetic regulation of nitric oxide synthase 2, inducible (Nos2) by NLRC4 inflammasomes involves PARP1 cleavage	yes	ok
Nos2	Nos2 (nitric oxide synthase 2, inducible) LPS macrophage	s_3a2e13bc	2026-09-25T13:15:58Z	48	bio_fa5a225b8aad	Effective macrophage clearance of Klebsiella pneumoniae requires the inducible nitric oxide synthase iNOS and is independent of reactive oxygen species generated by NADPH oxidase	no	ok
Nos2	Nos2 (nitric oxide synthase 2, inducible) LPS macrophage	s_3a2e13bc	2026-09-25T13:15:58Z	49	PMC9736592	The Inhibition of the Inducible Nitric Oxide Synthase Enhances the DPSC Mineralization under LPS-Induced Inflammation	no	ok
Nos2	Nos2 (nitric oxide synthase 2, inducible) LPS macrophage	s_3a2e13bc	2026-09-25T13:15:58Z	50	PMC7102244	Cell-Specific Nitric Oxide Synthase-Isoenzyme Expression and Regulation in Response to Endotoxin in Intact Rat Lungs	yes	ok
Edn1	Edn1 (endothelin 1) LPS macrophage	s_154c5889	2026-09-25T13:15:58Z	1	PMC2188743	Endothelins, peptides with potent vasoactive properties, are produced by human macrophages	yes	ok
Edn1	Edn1 (endothelin 1) LPS macrophage	s_154c5889	2026-09-25T13:15:58Z	2	PMC7779813	Nlrp3, Csf3, and Edn1 in Macrophage Response to Saturated Fatty Acids and Modified Low-Density Lipoprotein	yes	ok
Edn1	Edn1 (endothelin 1) LPS macrophage	s_154c5889	2026-09-25T13:15:58Z	3	PMC12429320	Rodent Models of Lung Disease: A Road Map for Translational Research	no	ok
Edn1	Edn1 (endothelin 1) LPS macrophage	s_154c5889	2026-09-25T13:15:58Z	4	PMC2365438	Endothelin-1 stimulates human monocytes in vitro to release TNF-α , IL-1β and IL-6	no	ok
Edn1	Edn1 (endothelin 1) LPS macrophage	s_154c5889	2026-09-25T13:15:58Z	5	PMC7858588	Macrophages enhance lipopolysaccharide induced apoptosis via Ang1 and NF-κB pathways in human umbilical vein endothelial cells	no	ok
Edn1	Edn1 (endothelin 1) LPS macrophage	s_154c5889	2026-09-25T13:15:58Z	6	PMC4753051	Systemic and Splanchnic Lipopolysaccharide and Endothelin-1 Plasma Levels in Liver Cirrhosis before and after Transjugular Intrahepatic Portosystemic Shunt	no	ok
Edn1	Edn1 (endothelin 1) LPS macrophage	s_154c5889	2026-09-25T13:15:58Z	7	PMC5373621	Correction: Alternatively Activated (M2) Macrophage Phenotype Is Inducible by Endothelin-1 in Cultured Human Macrophages	no	ok
Edn1	Edn1 (endothelin 1) LPS macrophage	s_154c5889	2026-09-25T13:15:58Z	8	PMC2629980	Preferential recruitment of neutrophils by endothelin-1 in acute lung inflammation induced by lipopolysaccharide or cigarette smoke	no	ok
Edn1	Edn1 (endothelin 1) LPS macrophage	s_154c5889	2026-09-25T13:15:58Z	9	PMC6881566	Enhanced Endothelin A and B Receptor Expression and Receptor-Mediated Vasoconstriction in Rat Mesenteric arteries after Lipopolysaccharide Challenge	no	ok
Edn1	Edn1 (endothelin 1) LPS macrophage	s_154c5889	2026-09-25T13:15:58Z	10	PMC5112853	Alternatively Activated (M2) Macrophage Phenotype Is Inducible by Endothelin-1 in Cultured Human Macrophages	no	ok
Edn1	Edn1 (endothelin 1) LPS macrophage	s_154c5889	2026-09-25T13:15:58Z	11	PMC6144854	Effect of Human Umbilical Vein Endothelial Cells on Immune Responses of Lipopolysaccharide-Induced THP1 Macrophages	no	ok
Edn1	Edn1 (endothelin 1) LPS macrophage	s_154c5889	2026-09-25T13:15:58Z	12	PMC10634087	Extracellular vesicles derived from endothelial cells modulate macrophage phenotype in vitro	no	ok
Edn1	Edn1 (endothelin 1) LPS macrophage	s_154c5889	2026-09-25T13:15:58Z	13	PMC13483658	miR-379-5p serves as a biomarker and regulates sepsis-associated acute kidney injury via targeting EDN1	no	ok
Edn1	Edn1 (endothelin 1) LPS macrophage	s_154c5889	2026-09-25T13:15:58Z	14	PMC7053374	Corrigendum: Macrophage Polarization: Different Gene Signatures in M1(LPS+) vs. Classically and M2(LPS–) vs. Alternatively Activated Macrophages	no	ok
Edn1	Edn1 (endothelin 1) LPS macrophage	s_154c5889	2026-09-25T13:15:58Z	15	PMC6543837	Macrophage Polarization: Different Gene Signatures in M1(LPS+) vs. Classically and M2(LPS–) vs. Alternatively Activated Macrophages	no	ok
Edn1	Edn1 (endothelin 1) LPS macrophage	s_154c5889	2026-09-25T13:15:58Z	16	PMC13372918	Lipopolysaccharide-mediated macrophage polarization, conserved pathogenesis, and implications for peripheral neuropathy: a systematic review	no	ok
Edn1	Edn1 (endothelin 1) LPS macrophage	s_154c5889	2026-09-25T13:15:58Z	17	PMC3826139	Chlorella 11-Peptide Inhibits the Production of Macrophage-Induced Adhesion Molecules and Reduces Endothelin-1 Expression and Endothelial Permeability	yes	ok
Edn1	Edn1 (endothelin 1) LPS macrophage	s_154c5889	2026-09-25T13:15:58Z	18	PMC10343049	A novel co-culture model for investigation of the effects of LPS-induced macrophage-derived cytokines on brain endothelial cells	no	ok
Edn1	Edn1 (endothelin 1) LPS macrophage	s_154c5889	2026-09-25T13:15:58Z	19	PMC1781469	Transcriptional profiling of the LPS induced NF-κB response in macrophages	no	ok
Edn1	Edn1 (endothelin 1) LPS macrophage	s_154c5889	2026-09-25T13:15:58Z	20	PMC6375194	Responses of perivascular macrophages to circulating lipopolysaccharides in the subfornical organ with special reference to endotoxin tolerance	no	ok
Edn1	Edn1 (endothelin 1) LPS macrophage	s_154c5889	2026-09-25T13:15:58Z	21	PMC3953056	Epigenetic profile in lipopolysaccharide-stimulated macrophages	no	ok
Edn1	Edn1 (endothelin 1) LPS macrophage	s_154c5889	2026-09-25T13:15:58Z	22	bio_5a4c8a837ab5	Macrophage EHD1 promotes inflammation and stabilizes sortilin to accelerate atherosclerosis	no	ok
Edn1	Edn1 (endothelin 1) LPS macrophage	s_154c5889	2026-09-25T13:15:58Z	23	PMC6396028	A novel role for myeloid endothelin-B receptors in hypertension	yes	ok
Edn1	Edn1 (endothelin 1) LPS macrophage	s_154c5889	2026-09-25T13:15:58Z	24	PMC8155903	Differential mRNA and miRNA Profiles Reveal the Potential Roles of Genes and miRNAs Involved in LPS Infection in Chicken Macrophages	no	ok
Edn1	Edn1 (endothelin 1) LPS macrophage	s_154c5889	2026-09-25T13:15:58Z	25	PMC7918892	LPS Tolerance Inhibits Cellular Respiration and Induces Global Changes in the Macrophage Secretome	no	ok
Edn1	Edn1 (endothelin 1) LPS macrophage	s_154c5889	2026-09-25T13:15:58Z	26	PMC6428981	Decreased Ambient Oxygen Tension Alters the Expression of Endothelin-1, iNOS and cGMP in Rat Alveolar Macrophages	no	ok
Edn1	Edn1 (endothelin 1) LPS macrophage	s_154c5889	2026-09-25T13:15:58Z	27	PMC12877074	IL-1β+ lung-resident macrophages mediate endothelial dysfunction and acute lung injury in sepsis through immune-metabolic crosstalk	no	ok
Edn1	Edn1 (endothelin 1) LPS macrophage	s_154c5889	2026-09-25T13:15:58Z	28	PMC9456100	Lipopolysaccharide from Porphyromonas gingivalis, but Not from Porphyromonas endodontalis, Induces Macrophage M1 Profile	no	ok
Edn1	Edn1 (endothelin 1) LPS macrophage	s_154c5889	2026-09-25T13:15:58Z	29	PMC13199726	Exosomal miR-148a-3p from LPS-Activated Macrophages Promotes M1 Polarization and Ferroptosis-Related Characteristics of Recipient Macrophages by Reducing SLC7A11	no	ok
Edn1	Edn1 (endothelin 1) LPS macrophage	s_154c5889	2026-09-25T13:15:58Z	30	PMC5743190	Lipopolysaccharide-induced inflammation in monocytes/macrophages is blocked by liposomal delivery of Gi-protein inhibitor	no	ok
Edn1	Edn1 (endothelin 1) LPS macrophage	s_154c5889	2026-09-25T13:15:58Z	31	PMC4682375	Investigation of microRNAs in mouse macrophage responses to lipopolysaccharide-stimulation by combining gene expression with microRNA-target information	no	ok
Edn1	Edn1 (endothelin 1) LPS macrophage	s_154c5889	2026-09-25T13:15:58Z	32	PMC6994071	Identification of stable reference genes for lipopolysaccharide-stimulated macrophage gene expression studies	no	ok
Edn1	Edn1 (endothelin 1) LPS macrophage	s_154c5889	2026-09-25T13:15:58Z	33	PMC13261286	RETRACTION: Epinephrine Enhances the Response of Macrophages under LPS Stimulation	no	ok
Edn1	Edn1 (endothelin 1) LPS macrophage	s_154c5889	2026-09-25T13:15:58Z	34	PMC4905593	Expression Profiling of LPS Responsive miRNA in Primary Human Macrophages	no	ok
Edn1	Edn1 (endothelin 1) LPS macrophage	s_154c5889	2026-09-25T13:15:58Z	35	PMC11882390	Macrophage A2aR Alleviates LPS‐Induced Vascular Endothelial Injury and Inflammation via Inhibiting M1 Polarisation and Oxidative Stress	no	ok
Edn1	Edn1 (endothelin 1) LPS macrophage	s_154c5889	2026-09-25T13:15:58Z	36	PMC5627409	Selection of reliable reference genes for the normalisation of gene expression levels following time course LPS stimulation of murine bone marrow derived macrophages	no	ok
Edn1	Edn1 (endothelin 1) LPS macrophage	s_154c5889	2026-09-25T13:15:58Z	37	PMC3333514	Monocyte normal immune response to LPS stimulation	no	ok
Edn1	Edn1 (endothelin 1) LPS macrophage	s_154c5889	2026-09-25T13:15:58Z	38	PMC3292559	New Model of Macrophage Acquisition of the Lymphatic Endothelial Phenotype	no	ok
Edn1	Edn1 (endothelin 1) LPS macrophage	s_154c5889	2026-09-25T13:15:58Z	39	PMC6694011	Developments in the Role of Endothelin-1 in Atherosclerosis: A Potential Therapeutic Target?	no	ok
Edn1	Edn1 (endothelin 1) LPS macrophage	s_154c5889	2026-09-25T13:15:58Z	40	PMC4378362	Analysis of the transcriptional networks underpinning the activation of murine macrophages by inflammatory mediators	no	ok
Edn1	Edn1 (endothelin 1) LPS macrophage	s_154c5889	2026-09-25T13:15:58Z	41	PMC4470529	Macrophage phenotype in sepsis immunosuppression	no	ok
Edn1	Edn1 (endothelin 1) LPS macrophage	s_154c5889	2026-09-25T13:15:58Z	42	bio_206e5a356c66	Mathematical modelling of activation-induced heterogeneity reveals cell state transitions underpinning macrophage responses to LPS	no	ok
Edn1	Edn1 (endothelin 1) LPS macrophage	s_154c5889	2026-09-25T13:15:58Z	43	PMC6701392	A Benzenediamine Analog FC-99 Drives M2 Macrophage Polarization and Alleviates Lipopolysaccharide- (LPS-) Induced Liver Injury	no	ok
Edn1	Edn1 (endothelin 1) LPS macrophage	s_154c5889	2026-09-25T13:15:58Z	44	PMC3317238	LPS Counter Regulates RNA Expression of Extracellular Proteases and Their Inhibitors in Murine Macrophages	no	ok
Edn1	Edn1 (endothelin 1) LPS macrophage	s_154c5889	2026-09-25T13:15:58Z	45	PMC6527387	Quercetin inhibits LPS-induced macrophage migration by suppressing the iNOS/FAK/paxillin pathway and modulating the cytoskeleton	no	ok
Edn1	Edn1 (endothelin 1) LPS macrophage	s_154c5889	2026-09-25T13:15:58Z	46	PMC3525607	Macrophages mediate colon carcinoma cell adhesion in the rat liver after exposure to lipopolysaccharide	no	ok
Edn1	Edn1 (endothelin 1) LPS macrophage	s_154c5889	2026-09-25T13:15:58Z	47	PMC2234390	Ginger extract inhibits LPS induced macrophage activation and function	no	ok
Edn1	Edn1 (endothelin 1) LPS macrophage	s_154c5889	2026-09-25T13:15:58Z	48	PMC8886523	Overexpression of interleukin‐10 in engineered macrophages protects endothelial cells against LPS‐induced injury in vitro	no	ok
Edn1	Edn1 (endothelin 1) LPS macrophage	s_154c5889	2026-09-25T13:15:58Z	49	PMC7275413	Progranulin inhibits LPS-induced macrophage M1 polarization via NF-кB and MAPK pathways	no	ok
Edn1	Edn1 (endothelin 1) LPS macrophage	s_154c5889	2026-09-25T13:15:58Z	50	bio_3d87310b6cb0	PDE10A Inhibition Disrupts Lipid Droplet Formation and Sensitizes Macrophages to Ferroptosis after LPS treatment	no	ok
Slc7a2	Slc7a2 (solute carrier family 7 (cationic amino acid transporter, y+ system), member 2) LPS macrophage	s_8540c21c	2026-09-25T13:15:58Z	1	PMC6245571	Species-Specific Transcriptional Regulation of Genes Involved in Nitric Oxide Production and Arginine Metabolism in Macrophages	yes	ok
Slc7a2	Slc7a2 (solute carrier family 7 (cationic amino acid transporter, y+ system), member 2) LPS macrophage	s_8540c21c	2026-09-25T13:15:58Z	2	PMC7128890	FOCIS abstract supplement	no	ok
Slc7a2	Slc7a2 (solute carrier family 7 (cationic amino acid transporter, y+ system), member 2) LPS macrophage	s_8540c21c	2026-09-25T13:15:58Z	3	PMC12268560	The NF-κB-SLC7A11 axis regulates ferroptosis sensitivity in inflammatory macrophages	no	ok
Slc7a2	Slc7a2 (solute carrier family 7 (cationic amino acid transporter, y+ system), member 2) LPS macrophage	s_8540c21c	2026-09-25T13:15:58Z	4	PMC6411972	Characterisation of genes differentially expressed in macrophages by virulent and attenuated Mycobacterium tuberculosisthrough RNA-Seq analysis	yes	ok
Slc7a2	Slc7a2 (solute carrier family 7 (cationic amino acid transporter, y+ system), member 2) LPS macrophage	s_8540c21c	2026-09-25T13:15:58Z	5	PMC11112377	Amino acid transporters within the solute carrier superfamily: Underappreciated proteins and novel opportunities for cancer therapy	no	ok
Slc7a2	Slc7a2 (solute carrier family 7 (cationic amino acid transporter, y+ system), member 2) LPS macrophage	s_8540c21c	2026-09-25T13:15:58Z	6	PMC7053374	Corrigendum: Macrophage Polarization: Different Gene Signatures in M1(LPS+) vs. Classically and M2(LPS–) vs. Alternatively Activated Macrophages	no	ok
Slc7a2	Slc7a2 (solute carrier family 7 (cationic amino acid transporter, y+ system), member 2) LPS macrophage	s_8540c21c	2026-09-25T13:15:58Z	7	PMC13199726	Exosomal miR-148a-3p from LPS-Activated Macrophages Promotes M1 Polarization and Ferroptosis-Related Characteristics of Recipient Macrophages by Reducing SLC7A11	no	ok
Slc7a2	Slc7a2 (solute carrier family 7 (cationic amino acid transporter, y+ system), member 2) LPS macrophage	s_8540c21c	2026-09-25T13:15:58Z	8	PMC3237590	Cationic Amino Acid Transporter 2 Enhances Innate Immunity during Helicobacter pylori Infection	yes	ok
Slc7a2	Slc7a2 (solute carrier family 7 (cationic amino acid transporter, y+ system), member 2) LPS macrophage	s_8540c21c	2026-09-25T13:15:58Z	9	PMC5526900	l-Arginine Uptake by Cationic Amino Acid Transporter Promotes Intra-Macrophage Survival of Leishmania donovani by Enhancing Arginase-Mediated Polyamine Synthesis	no	ok
Slc7a2	Slc7a2 (solute carrier family 7 (cationic amino acid transporter, y+ system), member 2) LPS macrophage	s_8540c21c	2026-09-25T13:15:58Z	10	PMC4188127	“Of Mice and Men”: Arginine Metabolism in Macrophages	no	ok
Slc7a2	Slc7a2 (solute carrier family 7 (cationic amino acid transporter, y+ system), member 2) LPS macrophage	s_8540c21c	2026-09-25T13:15:58Z	11	PMC10412850	Sulfur metabolic response in macrophage limits excessive inflammatory response by creating a negative feedback loop	no	ok
Slc7a2	Slc7a2 (solute carrier family 7 (cationic amino acid transporter, y+ system), member 2) LPS macrophage	s_8540c21c	2026-09-25T13:15:58Z	12	PMC12950507	Slc7a11‐Mediated Cystine/Glutamate Antiport Reprograms Macrophage Polarization and Ameliorates Atherosclerosis	no	ok
Slc7a2	Slc7a2 (solute carrier family 7 (cationic amino acid transporter, y+ system), member 2) LPS macrophage	s_8540c21c	2026-09-25T13:15:58Z	13	PMC2999609	In Lysinuric Protein Intolerance system y+L activity is defective in monocytes and in GM-CSF-differentiated macrophages	no	ok
Slc7a2	Slc7a2 (solute carrier family 7 (cationic amino acid transporter, y+ system), member 2) LPS macrophage	s_8540c21c	2026-09-25T13:15:58Z	14	PMC3507808	A new metabolomic assay to examine inflammation and redox pathways following LPS challenge	no	ok
Slc7a2	Slc7a2 (solute carrier family 7 (cationic amino acid transporter, y+ system), member 2) LPS macrophage	s_8540c21c	2026-09-25T13:15:58Z	15	PMC7891337	Frontline Science: LPS‐inducible SLC30A1 drives human macrophage‐mediated zinc toxicity against intracellular Escherichia coli	no	ok
Slc7a2	Slc7a2 (solute carrier family 7 (cationic amino acid transporter, y+ system), member 2) LPS macrophage	s_8540c21c	2026-09-25T13:15:58Z	16	PMC7386301	Species-Specificity of Transcriptional Regulation and the Response to Lipopolysaccharide in Mammalian Macrophages	yes	ok
Slc7a2	Slc7a2 (solute carrier family 7 (cationic amino acid transporter, y+ system), member 2) LPS macrophage	s_8540c21c	2026-09-25T13:15:58Z	17	PMC2265428	Cationic Amino Acid Transporter-2 Regulates Immunity by Modulating Arginase Activity	yes	ok
Slc7a2	Slc7a2 (solute carrier family 7 (cationic amino acid transporter, y+ system), member 2) LPS macrophage	s_8540c21c	2026-09-25T13:15:58Z	18	PMC5868322	Downregulation of SLC7A7 Triggers an Inflammatory Phenotype in Human Macrophages and Airway Epithelial Cells	no	ok
Slc7a2	Slc7a2 (solute carrier family 7 (cationic amino acid transporter, y+ system), member 2) LPS macrophage	s_8540c21c	2026-09-25T13:15:58Z	19	PMC12713647	Single-cell to pre-clinical evaluation of Trem2, Folr2, and Slc7a7 as macrophage-associated biomarkers for atherosclerosis	no	ok
Slc7a2	Slc7a2 (solute carrier family 7 (cationic amino acid transporter, y+ system), member 2) LPS macrophage	s_8540c21c	2026-09-25T13:15:58Z	20	PMC7232099	Solute Carrier Family 37 Member 2 (SLC37A2) Negatively Regulates Murine Macrophage Inflammation by Controlling Glycolysis	no	ok
Slc7a2	Slc7a2 (solute carrier family 7 (cationic amino acid transporter, y+ system), member 2) LPS macrophage	s_8540c21c	2026-09-25T13:15:58Z	21	PMC5788887	Role of SLC7A5 in Metabolic Reprogramming of Human Monocyte/Macrophage Immune Responses	no	ok
Slc7a2	Slc7a2 (solute carrier family 7 (cationic amino acid transporter, y+ system), member 2) LPS macrophage	s_8540c21c	2026-09-25T13:15:58Z	22	PMC8702732	Hematopoietic Cell-Specific SLC37A2 Deficiency Accelerates Atherosclerosis in LDL Receptor-Deficient Mice	no	ok
Slc7a2	Slc7a2 (solute carrier family 7 (cationic amino acid transporter, y+ system), member 2) LPS macrophage	s_8540c21c	2026-09-25T13:15:58Z	23	PMC6377304	Loss of Solute Carrier Family 7 Member 2 Exacerbates Inflammation-Associated Colon Tumorigenesis	yes	ok
Slc7a2	Slc7a2 (solute carrier family 7 (cationic amino acid transporter, y+ system), member 2) LPS macrophage	s_8540c21c	2026-09-25T13:15:58Z	24	PMC4051248	Expression and Regulation of the Proton-Coupled Oligopeptide Transporter PhT2 by LPS in Macrophages and Mouse Spleen	no	ok
Slc7a2	Slc7a2 (solute carrier family 7 (cationic amino acid transporter, y+ system), member 2) LPS macrophage	s_8540c21c	2026-09-25T13:15:58Z	25	PMC11077379	Aberrant Expression of SLC7A11 Impairs the Antimicrobial Activities of Macrophages in Staphylococcus Aureus Osteomyelitis in Mice	no	ok
Slc7a2	Slc7a2 (solute carrier family 7 (cationic amino acid transporter, y+ system), member 2) LPS macrophage	s_8540c21c	2026-09-25T13:15:58Z	26	bio_4372973f6c5f	Hematopoietic-SLC37A2 deficiency accelerates atherosclerosis in LDL receptor-deficient mice	no	ok
Slc7a2	Slc7a2 (solute carrier family 7 (cationic amino acid transporter, y+ system), member 2) LPS macrophage	s_8540c21c	2026-09-25T13:15:58Z	27	PMC3953056	Epigenetic profile in lipopolysaccharide-stimulated macrophages	no	ok
Slc7a2	Slc7a2 (solute carrier family 7 (cationic amino acid transporter, y+ system), member 2) LPS macrophage	s_8540c21c	2026-09-25T13:15:58Z	28	PMC7383006	SLC Solute Carrier Transporters and Neurodegenerative Disorders: Drawing Attention to Cationic Amino Acid Transporters 1 and 2	no	ok
Slc7a2	Slc7a2 (solute carrier family 7 (cationic amino acid transporter, y+ system), member 2) LPS macrophage	s_8540c21c	2026-09-25T13:15:58Z	29	bio_1e45c9e1730b	Erythropoietin supplementation ameliorates the immunological and hematological deficiencies of lysinuric protein intolerance in mice	no	ok
Slc7a2	Slc7a2 (solute carrier family 7 (cationic amino acid transporter, y+ system), member 2) LPS macrophage	s_8540c21c	2026-09-25T13:15:58Z	30	PMC13394352	The Pathological Roles of Cationic Amino Acid Transporters (CATs) in Cancer	no	ok
Slc7a2	Slc7a2 (solute carrier family 7 (cationic amino acid transporter, y+ system), member 2) LPS macrophage	s_8540c21c	2026-09-25T13:15:58Z	31	PMC9881254	SLC38A6 expression in macrophages exacerbates pulmonary inflammation	no	ok
Slc7a2	Slc7a2 (solute carrier family 7 (cationic amino acid transporter, y+ system), member 2) LPS macrophage	s_8540c21c	2026-09-25T13:15:58Z	32	PMC11980831	Asparagine transporter supports macrophage inflammation via histone phosphorylation	no	ok
Slc7a2	Slc7a2 (solute carrier family 7 (cationic amino acid transporter, y+ system), member 2) LPS macrophage	s_8540c21c	2026-09-25T13:15:58Z	33	PMC5627409	Selection of reliable reference genes for the normalisation of gene expression levels following time course LPS stimulation of murine bone marrow derived macrophages	no	ok
Slc7a2	Slc7a2 (solute carrier family 7 (cationic amino acid transporter, y+ system), member 2) LPS macrophage	s_8540c21c	2026-09-25T13:15:58Z	34	PMC12035103	Lipopolysaccharide preconditioning augments the antibacterial activity of renal macrophages and ameliorates acute kidney injury caused by Staphylococcus aureus bacteremia in mice	no	ok
Slc7a2	Slc7a2 (solute carrier family 7 (cationic amino acid transporter, y+ system), member 2) LPS macrophage	s_8540c21c	2026-09-25T13:15:58Z	35	PMC3333514	Monocyte normal immune response to LPS stimulation	no	ok
Slc7a2	Slc7a2 (solute carrier family 7 (cationic amino acid transporter, y+ system), member 2) LPS macrophage	s_8540c21c	2026-09-25T13:15:58Z	36	PMC6977534	Solute carrier transporters: the metabolic gatekeepers of immune cells	no	ok
Slc7a2	Slc7a2 (solute carrier family 7 (cationic amino acid transporter, y+ system), member 2) LPS macrophage	s_8540c21c	2026-09-25T13:15:58Z	37	PMC6543837	Macrophage Polarization: Different Gene Signatures in M1(LPS+) vs. Classically and M2(LPS–) vs. Alternatively Activated Macrophages	yes	ok
Slc7a2	Slc7a2 (solute carrier family 7 (cationic amino acid transporter, y+ system), member 2) LPS macrophage	s_8540c21c	2026-09-25T13:15:58Z	38	PMC10998134	Targeting SLC22A5 fosters mitophagy inhibition-mediated macrophage immunity against septic acute kidney injury upon CD47-SIRPα axis blockade	no	ok
Slc7a2	Slc7a2 (solute carrier family 7 (cationic amino acid transporter, y+ system), member 2) LPS macrophage	s_8540c21c	2026-09-25T13:15:58Z	39	PMC4778050	Age-associated metabolic dysregulation in bone marrow-derived macrophages stimulated with lipopolysaccharide	yes	ok
Slc7a2	Slc7a2 (solute carrier family 7 (cationic amino acid transporter, y+ system), member 2) LPS macrophage	s_8540c21c	2026-09-25T13:15:58Z	40	bio_761ce1f96d2a	The cationic amino acid exporter Slc7a7 is vital for and induced in tissue macrophages with sustained efferocytic activity	no	ok
Slc7a2	Slc7a2 (solute carrier family 7 (cationic amino acid transporter, y+ system), member 2) LPS macrophage	s_8540c21c	2026-09-25T13:15:58Z	41	PMC13193715	Lipopolysaccharide stimulates dynamic changes in B cell metabolism to promote proliferation	no	ok
Slc7a2	Slc7a2 (solute carrier family 7 (cationic amino acid transporter, y+ system), member 2) LPS macrophage	s_8540c21c	2026-09-25T13:15:58Z	42	PMC5724256	Metal transporter Slc39a10 regulates susceptibility to inflammatory stimuli by controlling macrophage survival	no	ok
Slc7a2	Slc7a2 (solute carrier family 7 (cationic amino acid transporter, y+ system), member 2) LPS macrophage	s_8540c21c	2026-09-25T13:15:58Z	43	PMC3660024	Comparative Study of The Effect of LPS on The Function of BALB/c and C57BL/6 Peritoneal Macrophages	no	ok
Slc7a2	Slc7a2 (solute carrier family 7 (cationic amino acid transporter, y+ system), member 2) LPS macrophage	s_8540c21c	2026-09-25T13:15:58Z	44	PMC5081186	The L-Arginine Transporter Solute Carrier Family 7 Member 2 Mediates the Immunopathogenesis of Attaching and Effacing Bacteria	yes	ok
Slc7a2	Slc7a2 (solute carrier family 7 (cationic amino acid transporter, y+ system), member 2) LPS macrophage	s_8540c21c	2026-09-25T13:15:58Z	45	PMC7918892	LPS Tolerance Inhibits Cellular Respiration and Induces Global Changes in the Macrophage Secretome	no	ok
Slc7a2	Slc7a2 (solute carrier family 7 (cationic amino acid transporter, y+ system), member 2) LPS macrophage	s_8540c21c	2026-09-25T13:15:58Z	46	PMC7379312	Histone deacetylase 2 is essential for LPS‐induced inflammatory responses in macrophages	no	ok
Slc7a2	Slc7a2 (solute carrier family 7 (cationic amino acid transporter, y+ system), member 2) LPS macrophage	s_8540c21c	2026-09-25T13:15:58Z	47	bio_1a9f83e66ed3	LPCAT2 Regulates CD14 Expression During Macrophage Inflammatory Response to E. coli O111:B4	no	ok
Slc7a2	Slc7a2 (solute carrier family 7 (cationic amino acid transporter, y+ system), member 2) LPS macrophage	s_8540c21c	2026-09-25T13:15:58Z	48	PMC11044785	Study on the Role and Mechanism of SLC3A2 in Tumor-Associated Macrophage Polarization and Bladder Cancer Cells Growth	no	ok
Slc7a2	Slc7a2 (solute carrier family 7 (cationic amino acid transporter, y+ system), member 2) LPS macrophage	s_8540c21c	2026-09-25T13:15:58Z	49	PMC4905593	Expression Profiling of LPS Responsive miRNA in Primary Human Macrophages	no	ok
Slc7a2	Slc7a2 (solute carrier family 7 (cationic amino acid transporter, y+ system), member 2) LPS macrophage	s_8540c21c	2026-09-25T13:15:58Z	50	PMC9368968	Hypoxia Aggravates Inhibition of Alveolar Epithelial Na-Transport by Lipopolysaccharide-Stimulation of Alveolar Macrophages	no	ok
Tnfsf15	Tnfsf15 (tumor necrosis factor (ligand) superfamily, member 15) LPS macrophage	s_ab812b0b	2026-09-25T13:16:52Z	1	PMC7689184	TNFSF15 Promotes Antimicrobial Pathways in Human Macrophages and These Are Modulated by TNFSF15 Disease-Risk Variants	no	ok
Tnfsf15	Tnfsf15 (tumor necrosis factor (ligand) superfamily, member 15) LPS macrophage	s_ab812b0b	2026-09-25T13:16:52Z	2	PMC8812784	TNFSF15 facilitates differentiation and polarization of macrophages toward M1 phenotype to inhibit tumor growth	no	ok
Tnfsf15	Tnfsf15 (tumor necrosis factor (ligand) superfamily, member 15) LPS macrophage	s_ab812b0b	2026-09-25T13:16:52Z	3	PMC6543837	Macrophage Polarization: Different Gene Signatures in M1(LPS+) vs. Classically and M2(LPS–) vs. Alternatively Activated Macrophages	no	ok
Tnfsf15	Tnfsf15 (tumor necrosis factor (ligand) superfamily, member 15) LPS macrophage	s_ab812b0b	2026-09-25T13:16:52Z	4	PMC3431012	LITAF and TNFSF15, two downstream targets of AMPK, exert inhibitory effects on tumor growth	no	ok
Tnfsf15	Tnfsf15 (tumor necrosis factor (ligand) superfamily, member 15) LPS macrophage	s_ab812b0b	2026-09-25T13:16:52Z	5	PMC3959508	Identifying and testing candidate genetic polymorphisms in irritable bowel syndrome: association with TNFSF15 and tumor necrosis factor-α	no	ok
Tnfsf15	Tnfsf15 (tumor necrosis factor (ligand) superfamily, member 15) LPS macrophage	s_ab812b0b	2026-09-25T13:16:52Z	6	PMC12294962	Quantitative Proteomics Reveals Fh15 as an Antagonist of TLR4 Downregulating the Activation of NF-κB, Inducible Nitric Oxide, Phagosome Signaling Pathways, and Oxidative Stress of LPS-Stimulated Macrophages	no	ok
Tnfsf15	Tnfsf15 (tumor necrosis factor (ligand) superfamily, member 15) LPS macrophage	s_ab812b0b	2026-09-25T13:16:52Z	7	PMC6130856	Reduced monocyte and macrophage TNFSF15/TL1A expression is associated with susceptibility to inflammatory bowel disease	yes	ok
Tnfsf15	Tnfsf15 (tumor necrosis factor (ligand) superfamily, member 15) LPS macrophage	s_ab812b0b	2026-09-25T13:16:52Z	8	PMC9161903	Protective effect of growth differentiation factor 15 in sepsis by regulating macrophage polarization and its mechanism	no	ok
Tnfsf15	Tnfsf15 (tumor necrosis factor (ligand) superfamily, member 15) LPS macrophage	s_ab812b0b	2026-09-25T13:16:52Z	9	PMC6584785	Distinct Expression Patterns of Two Tumor Necrosis Factor Superfamily Member 15 Gene Isoforms in Human Colon Cancer	no	ok
Tnfsf15	Tnfsf15 (tumor necrosis factor (ligand) superfamily, member 15) LPS macrophage	s_ab812b0b	2026-09-25T13:16:52Z	10	PMC12872506	GDF15 orchestrates mitochondrial-immune crosstalk via SMAD7-HIF-1α-PKM2 cascade to attenuate septic liver injury	no	ok
Tnfsf15	Tnfsf15 (tumor necrosis factor (ligand) superfamily, member 15) LPS macrophage	s_ab812b0b	2026-09-25T13:16:52Z	11	PMC13372918	Lipopolysaccharide-mediated macrophage polarization, conserved pathogenesis, and implications for peripheral neuropathy: a systematic review	no	ok
Tnfsf15	Tnfsf15 (tumor necrosis factor (ligand) superfamily, member 15) LPS macrophage	s_ab812b0b	2026-09-25T13:16:52Z	12	PMC8155903	Differential mRNA and miRNA Profiles Reveal the Potential Roles of Genes and miRNAs Involved in LPS Infection in Chicken Macrophages	no	ok
Tnfsf15	Tnfsf15 (tumor necrosis factor (ligand) superfamily, member 15) LPS macrophage	s_ab812b0b	2026-09-25T13:16:52Z	13	PMC3333514	Monocyte normal immune response to LPS stimulation	no	ok
Tnfsf15	Tnfsf15 (tumor necrosis factor (ligand) superfamily, member 15) LPS macrophage	s_ab812b0b	2026-09-25T13:16:52Z	14	PMC5979423	Cytokine Expression and Macrophage Localization in Xenograft and Allograft Tumor Models Stimulated with Lipopolysaccharide	no	ok
Tnfsf15	Tnfsf15 (tumor necrosis factor (ligand) superfamily, member 15) LPS macrophage	s_ab812b0b	2026-09-25T13:16:52Z	15	PMC5954968	Tremella fuciformis Polysaccharides Attenuate Oxidative Stress and Inflammation in Macrophages through miR-155	no	ok
Tnfsf15	Tnfsf15 (tumor necrosis factor (ligand) superfamily, member 15) LPS macrophage	s_ab812b0b	2026-09-25T13:16:52Z	16	PMC9456100	Lipopolysaccharide from Porphyromonas gingivalis, but Not from Porphyromonas endodontalis, Induces Macrophage M1 Profile	no	ok
Tnfsf15	Tnfsf15 (tumor necrosis factor (ligand) superfamily, member 15) LPS macrophage	s_ab812b0b	2026-09-25T13:16:52Z	17	PMC9778199	Genetic and Epigenetic Etiology of Inflammatory Bowel Disease: An Update	no	ok
Tnfsf15	Tnfsf15 (tumor necrosis factor (ligand) superfamily, member 15) LPS macrophage	s_ab812b0b	2026-09-25T13:16:52Z	18	PMC8456026	The Clinical Value of GDF15 and Its Prospective Mechanism in Sepsis	no	ok
Tnfsf15	Tnfsf15 (tumor necrosis factor (ligand) superfamily, member 15) LPS macrophage	s_ab812b0b	2026-09-25T13:16:52Z	19	PMC5358891	Analysis of the human monocyte-derived macrophage transcriptome and response to lipopolysaccharide provides new insights into genetic aetiology of inflammatory bowel disease	yes	ok
Tnfsf15	Tnfsf15 (tumor necrosis factor (ligand) superfamily, member 15) LPS macrophage	s_ab812b0b	2026-09-25T13:16:52Z	20	PMC11994614	Oral and transdermal administration of lipopolysaccharide safely enhances self-healing ability through the macrophage network	no	ok
Tnfsf15	Tnfsf15 (tumor necrosis factor (ligand) superfamily, member 15) LPS macrophage	s_ab812b0b	2026-09-25T13:16:52Z	21	PMC11242731	Macrophages as a Source and Target of GDF-15	no	ok
Tnfsf15	Tnfsf15 (tumor necrosis factor (ligand) superfamily, member 15) LPS macrophage	s_ab812b0b	2026-09-25T13:16:52Z	22	PMC1781469	Transcriptional profiling of the LPS induced NF-κB response in macrophages	no	ok
Tnfsf15	Tnfsf15 (tumor necrosis factor (ligand) superfamily, member 15) LPS macrophage	s_ab812b0b	2026-09-25T13:16:52Z	23	PMC5430818	Growth Differentiation Factor-15 Deficiency Augments Inflammatory Response and Exacerbates Septic Heart and Renal Injury Induced by Lipopolysaccharide	no	ok
Tnfsf15	Tnfsf15 (tumor necrosis factor (ligand) superfamily, member 15) LPS macrophage	s_ab812b0b	2026-09-25T13:16:52Z	24	PMC10690882	TNFSF15 facilitates the differentiation of CD11b+ myeloid cells into vascular pericytes in tumors	no	ok
Tnfsf15	Tnfsf15 (tumor necrosis factor (ligand) superfamily, member 15) LPS macrophage	s_ab812b0b	2026-09-25T13:16:52Z	25	PMC6384511	Role of TNFSF15 in the intestinal inflammatory response	no	ok
Tnfsf15	Tnfsf15 (tumor necrosis factor (ligand) superfamily, member 15) LPS macrophage	s_ab812b0b	2026-09-25T13:16:52Z	26	PMC4287025	Tumor Necrosis Factor-Superfamily 15 Gene Expression in Patients with Sickle Cell Disease	no	ok
Tnfsf15	Tnfsf15 (tumor necrosis factor (ligand) superfamily, member 15) LPS macrophage	s_ab812b0b	2026-09-25T13:16:52Z	27	PMC11036887	Identification of a distinct cluster of GDF15high macrophages induced by in vitro differentiation exhibiting anti-inflammatory activities	no	ok
Tnfsf15	Tnfsf15 (tumor necrosis factor (ligand) superfamily, member 15) LPS macrophage	s_ab812b0b	2026-09-25T13:16:52Z	28	PMC3892557	CD14 Mediates Binding of High Doses of LPS but Is Dispensable for TNF-α Production	no	ok
Tnfsf15	Tnfsf15 (tumor necrosis factor (ligand) superfamily, member 15) LPS macrophage	s_ab812b0b	2026-09-25T13:16:52Z	29	PMC8226254	P23 Acts as Functional RBP in the Macrophage Inflammation Response	no	ok
Tnfsf15	Tnfsf15 (tumor necrosis factor (ligand) superfamily, member 15) LPS macrophage	s_ab812b0b	2026-09-25T13:16:52Z	30	PMC4682375	Investigation of microRNAs in mouse macrophage responses to lipopolysaccharide-stimulation by combining gene expression with microRNA-target information	no	ok
Tnfsf15	Tnfsf15 (tumor necrosis factor (ligand) superfamily, member 15) LPS macrophage	s_ab812b0b	2026-09-25T13:16:52Z	31	PMC7275413	Progranulin inhibits LPS-induced macrophage M1 polarization via NF-кB and MAPK pathways	no	ok
Tnfsf15	Tnfsf15 (tumor necrosis factor (ligand) superfamily, member 15) LPS macrophage	s_ab812b0b	2026-09-25T13:16:52Z	32	PMC7783384	Editorial: The Tumor Necrosis Factor Superfamily: An Increasing Role in Breast Cancer	no	ok
Tnfsf15	Tnfsf15 (tumor necrosis factor (ligand) superfamily, member 15) LPS macrophage	s_ab812b0b	2026-09-25T13:16:52Z	33	bio_7e979bb46c52	Identification of a distinct cluster of GDF15 high  macrophages exhibiting anti-inflammatory activities	no	ok
Tnfsf15	Tnfsf15 (tumor necrosis factor (ligand) superfamily, member 15) LPS macrophage	s_ab812b0b	2026-09-25T13:16:52Z	34	PMC6085396	Counterbalance: modulation of VEGF/VEGFR activities by TNFSF15	no	ok
Tnfsf15	Tnfsf15 (tumor necrosis factor (ligand) superfamily, member 15) LPS macrophage	s_ab812b0b	2026-09-25T13:16:52Z	35	PMC6113425	Tumor necrosis factor superfamily 15 promotes lymphatic metastasis via upregulation of vascular endothelial growth factor‐C in a mouse model of lung cancer	no	ok
Tnfsf15	Tnfsf15 (tumor necrosis factor (ligand) superfamily, member 15) LPS macrophage	s_ab812b0b	2026-09-25T13:16:52Z	36	PMC5627409	Selection of reliable reference genes for the normalisation of gene expression levels following time course LPS stimulation of murine bone marrow derived macrophages	no	ok
Tnfsf15	Tnfsf15 (tumor necrosis factor (ligand) superfamily, member 15) LPS macrophage	s_ab812b0b	2026-09-25T13:16:52Z	37	PMC6909656	Role and mechanism of miR-144-5p in LPS-induced macrophages	no	ok
Tnfsf15	Tnfsf15 (tumor necrosis factor (ligand) superfamily, member 15) LPS macrophage	s_ab812b0b	2026-09-25T13:16:52Z	38	PMC7086208	microRNA-15a-5p participates in sepsis by regulating the inflammatory response of macrophages and targeting TNIP2	no	ok
Tnfsf15	Tnfsf15 (tumor necrosis factor (ligand) superfamily, member 15) LPS macrophage	s_ab812b0b	2026-09-25T13:16:52Z	39	PMC10053297	Interleukins, Chemokines, and Tumor Necrosis Factor Superfamily Ligands in the Pathogenesis of West Nile Virus Infection	no	ok
Tnfsf15	Tnfsf15 (tumor necrosis factor (ligand) superfamily, member 15) LPS macrophage	s_ab812b0b	2026-09-25T13:16:52Z	40	PMC7084274	A Systematic Test of Receptor Binding Kinetics for Ligands in Tumor Necrosis Factor Superfamily by Computational Simulations	no	ok
Tnfsf15	Tnfsf15 (tumor necrosis factor (ligand) superfamily, member 15) LPS macrophage	s_ab812b0b	2026-09-25T13:16:52Z	41	PMC3693168	Targeting of the Tumor Necrosis Factor Receptor Superfamily for Cancer Immunotherapy	no	ok
Tnfsf15	Tnfsf15 (tumor necrosis factor (ligand) superfamily, member 15) LPS macrophage	s_ab812b0b	2026-09-25T13:16:52Z	42	PMC10949775	Lipopolysaccharide regulation of antiinflammatory tristetraprolin family and proinflammatory gene expression in mouse macrophages	no	ok
Tnfsf15	Tnfsf15 (tumor necrosis factor (ligand) superfamily, member 15) LPS macrophage	s_ab812b0b	2026-09-25T13:16:52Z	43	PMC10750081	CD163 protein inhibits lipopolysaccharide-induced macrophage transformation from M2 to M1 involved in disruption of the TWEAK–Fn14 interaction	no	ok
Tnfsf15	Tnfsf15 (tumor necrosis factor (ligand) superfamily, member 15) LPS macrophage	s_ab812b0b	2026-09-25T13:16:52Z	44	PMC6144854	Effect of Human Umbilical Vein Endothelial Cells on Immune Responses of Lipopolysaccharide-Induced THP1 Macrophages	no	ok
Tnfsf15	Tnfsf15 (tumor necrosis factor (ligand) superfamily, member 15) LPS macrophage	s_ab812b0b	2026-09-25T13:16:52Z	45	PMC4905593	Expression Profiling of LPS Responsive miRNA in Primary Human Macrophages	no	ok
Tnfsf15	Tnfsf15 (tumor necrosis factor (ligand) superfamily, member 15) LPS macrophage	s_ab812b0b	2026-09-25T13:16:52Z	46	PMC2118106	Essential roles of DC-derived IL-15 as a mediator of inflammatory responses in vivo	no	ok
Tnfsf15	Tnfsf15 (tumor necrosis factor (ligand) superfamily, member 15) LPS macrophage	s_ab812b0b	2026-09-25T13:16:52Z	47	PMC8215224	Growth differentiation factor 15 neutralization does not impact anorexia or survival in lipopolysaccharide-induced inflammation	no	ok
Tnfsf15	Tnfsf15 (tumor necrosis factor (ligand) superfamily, member 15) LPS macrophage	s_ab812b0b	2026-09-25T13:16:52Z	48	PMC10068263	LPS inhibits TRIM65 expression in macrophages and C57BL/6J mouse by activating the ERK1/2 signaling pathway	no	ok
Tnfsf15	Tnfsf15 (tumor necrosis factor (ligand) superfamily, member 15) LPS macrophage	s_ab812b0b	2026-09-25T13:16:52Z	49	PMC4068643	Differential effect of alcohol on TNFα receptor II production in the presence of LPS challenge ex vivo	no	ok
Tnfsf15	Tnfsf15 (tumor necrosis factor (ligand) superfamily, member 15) LPS macrophage	s_ab812b0b	2026-09-25T13:16:52Z	50	PMC13205754	Context‐Dependent Role of GDF15: GDF15+ Tumor‐Associated Macrophages Suppress OSCC Progression by Enhancing Phagocytosis	no	ok
Hdc	Hdc (histidine decarboxylase) LPS macrophage	s_a8aaa684	2026-09-25T13:16:55Z	1	PMC7379312	Histone deacetylase 2 is essential for LPS‐induced inflammatory responses in macrophages	no	ok
Hdc	Hdc (histidine decarboxylase) LPS macrophage	s_a8aaa684	2026-09-25T13:16:55Z	2	PMC6359123	Histone Deacetylation Inhibitors as Therapy Concept in Sepsis	no	ok
Hdc	Hdc (histidine decarboxylase) LPS macrophage	s_a8aaa684	2026-09-25T13:16:55Z	3	PMC4199742	HDAC6 Deacetylase Activity Is Critical for Lipopolysaccharide-Induced Activation of Macrophages	no	ok
Hdc	Hdc (histidine decarboxylase) LPS macrophage	s_a8aaa684	2026-09-25T13:16:55Z	4	PMC11221109	Myeloid-specific Hdac10 deletion protects against LPS-induced acute lung injury via P62 acetylation at lysine 165	no	ok
Hdc	Hdc (histidine decarboxylase) LPS macrophage	s_a8aaa684	2026-09-25T13:16:55Z	5	PMC13493966	Sympathetic signaling activation alleviated acute respiratory distress syndrome via the HDC/SLC7A11 axis in lipopolysaccharide-induced macrophages	yes	ok
Hdc	Hdc (histidine decarboxylase) LPS macrophage	s_a8aaa684	2026-09-25T13:16:55Z	6	PMC10096759	Inhibitory Effects of Ginsenoside Compound K on Lipopolysaccharide-Stimulated Inflammatory Responses in Macrophages by Regulating Sirtuin 1 and Histone Deacetylase 4	no	ok
Hdc	Hdc (histidine decarboxylase) LPS macrophage	s_a8aaa684	2026-09-25T13:16:55Z	7	PMC5763578	Histone deacetylase 2 (HDAC2) attenuates lipopolysaccharide (LPS)-induced inflammation by regulating PAI-1 expression	no	ok
Hdc	Hdc (histidine decarboxylase) LPS macrophage	s_a8aaa684	2026-09-25T13:16:55Z	8	PMC7573361	HDAC3 Mediates the Inflammatory Response and LPS Tolerance in Human Monocytes and Macrophages	no	ok
Hdc	Hdc (histidine decarboxylase) LPS macrophage	s_a8aaa684	2026-09-25T13:16:55Z	9	PMC6821885	Lipopolysaccharide-induced expansion of histidine decarboxylase-expressing Ly6G+ myeloid cells identified by exploiting histidine decarboxylase BAC-GFP transgenic mice	yes	ok
Hdc	Hdc (histidine decarboxylase) LPS macrophage	s_a8aaa684	2026-09-25T13:16:55Z	10	PMC7497259	Histamine and histidine decarboxylase: Immunomodulatory functions and regulatory mechanisms	no	ok
Hdc	Hdc (histidine decarboxylase) LPS macrophage	s_a8aaa684	2026-09-25T13:16:55Z	11	PMC7725280	Dichotomous Engagement of HDAC3 Activity Governs Inflammatory Responses	no	ok
Hdc	Hdc (histidine decarboxylase) LPS macrophage	s_a8aaa684	2026-09-25T13:16:55Z	12	PMC12539210	Histone deacetylase 7 mediates lipopolysaccharide-inducible mitochondrial fission in macrophages	no	ok
Hdc	Hdc (histidine decarboxylase) LPS macrophage	s_a8aaa684	2026-09-25T13:16:55Z	13	PMC10316655	HDAC3 promotes macrophage pyroptosis via regulating histone deacetylation in acute lung injury	no	ok
Hdc	Hdc (histidine decarboxylase) LPS macrophage	s_a8aaa684	2026-09-25T13:16:55Z	14	PMC2588973	The regulation of histidine decarboxylase gene expression.	no	ok
Hdc	Hdc (histidine decarboxylase) LPS macrophage	s_a8aaa684	2026-09-25T13:16:55Z	15	PMC4568921	Histone deacetylase 5 regulates the inflammatory response of macrophages	no	ok
Hdc	Hdc (histidine decarboxylase) LPS macrophage	s_a8aaa684	2026-09-25T13:16:55Z	16	PMC9672892	Histamine Signaling Is Essential for Tissue Macrophage Differentiation and Suppression of Bacterial Overgrowth in the Stomach	no	ok
Hdc	Hdc (histidine decarboxylase) LPS macrophage	s_a8aaa684	2026-09-25T13:16:55Z	17	PMC10682073	Role of histamine-mediated macrophage differentiation in clearance of metastatic bacterial infection	no	ok
Hdc	Hdc (histidine decarboxylase) LPS macrophage	s_a8aaa684	2026-09-25T13:16:55Z	18	PMC12395717	HDAC2 mediates the activation of macrophage in sepsis induced lung injury via regulating the acetylation of SOX2 and the transcription of STAMP2	no	ok
Hdc	Hdc (histidine decarboxylase) LPS macrophage	s_a8aaa684	2026-09-25T13:16:55Z	19	PMC5535887	The Novel HDAC8 Inhibitor WK2-16 Attenuates Lipopolysaccharide-Activated Matrix Metalloproteinase-9 Expression in Human Monocytic Cells and Improves Hypercytokinemia In Vivo	no	ok
Hdc	Hdc (histidine decarboxylase) LPS macrophage	s_a8aaa684	2026-09-25T13:16:55Z	20	PMC6830127	Targeting Histone Deacetylases in Myeloid Cells Inhibits Their Maturation and Inflammatory Function With Limited Effects on Atherosclerosis	no	ok
Hdc	Hdc (histidine decarboxylase) LPS macrophage	s_a8aaa684	2026-09-25T13:16:55Z	21	PMC12925555	HDAC1 and SATB1 positively regulate immune responses in chicken macrophages	no	ok
Hdc	Hdc (histidine decarboxylase) LPS macrophage	s_a8aaa684	2026-09-25T13:16:55Z	22	PMC7730296	Anti-Allergic Potential of Cinnamaldehyde via the Inhibitory Effect of Histidine Decarboxylase (HDC) Producing Klebsiella pneumonia	no	ok
Hdc	Hdc (histidine decarboxylase) LPS macrophage	s_a8aaa684	2026-09-25T13:16:55Z	23	PMC8358884	Histone deacetylase 9 deficiency exaggerates uterine M2 macrophage polarization	no	ok
Hdc	Hdc (histidine decarboxylase) LPS macrophage	s_a8aaa684	2026-09-25T13:16:55Z	24	PMC12035888	HDC/histamine Signaling Axis Drives Macrophage Reprogramming to Promote Angiogenesis in Hindlimb-Ischemic Mice	no	ok
Hdc	Hdc (histidine decarboxylase) LPS macrophage	s_a8aaa684	2026-09-25T13:16:55Z	25	PMC6026695	Degradation of histone deacetylase 4 via the TLR4/JAK/STAT1 signaling pathway promotes the acetylation of high mobility group box 1 (HMGB1) in lipopolysaccharide‐activated macrophages	no	ok
Hdc	Hdc (histidine decarboxylase) LPS macrophage	s_a8aaa684	2026-09-25T13:16:55Z	26	PMC6543837	Macrophage Polarization: Different Gene Signatures in M1(LPS+) vs. Classically and M2(LPS–) vs. Alternatively Activated Macrophages	no	ok
Hdc	Hdc (histidine decarboxylase) LPS macrophage	s_a8aaa684	2026-09-25T13:16:55Z	27	PMC8469135	LSD1 Facilitates Pro-Inflammatory Polarization of Macrophages by Repressing Catalase	no	ok
Hdc	Hdc (histidine decarboxylase) LPS macrophage	s_a8aaa684	2026-09-25T13:16:55Z	28	PMC6359378	Expression of Histidine Decarboxylase and Its Roles in Inflammation	yes	ok
Hdc	Hdc (histidine decarboxylase) LPS macrophage	s_a8aaa684	2026-09-25T13:16:55Z	29	PMC2949756	Motif prediction to distinguish LPS-stimulated pro-inflammatory vs. antibacterial macrophage genes	no	ok
Hdc	Hdc (histidine decarboxylase) LPS macrophage	s_a8aaa684	2026-09-25T13:16:55Z	30	PMC9793254	Beyond Regulation of Acid Secretion: A Novel Role for Histamine in Gastric Macrophage Differentiation and Function	no	ok
Hdc	Hdc (histidine decarboxylase) LPS macrophage	s_a8aaa684	2026-09-25T13:16:55Z	31	PMC6019440	Molecular Regulation of Histamine Synthesis	no	ok
Hdc	Hdc (histidine decarboxylase) LPS macrophage	s_a8aaa684	2026-09-25T13:16:55Z	32	PMC13217679	HDAC6 inhibition reprograms endothelial and macrophage responses to protect the lung in endotoxemia	no	ok
Hdc	Hdc (histidine decarboxylase) LPS macrophage	s_a8aaa684	2026-09-25T13:16:55Z	33	PMC10514323	The arginase 1/ornithine decarboxylase pathway suppresses HDAC3 to ameliorate the myeloid cell inflammatory response: implications for retinal ischemic injury	no	ok
Hdc	Hdc (histidine decarboxylase) LPS macrophage	s_a8aaa684	2026-09-25T13:16:55Z	34	PMC7468378	HDAC6 Mediates Macrophage iNOS Expression and Excessive Nitric Oxide Production in the Blood During Endotoxemia	no	ok
Hdc	Hdc (histidine decarboxylase) LPS macrophage	s_a8aaa684	2026-09-25T13:16:55Z	35	PMC3037517	Molecular biology of histidine decarboxylase and prostaglandin receptors	no	ok
Hdc	Hdc (histidine decarboxylase) LPS macrophage	s_a8aaa684	2026-09-25T13:16:55Z	36	PMC7286781	Biliary damage and liver fibrosis are ameliorated in a novel mouse model lacking l-histidine decarboxylase/histamine signaling	no	ok
Hdc	Hdc (histidine decarboxylase) LPS macrophage	s_a8aaa684	2026-09-25T13:16:55Z	37	PMC11690927	EFFECTS OF HDC-KNOCKOUT ON MITOCHONDRIAL FUNCTION AND SKELETAL MUSCLE IN BALB/C MICE	no	ok
Hdc	Hdc (histidine decarboxylase) LPS macrophage	s_a8aaa684	2026-09-25T13:16:55Z	38	PMC8933785	Role of histidine decarboxylase gene in the pathogenesis of Tourette syndrome	no	ok
Hdc	Hdc (histidine decarboxylase) LPS macrophage	s_a8aaa684	2026-09-25T13:16:55Z	39	PMC3285189	Histamine Derived from Probiotic Lactobacillus reuteri Suppresses TNF via Modulation of PKA and ERK Signaling	no	ok
Hdc	Hdc (histidine decarboxylase) LPS macrophage	s_a8aaa684	2026-09-25T13:16:55Z	40	PMC7218666	Histone hyperacetylation mediates enhanced IL‐1β production in LPS/IFN‐γ‐stimulated macrophages	no	ok
Hdc	Hdc (histidine decarboxylase) LPS macrophage	s_a8aaa684	2026-09-25T13:16:55Z	41	PMC8345949	Histatin-1 Attenuates LPS-Induced Inflammatory Signaling in RAW264.7 Macrophages	no	ok
Hdc	Hdc (histidine decarboxylase) LPS macrophage	s_a8aaa684	2026-09-25T13:16:55Z	42	PMC11439662	Aconitate decarboxylase 1 mediates the acute airway inflammatory response to environmental exposures	no	ok
Hdc	Hdc (histidine decarboxylase) LPS macrophage	s_a8aaa684	2026-09-25T13:16:55Z	43	PMC10392760	Histone deacetylase 3 regulates microglial function through histone deacetylation	no	ok
Hdc	Hdc (histidine decarboxylase) LPS macrophage	s_a8aaa684	2026-09-25T13:16:55Z	44	bio_b718d2686c27	The  Hdc  GC box is critical for  Hdc  gene transcription and histamine-mediated anaphylaxis	no	ok
Hdc	Hdc (histidine decarboxylase) LPS macrophage	s_a8aaa684	2026-09-25T13:16:55Z	45	PMC7918892	LPS Tolerance Inhibits Cellular Respiration and Induces Global Changes in the Macrophage Secretome	no	ok
Hdc	Hdc (histidine decarboxylase) LPS macrophage	s_a8aaa684	2026-09-25T13:16:55Z	46	PMC12748187	LPS mediates cuproptosis and inflammation in THP-1 macrophages through HKDC1	no	ok
Hdc	Hdc (histidine decarboxylase) LPS macrophage	s_a8aaa684	2026-09-25T13:16:55Z	47	PMC10435362	Knockdown of histone deacetylase 9 attenuates sepsis-induced myocardial injury and inflammatory response	no	ok
Hdc	Hdc (histidine decarboxylase) LPS macrophage	s_a8aaa684	2026-09-25T13:16:55Z	48	PMC2578993	Control of histidine decarboxylase gene expression in enterochromaffin-like cells.	no	ok
Hdc	Hdc (histidine decarboxylase) LPS macrophage	s_a8aaa684	2026-09-25T13:16:55Z	49	PMC4030071	The synergistic effect of homocysteine and lipopolysaccharide on the differentiation and conversion of raw264.7 macrophages	no	ok
Hdc	Hdc (histidine decarboxylase) LPS macrophage	s_a8aaa684	2026-09-25T13:16:55Z	50	PMC4023951	Associations of Polymorphisms in Histidine Decarboxylase, Histamine N-Methyltransferase and Histamine Receptor H3 Genes with Breast Cancer	no	ok
Tarm1	Tarm1 (T cell-interacting, activating receptor on myeloid cells 1) LPS macrophage	s_6208592b	2026-09-25T13:16:55Z	1	PMC11702950	Macrophage autophagy protects against acute kidney injury by inhibiting renal inflammation through the degradation of TARM1	yes	ok
Tarm1	Tarm1 (T cell-interacting, activating receptor on myeloid cells 1) LPS macrophage	s_6208592b	2026-09-25T13:16:55Z	2	PMC12608911	Triggering Receptor Expressed on Myeloid Cells-1 (TREM-1) in Inflammation and Disease: Mechanisms, Therapeutic Potential, and Future Directions	no	ok
Tarm1	Tarm1 (T cell-interacting, activating receptor on myeloid cells 1) LPS macrophage	s_6208592b	2026-09-25T13:16:55Z	3	PMC2394514	Expression analysis of G Protein-Coupled Receptors in mouse macrophages	no	ok
Tarm1	Tarm1 (T cell-interacting, activating receptor on myeloid cells 1) LPS macrophage	s_6208592b	2026-09-25T13:16:55Z	4	PMC7053374	Corrigendum: Macrophage Polarization: Different Gene Signatures in M1(LPS+) vs. Classically and M2(LPS–) vs. Alternatively Activated Macrophages	no	ok
Tarm1	Tarm1 (T cell-interacting, activating receptor on myeloid cells 1) LPS macrophage	s_6208592b	2026-09-25T13:16:55Z	5	PMC6543837	Macrophage Polarization: Different Gene Signatures in M1(LPS+) vs. Classically and M2(LPS–) vs. Alternatively Activated Macrophages	no	ok
Tarm1	Tarm1 (T cell-interacting, activating receptor on myeloid cells 1) LPS macrophage	s_6208592b	2026-09-25T13:16:55Z	6	PMC5775731	Expression of Siglec-E Alters the Proteome of Lipopolysaccharide (LPS)-Activated Macrophages but Does Not Affect LPS-Driven Cytokine Production or Toll-Like Receptor 4 Endocytosis	no	ok
Tarm1	Tarm1 (T cell-interacting, activating receptor on myeloid cells 1) LPS macrophage	s_6208592b	2026-09-25T13:16:55Z	7	PMC13096691	Physical exercise mitigates chronic psychological stress‐induced vascular inflammation via the BDNF–Kif4–TARM1 axis	no	ok
Tarm1	Tarm1 (T cell-interacting, activating receptor on myeloid cells 1) LPS macrophage	s_6208592b	2026-09-25T13:16:55Z	8	PMC7026307	Commentary: Triggering Receptor Expressed on Myeloid Cells-1 Inhibitor Targeted to Endothelium Decreases Cell Activation	no	ok
Tarm1	Tarm1 (T cell-interacting, activating receptor on myeloid cells 1) LPS macrophage	s_6208592b	2026-09-25T13:16:55Z	9	PMC10653702	Gut microbiota and tumor-associated macrophages: potential in tumor diagnosis and treatment	no	ok
Tarm1	Tarm1 (T cell-interacting, activating receptor on myeloid cells 1) LPS macrophage	s_6208592b	2026-09-25T13:16:55Z	10	PMC13372918	Lipopolysaccharide-mediated macrophage polarization, conserved pathogenesis, and implications for peripheral neuropathy: a systematic review	no	ok
Tarm1	Tarm1 (T cell-interacting, activating receptor on myeloid cells 1) LPS macrophage	s_6208592b	2026-09-25T13:16:55Z	11	PMC10167635	Induction of unique macrophage subset by simultaneous stimulation with LPS and IL-4	no	ok
Tarm1	Tarm1 (T cell-interacting, activating receptor on myeloid cells 1) LPS macrophage	s_6208592b	2026-09-25T13:16:55Z	12	PMC3333514	Monocyte normal immune response to LPS stimulation	no	ok
Tarm1	Tarm1 (T cell-interacting, activating receptor on myeloid cells 1) LPS macrophage	s_6208592b	2026-09-25T13:16:55Z	13	PMC11994614	Oral and transdermal administration of lipopolysaccharide safely enhances self-healing ability through the macrophage network	no	ok
Tarm1	Tarm1 (T cell-interacting, activating receptor on myeloid cells 1) LPS macrophage	s_6208592b	2026-09-25T13:16:55Z	14	PMC9656053	A Global Picture of Molecular Changes Associated to LPS Treatment in THP-1 Derived Human Macrophages by Fourier Transform Infrared Microspectroscopy	no	ok
Tarm1	Tarm1 (T cell-interacting, activating receptor on myeloid cells 1) LPS macrophage	s_6208592b	2026-09-25T13:16:55Z	15	PMC4637344	A New Triggering Receptor Expressed on Myeloid Cells (TREM) Family Member, TLT-6, is Involved in Activation and Proliferation of Macrophages	no	ok
Tarm1	Tarm1 (T cell-interacting, activating receptor on myeloid cells 1) LPS macrophage	s_6208592b	2026-09-25T13:16:55Z	16	PMC9456100	Lipopolysaccharide from Porphyromonas gingivalis, but Not from Porphyromonas endodontalis, Induces Macrophage M1 Profile	no	ok
Tarm1	Tarm1 (T cell-interacting, activating receptor on myeloid cells 1) LPS macrophage	s_6208592b	2026-09-25T13:16:55Z	17	PMC6514734	TET1 Knockdown Inhibits Porphyromonas gingivalis LPS/IFN-γ-Induced M1 Macrophage Polarization through the NF-κB Pathway in THP-1 Cells	no	ok
Tarm1	Tarm1 (T cell-interacting, activating receptor on myeloid cells 1) LPS macrophage	s_6208592b	2026-09-25T13:16:55Z	18	PMC4695100	Hyperinflammation, T cells, and endotoxemia	no	ok
Tarm1	Tarm1 (T cell-interacting, activating receptor on myeloid cells 1) LPS macrophage	s_6208592b	2026-09-25T13:16:55Z	19	PMC7386301	Species-Specificity of Transcriptional Regulation and the Response to Lipopolysaccharide in Mammalian Macrophages	no	ok
Tarm1	Tarm1 (T cell-interacting, activating receptor on myeloid cells 1) LPS macrophage	s_6208592b	2026-09-25T13:16:55Z	20	PMC10091190	LPS combined with CD47mAb enhances the anti‑osteosarcoma ability of macrophages	no	ok
Tarm1	Tarm1 (T cell-interacting, activating receptor on myeloid cells 1) LPS macrophage	s_6208592b	2026-09-25T13:16:55Z	21	PMC6312652	Inhibition of Triggering Receptor Expressed on Myeloid Cells 1 Ameliorates Inflammation and Macrophage and Neutrophil Activation in Alcoholic Liver Disease in Mice	no	ok
Tarm1	Tarm1 (T cell-interacting, activating receptor on myeloid cells 1) LPS macrophage	s_6208592b	2026-09-25T13:16:55Z	22	PMC8289208	Lipopolysaccharide from biofilm-forming Pseudomonas aeruginosa PAO1 induces macrophage hyperinflammatory responses	no	ok
Tarm1	Tarm1 (T cell-interacting, activating receptor on myeloid cells 1) LPS macrophage	s_6208592b	2026-09-25T13:16:55Z	23	PMC6801141	TREM‐1 deficiency attenuates the inflammatory responses in LPS‐induced murine endometritis	no	ok
Tarm1	Tarm1 (T cell-interacting, activating receptor on myeloid cells 1) LPS macrophage	s_6208592b	2026-09-25T13:16:55Z	24	PMC6533032	Macrophage subsets exhibit distinct E. coli-LPS tolerisable cytokines associated with the negative regulators, IRAK-M and Tollip	no	ok
Tarm1	Tarm1 (T cell-interacting, activating receptor on myeloid cells 1) LPS macrophage	s_6208592b	2026-09-25T13:16:55Z	25	PMC10419197	Lipopolysaccharide Tolerance in Human Primary Monocytes and Polarized Macrophages	no	ok
Tarm1	Tarm1 (T cell-interacting, activating receptor on myeloid cells 1) LPS macrophage	s_6208592b	2026-09-25T13:16:55Z	26	PMC7997471	Imperatorin Interferes with LPS Binding to the TLR4 Co-Receptor and Activates the Nrf2 Antioxidative Pathway in RAW264.7 Murine Macrophage Cells	no	ok
Tarm1	Tarm1 (T cell-interacting, activating receptor on myeloid cells 1) LPS macrophage	s_6208592b	2026-09-25T13:16:55Z	27	PMC2234390	Ginger extract inhibits LPS induced macrophage activation and function	no	ok
Tarm1	Tarm1 (T cell-interacting, activating receptor on myeloid cells 1) LPS macrophage	s_6208592b	2026-09-25T13:16:55Z	28	PMC12589025	Disrupted macrophage autophagy as a driver of cell death and LPS-induced lethal shock in systemic inflammation	no	ok
Tarm1	Tarm1 (T cell-interacting, activating receptor on myeloid cells 1) LPS macrophage	s_6208592b	2026-09-25T13:16:55Z	29	PMC10160506	BushenHuoxue decoction suppresses M1 macrophage polarization and prevents LPS induced inflammatory bone loss by activating AMPK pathway	no	ok
Tarm1	Tarm1 (T cell-interacting, activating receptor on myeloid cells 1) LPS macrophage	s_6208592b	2026-09-25T13:16:55Z	30	PMC10947571	TLR4 phosphorylation at tyrosine 672 activates the ERK/c‐FOS signaling module for LPS‐induced cytokine responses in macrophages	no	ok
Tarm1	Tarm1 (T cell-interacting, activating receptor on myeloid cells 1) LPS macrophage	s_6208592b	2026-09-25T13:16:55Z	31	PMC3618444	Autocrine Regulation of Macrophage Activation via Exocytosis of ATP and Activation of P2Y11 Receptor	no	ok
Tarm1	Tarm1 (T cell-interacting, activating receptor on myeloid cells 1) LPS macrophage	s_6208592b	2026-09-25T13:16:55Z	32	PMC6909656	Role and mechanism of miR-144-5p in LPS-induced macrophages	no	ok
Tarm1	Tarm1 (T cell-interacting, activating receptor on myeloid cells 1) LPS macrophage	s_6208592b	2026-09-25T13:16:55Z	33	PMC2118489	LPS-induced down-regulation of signal regulatory protein α contributes to innate immune activation in macrophages	no	ok
Tarm1	Tarm1 (T cell-interacting, activating receptor on myeloid cells 1) LPS macrophage	s_6208592b	2026-09-25T13:16:55Z	34	PMC5960718	Toll-Like Receptors Drive Specific Patterns of Tolerance and Training on Restimulation of Macrophages	no	ok
Tarm1	Tarm1 (T cell-interacting, activating receptor on myeloid cells 1) LPS macrophage	s_6208592b	2026-09-25T13:16:55Z	35	PMC10750081	CD163 protein inhibits lipopolysaccharide-induced macrophage transformation from M2 to M1 involved in disruption of the TWEAK–Fn14 interaction	no	ok
Tarm1	Tarm1 (T cell-interacting, activating receptor on myeloid cells 1) LPS macrophage	s_6208592b	2026-09-25T13:16:55Z	36	PMC2211908	The Cell Surface Receptor SLAM Controls T Cell and Macrophage Functions	no	ok
Tarm1	Tarm1 (T cell-interacting, activating receptor on myeloid cells 1) LPS macrophage	s_6208592b	2026-09-25T13:16:55Z	37	PMC7809447	Ultra-purification of Lipopolysaccharides reveals species-specific signalling bias of TLR4: importance in macrophage function	no	ok
Tarm1	Tarm1 (T cell-interacting, activating receptor on myeloid cells 1) LPS macrophage	s_6208592b	2026-09-25T13:16:55Z	38	PMC6379471	Leukadherin-1-Mediated Activation of CD11b Inhibits LPS-Induced Pro-inflammatory Response in Macrophages and Protects Mice Against Endotoxic Shock by Blocking LPS-TLR4 Interaction	no	ok
Tarm1	Tarm1 (T cell-interacting, activating receptor on myeloid cells 1) LPS macrophage	s_6208592b	2026-09-25T13:16:55Z	39	PMC11401823	Tropomodulin1 exacerbates inflammatory response in macrophages by negatively regulating LPS-induced TLR4 endocytosis	no	ok
Tarm1	Tarm1 (T cell-interacting, activating receptor on myeloid cells 1) LPS macrophage	s_6208592b	2026-09-25T13:16:55Z	40	PMC11827804	The role of TREM2 in sepsis	no	ok
Tarm1	Tarm1 (T cell-interacting, activating receptor on myeloid cells 1) LPS macrophage	s_6208592b	2026-09-25T13:16:55Z	41	PMC9076897	Overabundance of Veillonella parvula promotes intestinal inflammation by activating macrophages via LPS-TLR4 pathway	no	ok
Tarm1	Tarm1 (T cell-interacting, activating receptor on myeloid cells 1) LPS macrophage	s_6208592b	2026-09-25T13:16:55Z	42	PMC10501887	LPS adsorption and inflammation alleviation by polymyxin B-modified liposomes for atherosclerosis treatment	no	ok
Tarm1	Tarm1 (T cell-interacting, activating receptor on myeloid cells 1) LPS macrophage	s_6208592b	2026-09-25T13:16:55Z	43	PMC7990916	Phagocytosis of microparticles increases responsiveness of macrophage-like cell lines U937 and THP-1 to bacterial lipopolysaccharide and lipopeptide	no	ok
Tarm1	Tarm1 (T cell-interacting, activating receptor on myeloid cells 1) LPS macrophage	s_6208592b	2026-09-25T13:16:55Z	44	PMC5594076	Regulation of Human Macrophage M1–M2 Polarization Balance by Hypoxia and the Triggering Receptor Expressed on Myeloid Cells-1	no	ok
Tarm1	Tarm1 (T cell-interacting, activating receptor on myeloid cells 1) LPS macrophage	s_6208592b	2026-09-25T13:16:55Z	45	PMC3988229	Activated Macrophage Survival Is Coordinated by TAK1 Binding Proteins	no	ok
Tarm1	Tarm1 (T cell-interacting, activating receptor on myeloid cells 1) LPS macrophage	s_6208592b	2026-09-25T13:16:55Z	46	PMC3525607	Macrophages mediate colon carcinoma cell adhesion in the rat liver after exposure to lipopolysaccharide	no	ok
Tarm1	Tarm1 (T cell-interacting, activating receptor on myeloid cells 1) LPS macrophage	s_6208592b	2026-09-25T13:16:55Z	47	PMC4112788	SOCS Proteins in Macrophage Polarization and Function	no	ok
Tarm1	Tarm1 (T cell-interacting, activating receptor on myeloid cells 1) LPS macrophage	s_6208592b	2026-09-25T13:16:55Z	48	PMC7986717	Functions for Retinoic Acid-Related Orphan Receptor Alpha (RORα) in the Activation of Macrophages During Lipopolysaccharide-Induced Septic Shock	no	ok
Tarm1	Tarm1 (T cell-interacting, activating receptor on myeloid cells 1) LPS macrophage	s_6208592b	2026-09-25T13:16:55Z	49	PMC13093997	Lipopolysaccharide suppresses lung metastasis by activating CD8+ T cells despite promoting effect via cancer-associated fibroblasts	no	ok
Tarm1	Tarm1 (T cell-interacting, activating receptor on myeloid cells 1) LPS macrophage	s_6208592b	2026-09-25T13:16:55Z	50	PMC7817350	Macrophage ICAM-1 functions as a regulator of phagocytosis in LPS induced endotoxemia	no	ok
Calhm6	Calhm6 (calcium homeostasis modulator family member 6) LPS macrophage	s_c2fc0cdd	2026-09-25T13:16:57Z	1	PMC12766987	Calhm6 Governs Macrophage Polarization Through Chp1‐Camk4‐Creb1 Axis and Ectosomal Delivery in Inflammatory Responses	yes	ok
Calhm6	Calhm6 (calcium homeostasis modulator family member 6) LPS macrophage	s_c2fc0cdd	2026-09-25T13:16:57Z	2	PMC4199742	HDAC6 Deacetylase Activity Is Critical for Lipopolysaccharide-Induced Activation of Macrophages	no	ok
Calhm6	Calhm6 (calcium homeostasis modulator family member 6) LPS macrophage	s_c2fc0cdd	2026-09-25T13:16:57Z	3	PMC6543837	Macrophage Polarization: Different Gene Signatures in M1(LPS+) vs. Classically and M2(LPS–) vs. Alternatively Activated Macrophages	no	ok
Calhm6	Calhm6 (calcium homeostasis modulator family member 6) LPS macrophage	s_c2fc0cdd	2026-09-25T13:16:57Z	4	PMC7053374	Corrigendum: Macrophage Polarization: Different Gene Signatures in M1(LPS+) vs. Classically and M2(LPS–) vs. Alternatively Activated Macrophages	no	ok
Calhm6	Calhm6 (calcium homeostasis modulator family member 6) LPS macrophage	s_c2fc0cdd	2026-09-25T13:16:57Z	5	PMC12130849	Macrophages release neuraminidase and cleaved calreticulin for programmed cell removal	no	ok
Calhm6	Calhm6 (calcium homeostasis modulator family member 6) LPS macrophage	s_c2fc0cdd	2026-09-25T13:16:57Z	6	PMC3953056	Epigenetic profile in lipopolysaccharide-stimulated macrophages	no	ok
Calhm6	Calhm6 (calcium homeostasis modulator family member 6) LPS macrophage	s_c2fc0cdd	2026-09-25T13:16:57Z	7	PMC10068325	The ion channel CALHM6 controls bacterial infection‐induced cellular cross‐talk at the immunological synapse	yes	ok
Calhm6	Calhm6 (calcium homeostasis modulator family member 6) LPS macrophage	s_c2fc0cdd	2026-09-25T13:16:57Z	8	PMC12308322	Store-operated calcium entry facilitates LPS-induced superoxide anion-dependent macrophage extracellular traps	no	ok
Calhm6	Calhm6 (calcium homeostasis modulator family member 6) LPS macrophage	s_c2fc0cdd	2026-09-25T13:16:57Z	9	PMC8591423	Resolving macrophage polarization through distinct Ca2+ entry channel that maintains intracellular signaling and mitochondrial bioenergetics	no	ok
Calhm6	Calhm6 (calcium homeostasis modulator family member 6) LPS macrophage	s_c2fc0cdd	2026-09-25T13:16:57Z	10	PMC5484384	Ionized calcium‐binding adaptor molecule 1 positive macrophages and HO‐1 up‐regulation in intestinal muscularis resident macrophages	no	ok
Calhm6	Calhm6 (calcium homeostasis modulator family member 6) LPS macrophage	s_c2fc0cdd	2026-09-25T13:16:57Z	11	PMC3333514	Monocyte normal immune response to LPS stimulation	no	ok
Calhm6	Calhm6 (calcium homeostasis modulator family member 6) LPS macrophage	s_c2fc0cdd	2026-09-25T13:16:57Z	12	PMC4904125	Inhibition of Extracellular Calcium Influx Results in Enhanced IL-12 Production in LPS-Treated Murine Macrophages by Downregulation of the CaMKKβ-AMPK-SIRT1 Signaling Pathway	no	ok
Calhm6	Calhm6 (calcium homeostasis modulator family member 6) LPS macrophage	s_c2fc0cdd	2026-09-25T13:16:57Z	13	PMC7015811	Structure and assembly of calcium homeostasis modulator proteins	no	ok
Calhm6	Calhm6 (calcium homeostasis modulator family member 6) LPS macrophage	s_c2fc0cdd	2026-09-25T13:16:57Z	14	PMC13383683	Correction to “Calhm6 Governs Macrophage Polarization Through Chp1‐Camk4‐Creb1 Axis and Ectosomal Delivery in Inflammatory Responses”	no	ok
Calhm6	Calhm6 (calcium homeostasis modulator family member 6) LPS macrophage	s_c2fc0cdd	2026-09-25T13:16:57Z	15	PMC8386937	Microglial Calhm2 regulates neuroinflammation and contributes to Alzheimer’s disease pathology	no	ok
Calhm6	Calhm6 (calcium homeostasis modulator family member 6) LPS macrophage	s_c2fc0cdd	2026-09-25T13:16:57Z	16	PMC9563021	Baicalin Modulates Inflammatory Response of Macrophages Activated by LPS via Calcium-CHOP Pathway	no	ok
Calhm6	Calhm6 (calcium homeostasis modulator family member 6) LPS macrophage	s_c2fc0cdd	2026-09-25T13:16:57Z	17	PMC10789631	CTRP6 promotes the macrophage inflammatory response, and its deficiency attenuates LPS-induced inflammation	no	ok
Calhm6	Calhm6 (calcium homeostasis modulator family member 6) LPS macrophage	s_c2fc0cdd	2026-09-25T13:16:57Z	18	PMC9916843	Moutan Cortex Extract Modulates Macrophage Activation via Lipopolysaccharide-Induced Calcium Signaling and ER Stress-CHOP Pathway	no	ok
Calhm6	Calhm6 (calcium homeostasis modulator family member 6) LPS macrophage	s_c2fc0cdd	2026-09-25T13:16:57Z	19	PMC7556292	miR-106a Targets Anoctamin 1 (ANO1) to Regulate Lipopolysaccharide (LPS)-Induced Inflammatory Response in Macrophages	no	ok
Calhm6	Calhm6 (calcium homeostasis modulator family member 6) LPS macrophage	s_c2fc0cdd	2026-09-25T13:16:57Z	20	PMC12032354	Dietary targeting of TRPM8 rewires macrophage immunometabolism reducing colitis severity	no	ok
Calhm6	Calhm6 (calcium homeostasis modulator family member 6) LPS macrophage	s_c2fc0cdd	2026-09-25T13:16:57Z	21	PMC9138386	Osteocalcin Alleviates Lipopolysaccharide-Induced Acute Inflammation via Activation of GPR37 in Macrophages	no	ok
Calhm6	Calhm6 (calcium homeostasis modulator family member 6) LPS macrophage	s_c2fc0cdd	2026-09-25T13:16:57Z	22	PMC5063294	Calcitonin Peptide Family Members Are Differentially Regulated by LPS and Inhibit Functions of Rat Alveolar NR8383 Macrophages	no	ok
Calhm6	Calhm6 (calcium homeostasis modulator family member 6) LPS macrophage	s_c2fc0cdd	2026-09-25T13:16:57Z	23	PMC10046163	Mitochondrial Calcium Nanoregulators Reverse the Macrophage Proinflammatory Phenotype Through Restoring Mitochondrial Calcium Homeostasis for the Treatment of Osteoarthritis	no	ok
Calhm6	Calhm6 (calcium homeostasis modulator family member 6) LPS macrophage	s_c2fc0cdd	2026-09-25T13:16:57Z	24	PMC5627409	Selection of reliable reference genes for the normalisation of gene expression levels following time course LPS stimulation of murine bone marrow derived macrophages	no	ok
Calhm6	Calhm6 (calcium homeostasis modulator family member 6) LPS macrophage	s_c2fc0cdd	2026-09-25T13:16:57Z	25	PMC13206805	Calcium Signaling in Macrophages During a Wound Response In Vivo	no	ok
Calhm6	Calhm6 (calcium homeostasis modulator family member 6) LPS macrophage	s_c2fc0cdd	2026-09-25T13:16:57Z	26	PMC10123955	CD169+ macrophage intrinsic IL-10 production regulates immune homeostasis during sepsis	no	ok
Calhm6	Calhm6 (calcium homeostasis modulator family member 6) LPS macrophage	s_c2fc0cdd	2026-09-25T13:16:57Z	27	bio_33eb46886cdf	Intracellular pools of DAG-activated TRPC3 channels are essential for TLR4 activation	no	ok
Calhm6	Calhm6 (calcium homeostasis modulator family member 6) LPS macrophage	s_c2fc0cdd	2026-09-25T13:16:57Z	28	PMC7518957	CD163 deficiency facilitates lipopolysaccharide‐induced inflammatory responses and endotoxin shock in mice	no	ok
Calhm6	Calhm6 (calcium homeostasis modulator family member 6) LPS macrophage	s_c2fc0cdd	2026-09-25T13:16:57Z	29	PMC10068263	LPS inhibits TRIM65 expression in macrophages and C57BL/6J mouse by activating the ERK1/2 signaling pathway	no	ok
Calhm6	Calhm6 (calcium homeostasis modulator family member 6) LPS macrophage	s_c2fc0cdd	2026-09-25T13:16:57Z	30	PMC7700618	Rubi Fructus Water Extract Alleviates LPS-Stimulated Macrophage Activation via an ER Stress-Induced Calcium/CHOP Signaling Pathway	no	ok
Calhm6	Calhm6 (calcium homeostasis modulator family member 6) LPS macrophage	s_c2fc0cdd	2026-09-25T13:16:57Z	31	PMC8629864	Lipin-1-derived diacylglycerol activates intracellular TRPC3 which is critical for inflammatory signaling	no	ok
Calhm6	Calhm6 (calcium homeostasis modulator family member 6) LPS macrophage	s_c2fc0cdd	2026-09-25T13:16:57Z	32	PMC11034434	Calcium trafficking and gastrointestinal physiology following an acute lipopolysaccharide challenge in pigs	no	ok
Calhm6	Calhm6 (calcium homeostasis modulator family member 6) LPS macrophage	s_c2fc0cdd	2026-09-25T13:16:57Z	33	PMC11724434	Efficacy of caerulomycin A in modulating macrophage polarization and cytokine response in a murine model of lipopolysaccharide-induced sepsis	no	ok
Calhm6	Calhm6 (calcium homeostasis modulator family member 6) LPS macrophage	s_c2fc0cdd	2026-09-25T13:16:57Z	34	PMC2196288	Lipopolysaccharide (LPS)-induced Macrophage Activation and Signal Transduction in the Absence of Src-Family Kinases Hck, Fgr, and Lyn	no	ok
Calhm6	Calhm6 (calcium homeostasis modulator family member 6) LPS macrophage	s_c2fc0cdd	2026-09-25T13:16:57Z	35	PMC4470529	Macrophage phenotype in sepsis immunosuppression	no	ok
Calhm6	Calhm6 (calcium homeostasis modulator family member 6) LPS macrophage	s_c2fc0cdd	2026-09-25T13:16:57Z	36	PMC12733035	Intracellular Calcium as a Regulator of Polarization and Target Reprogramming of Macrophages	no	ok
Calhm6	Calhm6 (calcium homeostasis modulator family member 6) LPS macrophage	s_c2fc0cdd	2026-09-25T13:16:57Z	37	PMC10855527	Alleviative Effect of Geniposide on Lipopolysaccharide-Stimulated Macrophages via Calcium Pathway	no	ok
Calhm6	Calhm6 (calcium homeostasis modulator family member 6) LPS macrophage	s_c2fc0cdd	2026-09-25T13:16:57Z	38	PMC11323635	Origin recognition complex subunit 6 (ORC6) is a key mediator of LPS-induced NFκB activation and the pro-inflammatory response	no	ok
Calhm6	Calhm6 (calcium homeostasis modulator family member 6) LPS macrophage	s_c2fc0cdd	2026-09-25T13:16:57Z	39	PMC6174824	M1 Macrophage Polarization Is Dependent on TRPC1-Mediated Calcium Entry	no	ok
Calhm6	Calhm6 (calcium homeostasis modulator family member 6) LPS macrophage	s_c2fc0cdd	2026-09-25T13:16:57Z	40	PMC10012172	Chimeric Peptidomimetic Antibiotic Efficiently Neutralizes Lipopolysaccharides (LPS) and Bacteria-Induced Activation of RAW Macrophages	no	ok
Calhm6	Calhm6 (calcium homeostasis modulator family member 6) LPS macrophage	s_c2fc0cdd	2026-09-25T13:16:57Z	41	PMC10484514	Lomerizine attenuates LPS-induced acute lung injury by inhibiting the macrophage activation through reducing Ca2+ influx	no	ok
Calhm6	Calhm6 (calcium homeostasis modulator family member 6) LPS macrophage	s_c2fc0cdd	2026-09-25T13:16:57Z	42	PMC11232647	LPS-induced senescence of macrophages aggravates calcification and senescence of vascular smooth muscle cells via IFITM3	no	ok
Calhm6	Calhm6 (calcium homeostasis modulator family member 6) LPS macrophage	s_c2fc0cdd	2026-09-25T13:16:57Z	43	PMC8405166	Lipocalin-2 Alleviates LPS-Induced Inflammation Through Alteration of Macrophage Properties	no	ok
Calhm6	Calhm6 (calcium homeostasis modulator family member 6) LPS macrophage	s_c2fc0cdd	2026-09-25T13:16:57Z	44	bio_3b6c80166e73	Nimodipine reduces microglial activation  in vitro  as evidenced by morphological phenotype, phagocytic activity and next generation RNA sequencing	no	ok
Calhm6	Calhm6 (calcium homeostasis modulator family member 6) LPS macrophage	s_c2fc0cdd	2026-09-25T13:16:57Z	45	PMC7439320	Cryo-EM structures of calcium homeostasis modulator channels in diverse oligomeric assemblies	no	ok
Calhm6	Calhm6 (calcium homeostasis modulator family member 6) LPS macrophage	s_c2fc0cdd	2026-09-25T13:16:57Z	46	PMC9718841	TRPC channels blockade abolishes endotoxemic cardiac dysfunction by hampering intracellular inflammation and Ca2+ leakage	no	ok
Calhm6	Calhm6 (calcium homeostasis modulator family member 6) LPS macrophage	s_c2fc0cdd	2026-09-25T13:16:57Z	47	PMC7439498	Cryo-EM structure of the calcium homeostasis modulator 1 channel	no	ok
Calhm6	Calhm6 (calcium homeostasis modulator family member 6) LPS macrophage	s_c2fc0cdd	2026-09-25T13:16:57Z	48	bio_206e5a356c66	Mathematical modelling of activation-induced heterogeneity reveals cell state transitions underpinning macrophage responses to LPS	no	ok
Calhm6	Calhm6 (calcium homeostasis modulator family member 6) LPS macrophage	s_c2fc0cdd	2026-09-25T13:16:57Z	49	PMC11519721	Protective effect of 6′-Sialyllactose on LPS-induced macrophage inflammation via regulating Nrf2-mediated oxidative stress and inflammatory signaling pathways	no	ok
Calhm6	Calhm6 (calcium homeostasis modulator family member 6) LPS macrophage	s_c2fc0cdd	2026-09-25T13:16:57Z	50	PMC4094426	Helminth Induced Suppression of Macrophage Activation Is Correlated with Inhibition of Calcium Channel Activity	no	ok
Rnd1	Rnd1 (Rho family GTPase 1) LPS macrophage	s_e616b180	2026-09-25T13:17:36Z	1	PMC9161769	Essential role of Rnd1 in innate immunity during viral and bacterial infections	yes	ok
Rnd1	Rnd1 (Rho family GTPase 1) LPS macrophage	s_e616b180	2026-09-25T13:17:36Z	2	PMC3420873	Rho GTPase Expression in Human Myeloid Cells	no	ok
Rnd1	Rnd1 (Rho family GTPase 1) LPS macrophage	s_e616b180	2026-09-25T13:17:36Z	3	PMC6696182	The RND1 Small GTPase: Main Functions and Emerging Role in Oncogenesis	no	ok
Rnd1	Rnd1 (Rho family GTPase 1) LPS macrophage	s_e616b180	2026-09-25T13:17:36Z	4	PMC4777421	Deletion of Rac1GTPase in the Myeloid Lineage Protects against Inflammation-Mediated Kidney Injury in Mice	no	ok
Rnd1	Rnd1 (Rho family GTPase 1) LPS macrophage	s_e616b180	2026-09-25T13:17:36Z	5	PMC2132722	A New Member of the Rho Family, Rnd1, Promotes Disassembly of Actin Filament Structures and Loss of Cell Adhesion	no	ok
Rnd1	Rnd1 (Rho family GTPase 1) LPS macrophage	s_e616b180	2026-09-25T13:17:36Z	6	PMC8575873	RvD1 accelerates the resolution of inflammation by promoting apoptosis of the recruited macrophages via the ALX/FasL-FasR/caspase-3 signaling pathway	no	ok
Rnd1	Rnd1 (Rho family GTPase 1) LPS macrophage	s_e616b180	2026-09-25T13:17:36Z	7	PMC3296313	Macrophage Migration and Its Regulation by CSF-1	no	ok
Rnd1	Rnd1 (Rho family GTPase 1) LPS macrophage	s_e616b180	2026-09-25T13:17:36Z	8	PMC9656053	A Global Picture of Molecular Changes Associated to LPS Treatment in THP-1 Derived Human Macrophages by Fourier Transform Infrared Microspectroscopy	no	ok
Rnd1	Rnd1 (Rho family GTPase 1) LPS macrophage	s_e616b180	2026-09-25T13:17:36Z	9	PMC3333514	Monocyte normal immune response to LPS stimulation	no	ok
Rnd1	Rnd1 (Rho family GTPase 1) LPS macrophage	s_e616b180	2026-09-25T13:17:36Z	10	PMC6531833	Data in support of Rap2a GTPase expression, activation and effects in LPS-mediated innate immune response and NF-κB activation	no	ok
Rnd1	Rnd1 (Rho family GTPase 1) LPS macrophage	s_e616b180	2026-09-25T13:17:36Z	11	PMC2196359	Mice Genetically Hyporesponsive to Lipopolysaccharide (LPS) Exhibit a Defect in Endocytic Uptake of LPS and Ceramide	no	ok
Rnd1	Rnd1 (Rho family GTPase 1) LPS macrophage	s_e616b180	2026-09-25T13:17:36Z	12	PMC7386301	Species-Specificity of Transcriptional Regulation and the Response to Lipopolysaccharide in Mammalian Macrophages	no	ok
Rnd1	Rnd1 (Rho family GTPase 1) LPS macrophage	s_e616b180	2026-09-25T13:17:36Z	13	PMC13199726	Exosomal miR-148a-3p from LPS-Activated Macrophages Promotes M1 Polarization and Ferroptosis-Related Characteristics of Recipient Macrophages by Reducing SLC7A11	no	ok
Rnd1	Rnd1 (Rho family GTPase 1) LPS macrophage	s_e616b180	2026-09-25T13:17:36Z	14	PMC12402336	Macrophages form dendrite-like pseudopods to enhance bacterial ingestion	no	ok
Rnd1	Rnd1 (Rho family GTPase 1) LPS macrophage	s_e616b180	2026-09-25T13:17:36Z	15	PMC5743190	Lipopolysaccharide-induced inflammation in monocytes/macrophages is blocked by liposomal delivery of Gi-protein inhibitor	no	ok
Rnd1	Rnd1 (Rho family GTPase 1) LPS macrophage	s_e616b180	2026-09-25T13:17:36Z	16	bio_206e5a356c66	Mathematical modelling of activation-induced heterogeneity reveals cell state transitions underpinning macrophage responses to LPS	no	ok
Rnd1	Rnd1 (Rho family GTPase 1) LPS macrophage	s_e616b180	2026-09-25T13:17:36Z	17	PMC9066768	Rho family GTPase 1 (RND1), a novel regulator of p53, enhances ferroptosis in glioblastoma	no	ok
Rnd1	Rnd1 (Rho family GTPase 1) LPS macrophage	s_e616b180	2026-09-25T13:17:36Z	18	PMC9456100	Lipopolysaccharide from Porphyromonas gingivalis, but Not from Porphyromonas endodontalis, Induces Macrophage M1 Profile	no	ok
Rnd1	Rnd1 (Rho family GTPase 1) LPS macrophage	s_e616b180	2026-09-25T13:17:36Z	19	PMC6909656	Role and mechanism of miR-144-5p in LPS-induced macrophages	no	ok
Rnd1	Rnd1 (Rho family GTPase 1) LPS macrophage	s_e616b180	2026-09-25T13:17:36Z	20	PMC3764041	Differential Regulation of Rab GTPase Expression in Monocyte-Derived Dendritic Cells upon Lipopolysaccharide Activation: A Correlation to Maturation-Dependent Functional Properties	no	ok
Rnd1	Rnd1 (Rho family GTPase 1) LPS macrophage	s_e616b180	2026-09-25T13:17:36Z	21	bio_eb0530776e54	Dynamic nucleosome redistribution and increases in nucleosome sensitivity underpin THP-1 macrophage response to LPS	no	ok
Rnd1	Rnd1 (Rho family GTPase 1) LPS macrophage	s_e616b180	2026-09-25T13:17:36Z	22	PMC10857877	RND3 Potentiates Proinflammatory Activation through NOTCH Signaling in Activated Macrophages	no	ok
Rnd1	Rnd1 (Rho family GTPase 1) LPS macrophage	s_e616b180	2026-09-25T13:17:36Z	23	PMC13398632	Lipopolysaccharide uptake is augmented in lipopolysaccharide‐tolerant mouse macrophage‐like cells via increased CD14 expression	no	ok
Rnd1	Rnd1 (Rho family GTPase 1) LPS macrophage	s_e616b180	2026-09-25T13:17:36Z	24	PMC3214256	Impaired Rho GTPase activation abrogates cell polarization and migration in macrophages with defective lipolysis	no	ok
Rnd1	Rnd1 (Rho family GTPase 1) LPS macrophage	s_e616b180	2026-09-25T13:17:36Z	25	PMC8486773	Spatiotemporal proteomic profiling of the pro-inflammatory response to lipopolysaccharide in the THP-1 human leukaemia cell line	no	ok
Rnd1	Rnd1 (Rho family GTPase 1) LPS macrophage	s_e616b180	2026-09-25T13:17:36Z	26	PMC11994614	Oral and transdermal administration of lipopolysaccharide safely enhances self-healing ability through the macrophage network	no	ok
Rnd1	Rnd1 (Rho family GTPase 1) LPS macrophage	s_e616b180	2026-09-25T13:17:36Z	27	PMC7275413	Progranulin inhibits LPS-induced macrophage M1 polarization via NF-кB and MAPK pathways	no	ok
Rnd1	Rnd1 (Rho family GTPase 1) LPS macrophage	s_e616b180	2026-09-25T13:17:36Z	28	PMC3046081	Inhibiting RHO geranylgeranylation has an unexpected outcome on inflammation	no	ok
Rnd1	Rnd1 (Rho family GTPase 1) LPS macrophage	s_e616b180	2026-09-25T13:17:36Z	29	PMC6379471	Leukadherin-1-Mediated Activation of CD11b Inhibits LPS-Induced Pro-inflammatory Response in Macrophages and Protects Mice Against Endotoxic Shock by Blocking LPS-TLR4 Interaction	no	ok
Rnd1	Rnd1 (Rho family GTPase 1) LPS macrophage	s_e616b180	2026-09-25T13:17:36Z	30	PMC3836764	Critical Role of Regulator G-Protein Signaling 10 (RGS10) in Modulating Macrophage M1/M2 Activation	no	ok
Rnd1	Rnd1 (Rho family GTPase 1) LPS macrophage	s_e616b180	2026-09-25T13:17:36Z	31	PMC10310695	Alternative signal priming enhances the inflammatory response in macrophages	no	ok
Rnd1	Rnd1 (Rho family GTPase 1) LPS macrophage	s_e616b180	2026-09-25T13:17:36Z	32	PMC12705284	Resolvin D1 alleviates lipopolysaccharide-induced in vitro corneal inflammation by modulating macrophage polarization through upregulation of c-Fos expression	no	ok
Rnd1	Rnd1 (Rho family GTPase 1) LPS macrophage	s_e616b180	2026-09-25T13:17:36Z	33	PMC2118489	LPS-induced down-regulation of signal regulatory protein α contributes to innate immune activation in macrophages	no	ok
Rnd1	Rnd1 (Rho family GTPase 1) LPS macrophage	s_e616b180	2026-09-25T13:17:36Z	34	PMC13204318	Resolvin D1 in the Lipopolysaccharide-Induced Inflammatory Microenvironment Mediates Resolution in Human Monocytic THP-1 Cells	no	ok
Rnd1	Rnd1 (Rho family GTPase 1) LPS macrophage	s_e616b180	2026-09-25T13:17:36Z	35	PMC7961004	Umbilical cord-derived mesenchymal stromal cells immunomodulate and restore actin dynamics and phagocytosis of LPS-activated microglia via PI3K/Akt/Rho GTPase pathway	no	ok
Rnd1	Rnd1 (Rho family GTPase 1) LPS macrophage	s_e616b180	2026-09-25T13:17:36Z	36	PMC6646525	Multifaceted Rho GTPase Signaling at the Endomembranes	no	ok
Rnd1	Rnd1 (Rho family GTPase 1) LPS macrophage	s_e616b180	2026-09-25T13:17:36Z	37	PMC7019736	RNase L Is Involved in Liposaccharide-Induced Lung Inflammation	no	ok
Rnd1	Rnd1 (Rho family GTPase 1) LPS macrophage	s_e616b180	2026-09-25T13:17:36Z	38	PMC3398910	Rho GTPases	no	ok
Rnd1	Rnd1 (Rho family GTPase 1) LPS macrophage	s_e616b180	2026-09-25T13:17:36Z	39	PMC4830570	CD36 Differently Regulates Macrophage Responses to Smooth and Rough Lipopolysaccharide	no	ok
Rnd1	Rnd1 (Rho family GTPase 1) LPS macrophage	s_e616b180	2026-09-25T13:17:36Z	40	PMC3138255	Structural Basis of Rnd1 Binding to Plexin Rho GTPase Binding Domains (RBDs)*	no	ok
Rnd1	Rnd1 (Rho family GTPase 1) LPS macrophage	s_e616b180	2026-09-25T13:17:36Z	41	PMC12066258	LncRNA29RIK in macrophages promotes LPS-mediated sensitivity to obesity	no	ok
Rnd1	Rnd1 (Rho family GTPase 1) LPS macrophage	s_e616b180	2026-09-25T13:17:36Z	42	PMC9002135	Expression of a RhoA-Specific Guanine Nucleotide Exchange Factor, p190RhoGEF, in Mouse Macrophages Negatively Affects M1 Polarization and Inflammatory Responses	no	ok
Rnd1	Rnd1 (Rho family GTPase 1) LPS macrophage	s_e616b180	2026-09-25T13:17:36Z	43	PMC7324593	Extracellular glucose is crucially involved in the fate decision of LPS-stimulated RAW264.7 murine macrophage cells	no	ok
Rnd1	Rnd1 (Rho family GTPase 1) LPS macrophage	s_e616b180	2026-09-25T13:17:36Z	44	PMC7473351	Milk fermented with Lactobacillus rhamnosus R0011 induces a regulatory cytokine profile in LPS-challenged U937 and THP-1 macrophages	no	ok
Rnd1	Rnd1 (Rho family GTPase 1) LPS macrophage	s_e616b180	2026-09-25T13:17:36Z	45	bio_74c36375729f	MARCO is an IFN-restricted immunometabolic decoy LPS receptor	no	ok
Rnd1	Rnd1 (Rho family GTPase 1) LPS macrophage	s_e616b180	2026-09-25T13:17:36Z	46	PMC6144854	Effect of Human Umbilical Vein Endothelial Cells on Immune Responses of Lipopolysaccharide-Induced THP1 Macrophages	no	ok
Rnd1	Rnd1 (Rho family GTPase 1) LPS macrophage	s_e616b180	2026-09-25T13:17:36Z	47	PMC6135836	PARP-1-dependent RND1 transcription induced by topoisomerase I cleavage complexes confers cellular resistance to camptothecin	no	ok
Rnd1	Rnd1 (Rho family GTPase 1) LPS macrophage	s_e616b180	2026-09-25T13:17:36Z	48	PMC10006430	Novel long non-coding RNAs associated with inflammation and macrophage activation in human	no	ok
Rnd1	Rnd1 (Rho family GTPase 1) LPS macrophage	s_e616b180	2026-09-25T13:17:36Z	49	PMC10940789	LPS-Induced Modifications in Macrophage Transcript and Secretion Profiles Are Linked to Muscle Wasting and Glucose Intolerance	no	ok
Rnd1	Rnd1 (Rho family GTPase 1) LPS macrophage	s_e616b180	2026-09-25T13:17:36Z	50	PMC7817350	Macrophage ICAM-1 functions as a regulator of phagocytosis in LPS induced endotoxemia	no	ok
Lipg	Lipg (lipase G, endothelial type) LPS macrophage	s_e75092b6	2026-09-25T13:17:52Z	1	PMC9833968	LIPG is a novel prognostic biomarker and correlated with immune infiltrates in lung adenocarcinoma	no	ok
Lipg	Lipg (lipase G, endothelial type) LPS macrophage	s_e75092b6	2026-09-25T13:17:52Z	2	PMC12955355	Regulatory roles of bioactive lipids in vascular homeostasis and remodeling	no	ok
Lipg	Lipg (lipase G, endothelial type) LPS macrophage	s_e75092b6	2026-09-25T13:17:52Z	3	PMC6618071	LIPG‐promoted lipid storage mediates adaptation to oxidative stress in breast cancer	no	ok
Lipg	Lipg (lipase G, endothelial type) LPS macrophage	s_e75092b6	2026-09-25T13:17:52Z	4	PMC1316069	Endothelial Lipase: A New Risk Factor for Atherosclerosis?	no	ok
Lipg	Lipg (lipase G, endothelial type) LPS macrophage	s_e75092b6	2026-09-25T13:17:52Z	5	bio_c6ad21607925	Endothelial lipase facilitates low-density lipoprotein (LDL) uptake in LDL receptor deficiency by a heparan sulfate proteoglycan-dependent mechanism	no	ok
Lipg	Lipg (lipase G, endothelial type) LPS macrophage	s_e75092b6	2026-09-25T13:17:52Z	6	PMC8426562	A host lipase prevents lipopolysaccharide-induced foam cell formation	no	ok
Lipg	Lipg (lipase G, endothelial type) LPS macrophage	s_e75092b6	2026-09-25T13:17:52Z	7	bio_81ee94387dff	Angiopoietin like protein 3 regulates low-density lipoprotein transport through aortic endothelial cells via endothelial lipase	no	ok
Lipg	Lipg (lipase G, endothelial type) LPS macrophage	s_e75092b6	2026-09-25T13:17:52Z	8	PMC7265491	Inhibition of LIPG phospholipase activity suppresses tumor formation of human basal-like triple-negative breast cancer	no	ok
Lipg	Lipg (lipase G, endothelial type) LPS macrophage	s_e75092b6	2026-09-25T13:17:52Z	9	PMC4378362	Analysis of the transcriptional networks underpinning the activation of murine macrophages by inflammatory mediators	no	ok
Lipg	Lipg (lipase G, endothelial type) LPS macrophage	s_e75092b6	2026-09-25T13:17:52Z	10	PMC6753242	Which is the Best Predictor for the Development of Atherosclerosis Among Circulating Lipoprotein Lipase, Hepatic Lipase, and Endothelial Lipase?	no	ok
Lipg	Lipg (lipase G, endothelial type) LPS macrophage	s_e75092b6	2026-09-25T13:17:52Z	11	PMC3375090	Population-Based Resequencing of LIPG and ZNF202 Genes in Subjects with Extreme HDL Levels	no	ok
Lipg	Lipg (lipase G, endothelial type) LPS macrophage	s_e75092b6	2026-09-25T13:17:52Z	12	PMC3234219	Mining the LIPG Allelic Spectrum Reveals the Contribution of Rare and Common Regulatory Variants to HDL Cholesterol	no	ok
Lipg	Lipg (lipase G, endothelial type) LPS macrophage	s_e75092b6	2026-09-25T13:17:52Z	13	PMC2188426	Effects of activation on lipoprotein lipase secretion by macrophages. Evidence for autoregulation	no	ok
Lipg	Lipg (lipase G, endothelial type) LPS macrophage	s_e75092b6	2026-09-25T13:17:52Z	14	PMC12326425	Effect of Interactions Between Endothelial Lipase Gene Polymorphisms and Traditional Cardiovascular Risk Factors on Coronary Heart Disease Susceptibility	no	ok
Lipg	Lipg (lipase G, endothelial type) LPS macrophage	s_e75092b6	2026-09-25T13:17:52Z	15	PMC4822041	FoxA and LIPG endothelial lipase control the uptake of extracellular lipids for breast cancer growth	no	ok
Lipg	Lipg (lipase G, endothelial type) LPS macrophage	s_e75092b6	2026-09-25T13:17:52Z	16	PMC13372918	Lipopolysaccharide-mediated macrophage polarization, conserved pathogenesis, and implications for peripheral neuropathy: a systematic review	no	ok
Lipg	Lipg (lipase G, endothelial type) LPS macrophage	s_e75092b6	2026-09-25T13:17:52Z	17	PMC8129130	LIPG endothelial lipase and breast cancer risk by subtypes	no	ok
Lipg	Lipg (lipase G, endothelial type) LPS macrophage	s_e75092b6	2026-09-25T13:17:52Z	18	PMC2394514	Expression analysis of G Protein-Coupled Receptors in mouse macrophages	no	ok
Lipg	Lipg (lipase G, endothelial type) LPS macrophage	s_e75092b6	2026-09-25T13:17:52Z	19	PMC9002396	Lipid Metabolism in Inflammation and Immune Function	no	ok
Lipg	Lipg (lipase G, endothelial type) LPS macrophage	s_e75092b6	2026-09-25T13:17:52Z	20	PMC9656053	A Global Picture of Molecular Changes Associated to LPS Treatment in THP-1 Derived Human Macrophages by Fourier Transform Infrared Microspectroscopy	no	ok
Lipg	Lipg (lipase G, endothelial type) LPS macrophage	s_e75092b6	2026-09-25T13:17:52Z	21	PMC6694707	LIPG supports adaption to oxidative stress	no	ok
Lipg	Lipg (lipase G, endothelial type) LPS macrophage	s_e75092b6	2026-09-25T13:17:52Z	22	PMC11405259	ZDHHC1 downregulates LIPG and inhibits colorectal cancer growth via IGF2BP1 Palmitoylation	no	ok
Lipg	Lipg (lipase G, endothelial type) LPS macrophage	s_e75092b6	2026-09-25T13:17:52Z	23	PMC13172313	NCBP2 drives colorectal cancer growth and metastasis through LIPG-mediated lipid droplet accumulation	no	ok
Lipg	Lipg (lipase G, endothelial type) LPS macrophage	s_e75092b6	2026-09-25T13:17:52Z	24	PMC3296002	Increased expression of endothelial lipase in symptomatic and unstable carotid plaques	no	ok
Lipg	Lipg (lipase G, endothelial type) LPS macrophage	s_e75092b6	2026-09-25T13:17:52Z	25	PMC3607615	Genetic and Structure-Function Studies of Missense Mutations in Human Endothelial Lipase	no	ok
Lipg	Lipg (lipase G, endothelial type) LPS macrophage	s_e75092b6	2026-09-25T13:17:52Z	26	PMC3333514	Monocyte normal immune response to LPS stimulation	no	ok
Lipg	Lipg (lipase G, endothelial type) LPS macrophage	s_e75092b6	2026-09-25T13:17:52Z	27	PMC6122967	LPS inactivation by a host lipase allows lung epithelial cell sensitization for allergic asthma	no	ok
Lipg	Lipg (lipase G, endothelial type) LPS macrophage	s_e75092b6	2026-09-25T13:17:52Z	28	PMC9367514	A Proof-of-Concept Inhibitor of Endothelial Lipase Suppresses Triple-Negative Breast Cancer Cells by Hijacking the Mitochondrial Function	no	ok
Lipg	Lipg (lipase G, endothelial type) LPS macrophage	s_e75092b6	2026-09-25T13:17:52Z	29	PMC7779815	Interplay between Saturated Free Fatty Acids and mmLDL Induces Inflammation in LPS-stimulated Macrophages	no	ok
Lipg	Lipg (lipase G, endothelial type) LPS macrophage	s_e75092b6	2026-09-25T13:17:52Z	30	PMC5017691	Associations of Rs3744841 and Rs3744843 Polymorphisms in Endothelial Lipase Gene with Risk of Coronary Artery Disease and Lipid Levels in a Chinese Population	no	ok
Lipg	Lipg (lipase G, endothelial type) LPS macrophage	s_e75092b6	2026-09-25T13:17:52Z	31	PMC6435540	LipG a bifunctional phospholipase/thioesterase involved in mycobacterial envelope remodeling	no	ok
Lipg	Lipg (lipase G, endothelial type) LPS macrophage	s_e75092b6	2026-09-25T13:17:52Z	32	PMC12522510	Construction of a lipid metabolism-based prognostic gene signature in cervical squamous cell carcinoma and validation of LIPG’s oncogenic role	no	ok
Lipg	Lipg (lipase G, endothelial type) LPS macrophage	s_e75092b6	2026-09-25T13:17:52Z	33	PMC6543837	Macrophage Polarization: Different Gene Signatures in M1(LPS+) vs. Classically and M2(LPS–) vs. Alternatively Activated Macrophages	no	ok
Lipg	Lipg (lipase G, endothelial type) LPS macrophage	s_e75092b6	2026-09-25T13:17:52Z	34	PMC13273450	Immunogenetic modulation of endothelial inflammation by the LIPG −384A/C promoter variant influences COVID-19 severity	no	ok
Lipg	Lipg (lipase G, endothelial type) LPS macrophage	s_e75092b6	2026-09-25T13:17:52Z	35	PMC5809145	LIPG signaling promotes tumor initiation and metastasis of human basal-like triple-negative breast cancer	no	ok
Lipg	Lipg (lipase G, endothelial type) LPS macrophage	s_e75092b6	2026-09-25T13:17:52Z	36	PMC11928643	Roles of TLR4 in macrophage immunity and macrophage-pulmonary vascular/lymphatic endothelial cell interactions in sepsis	no	ok
Lipg	Lipg (lipase G, endothelial type) LPS macrophage	s_e75092b6	2026-09-25T13:17:52Z	37	PMC10476801	Functional involvement of endothelial lipase in hepatitis B virus infection	no	ok
Lipg	Lipg (lipase G, endothelial type) LPS macrophage	s_e75092b6	2026-09-25T13:17:52Z	38	PMC6527387	Quercetin inhibits LPS-induced macrophage migration by suppressing the iNOS/FAK/paxillin pathway and modulating the cytoskeleton	no	ok
Lipg	Lipg (lipase G, endothelial type) LPS macrophage	s_e75092b6	2026-09-25T13:17:52Z	39	PMC8483387	Endothelial lipase mediates efficient lipolysis of triglyceride-rich lipoproteins	no	ok
Lipg	Lipg (lipase G, endothelial type) LPS macrophage	s_e75092b6	2026-09-25T13:17:52Z	40	PMC12847160	Free Fatty Acids and LPS Synergistically Promote Macrophage M1 Polarization and Insulin Resistance Via FTO-Mediated CSF1 Degradation	no	ok
Lipg	Lipg (lipase G, endothelial type) LPS macrophage	s_e75092b6	2026-09-25T13:17:52Z	41	PMC7221167	Novel Role of Endothelial Derived Exosomal HSPA12B in Regulating Macrophage Inflammatory Responses in Polymicrobial Sepsis	no	ok
Lipg	Lipg (lipase G, endothelial type) LPS macrophage	s_e75092b6	2026-09-25T13:17:52Z	42	PMC3317238	LPS Counter Regulates RNA Expression of Extracellular Proteases and Their Inhibitors in Murine Macrophages	no	ok
Lipg	Lipg (lipase G, endothelial type) LPS macrophage	s_e75092b6	2026-09-25T13:17:52Z	43	PMC2188197	Bacterial lipopolysaccharides prime macrophages for enhanced release of arachidonic acid metabolites	no	ok
Lipg	Lipg (lipase G, endothelial type) LPS macrophage	s_e75092b6	2026-09-25T13:17:52Z	44	PMC3525607	Macrophages mediate colon carcinoma cell adhesion in the rat liver after exposure to lipopolysaccharide	no	ok
Lipg	Lipg (lipase G, endothelial type) LPS macrophage	s_e75092b6	2026-09-25T13:17:52Z	45	PMC5627409	Selection of reliable reference genes for the normalisation of gene expression levels following time course LPS stimulation of murine bone marrow derived macrophages	no	ok
Lipg	Lipg (lipase G, endothelial type) LPS macrophage	s_e75092b6	2026-09-25T13:17:52Z	46	PMC9456100	Lipopolysaccharide from Porphyromonas gingivalis, but Not from Porphyromonas endodontalis, Induces Macrophage M1 Profile	no	ok
Lipg	Lipg (lipase G, endothelial type) LPS macrophage	s_e75092b6	2026-09-25T13:17:52Z	47	PMC9990300	Macrophage-derived exosomes mediate glomerular endothelial cell dysfunction in sepsis-associated acute kidney injury	no	ok
Lipg	Lipg (lipase G, endothelial type) LPS macrophage	s_e75092b6	2026-09-25T13:17:52Z	48	PMC3428317	Segregation of LIPG, CETP, and GALNT2 Mutations in Caucasian Families with Extremely High HDL Cholesterol	no	ok
Lipg	Lipg (lipase G, endothelial type) LPS macrophage	s_e75092b6	2026-09-25T13:17:52Z	49	PMC4818918	Changes in lipoprotein lipase and endothelial lipase mass in familial hypercholesterolemia during three-drug lipid-lowering combination therapy	no	ok
Lipg	Lipg (lipase G, endothelial type) LPS macrophage	s_e75092b6	2026-09-25T13:17:52Z	50	PMC6929444	Sex hormones affect endothelial lipase-mediated lipid metabolism and atherosclerosis	no	ok
Col27a1	Col27a1 (collagen, type XXVII, alpha 1) LPS macrophage	s_84ecc1e3	2026-09-25T13:18:04Z	1	PMC2107732	INVOLVEMENT OF MACROPHAGES IN COLLAGEN RESORPTION	no	ok
Col27a1	Col27a1 (collagen, type XXVII, alpha 1) LPS macrophage	s_84ecc1e3	2026-09-25T13:18:04Z	2	PMC6543837	Macrophage Polarization: Different Gene Signatures in M1(LPS+) vs. Classically and M2(LPS–) vs. Alternatively Activated Macrophages	no	ok
Col27a1	Col27a1 (collagen, type XXVII, alpha 1) LPS macrophage	s_84ecc1e3	2026-09-25T13:18:04Z	3	PMC7356036	Collagen Fibril Density Modulates Macrophage Activation and Cellular Functions during Tissue Repair	no	ok
Col27a1	Col27a1 (collagen, type XXVII, alpha 1) LPS macrophage	s_84ecc1e3	2026-09-25T13:18:04Z	4	PMC10091190	LPS combined with CD47mAb enhances the anti‑osteosarcoma ability of macrophages	no	ok
Col27a1	Col27a1 (collagen, type XXVII, alpha 1) LPS macrophage	s_84ecc1e3	2026-09-25T13:18:04Z	5	PMC11882325	Interleukins-27 Aggravates Liver Injury by Impairing the Antimicrobial Response of Macrophages via the Promotion of Mitochondrial Dysfunction in the Context of Sepsis	no	ok
Col27a1	Col27a1 (collagen, type XXVII, alpha 1) LPS macrophage	s_84ecc1e3	2026-09-25T13:18:04Z	6	PMC6274997	Transcriptome Analysis Provides Insights into the Markers of Resting and LPS-Activated Macrophages in Grass Carp (Ctenopharyngodon idella)	no	ok
Col27a1	Col27a1 (collagen, type XXVII, alpha 1) LPS macrophage	s_84ecc1e3	2026-09-25T13:18:04Z	7	bio_5e67bb726e21	IL-27 neutralization enhances macrophage polarization and improves immune checkpoint efficacy	no	ok
Col27a1	Col27a1 (collagen, type XXVII, alpha 1) LPS macrophage	s_84ecc1e3	2026-09-25T13:18:04Z	8	PMC13199726	Exosomal miR-148a-3p from LPS-Activated Macrophages Promotes M1 Polarization and Ferroptosis-Related Characteristics of Recipient Macrophages by Reducing SLC7A11	no	ok
Col27a1	Col27a1 (collagen, type XXVII, alpha 1) LPS macrophage	s_84ecc1e3	2026-09-25T13:18:04Z	9	PMC9138386	Osteocalcin Alleviates Lipopolysaccharide-Induced Acute Inflammation via Activation of GPR37 in Macrophages	no	ok
Col27a1	Col27a1 (collagen, type XXVII, alpha 1) LPS macrophage	s_84ecc1e3	2026-09-25T13:18:04Z	10	PMC6135775	IL-27 amplifies cytokine responses to Gram-negative bacterial products and Salmonella typhimurium infection	no	ok
Col27a1	Col27a1 (collagen, type XXVII, alpha 1) LPS macrophage	s_84ecc1e3	2026-09-25T13:18:04Z	11	PMC3660024	Comparative Study of The Effect of LPS on The Function of BALB/c and C57BL/6 Peritoneal Macrophages	no	ok
Col27a1	Col27a1 (collagen, type XXVII, alpha 1) LPS macrophage	s_84ecc1e3	2026-09-25T13:18:04Z	12	PMC12967598	IL-27 Aggravates Sepsis-Induced ARDS by Driving Macrophage Ferroptosis Through Activation of NCOA4-Mediated Ferritinophagy	no	ok
Col27a1	Col27a1 (collagen, type XXVII, alpha 1) LPS macrophage	s_84ecc1e3	2026-09-25T13:18:04Z	13	PMC5627409	Selection of reliable reference genes for the normalisation of gene expression levels following time course LPS stimulation of murine bone marrow derived macrophages	no	ok
Col27a1	Col27a1 (collagen, type XXVII, alpha 1) LPS macrophage	s_84ecc1e3	2026-09-25T13:18:04Z	14	PMC3242791	Collagen XXVII Organises the Pericellular Matrix in the Growth Plate	no	ok
Col27a1	Col27a1 (collagen, type XXVII, alpha 1) LPS macrophage	s_84ecc1e3	2026-09-25T13:18:04Z	15	PMC9609449	Effect of regulating macrophage polarization phenotype on intervertebral disc degeneration	no	ok
Col27a1	Col27a1 (collagen, type XXVII, alpha 1) LPS macrophage	s_84ecc1e3	2026-09-25T13:18:04Z	16	PMC7689775	LPS‐Induced Inflammation Prior to Injury Exacerbates the Development of Post‐Traumatic Osteoarthritis in Mice	no	ok
Col27a1	Col27a1 (collagen, type XXVII, alpha 1) LPS macrophage	s_84ecc1e3	2026-09-25T13:18:04Z	17	PMC3317238	LPS Counter Regulates RNA Expression of Extracellular Proteases and Their Inhibitors in Murine Macrophages	no	ok
Col27a1	Col27a1 (collagen, type XXVII, alpha 1) LPS macrophage	s_84ecc1e3	2026-09-25T13:18:04Z	18	PMC7053374	Corrigendum: Macrophage Polarization: Different Gene Signatures in M1(LPS+) vs. Classically and M2(LPS–) vs. Alternatively Activated Macrophages	no	ok
Col27a1	Col27a1 (collagen, type XXVII, alpha 1) LPS macrophage	s_84ecc1e3	2026-09-25T13:18:04Z	19	PMC11232647	LPS-induced senescence of macrophages aggravates calcification and senescence of vascular smooth muscle cells via IFITM3	no	ok
Col27a1	Col27a1 (collagen, type XXVII, alpha 1) LPS macrophage	s_84ecc1e3	2026-09-25T13:18:04Z	20	PMC4765811	Biomimetic collagenous scaffold to tune inflammation by targeting macrophages	no	ok
Col27a1	Col27a1 (collagen, type XXVII, alpha 1) LPS macrophage	s_84ecc1e3	2026-09-25T13:18:04Z	21	PMC3953056	Epigenetic profile in lipopolysaccharide-stimulated macrophages	no	ok
Col27a1	Col27a1 (collagen, type XXVII, alpha 1) LPS macrophage	s_84ecc1e3	2026-09-25T13:18:04Z	22	PMC5778122	High-Resolution Mapping and Dynamics of the Transcriptome, Transcription Factors, and Transcription Co-Factor Networks in Classically and Alternatively Activated Macrophages	no	ok
Col27a1	Col27a1 (collagen, type XXVII, alpha 1) LPS macrophage	s_84ecc1e3	2026-09-25T13:18:04Z	23	PMC4534598	Mmu-miR-27a-5p-Dependent Upregulation of MCPIP1 Inhibits the Inflammatory Response in LPS-Induced RAW264.7 Macrophage Cells	no	ok
Col27a1	Col27a1 (collagen, type XXVII, alpha 1) LPS macrophage	s_84ecc1e3	2026-09-25T13:18:04Z	24	bio_206e5a356c66	Mathematical modelling of activation-induced heterogeneity reveals cell state transitions underpinning macrophage responses to LPS	no	ok
Col27a1	Col27a1 (collagen, type XXVII, alpha 1) LPS macrophage	s_84ecc1e3	2026-09-25T13:18:04Z	25	PMC9411976	Mathematical modelling of activation-induced heterogeneity in TNF, IL6, NOS2, and IL1β expression reveals cell state transitions underpinning macrophage responses to LPS	no	ok
Col27a1	Col27a1 (collagen, type XXVII, alpha 1) LPS macrophage	s_84ecc1e3	2026-09-25T13:18:04Z	26	PMC6199307	LncRNA HOTAIR regulates lipopolysaccharide-induced cytokine expression and inflammatory response in macrophages	no	ok
Col27a1	Col27a1 (collagen, type XXVII, alpha 1) LPS macrophage	s_84ecc1e3	2026-09-25T13:18:04Z	27	PMC8849967	Bioinformatics Analysis and Experimental Verification Identify Downregulation of COL27A1 in Poor Segmental Congenital Scoliosis	no	ok
Col27a1	Col27a1 (collagen, type XXVII, alpha 1) LPS macrophage	s_84ecc1e3	2026-09-25T13:18:04Z	28	PMC10940789	LPS-Induced Modifications in Macrophage Transcript and Secretion Profiles Are Linked to Muscle Wasting and Glucose Intolerance	no	ok
Col27a1	Col27a1 (collagen, type XXVII, alpha 1) LPS macrophage	s_84ecc1e3	2026-09-25T13:18:04Z	29	PMC7867451	Gadolinium Chloride Inhibits the Production of Liver Interleukin-27 and Mitigates Liver Injury in the CLP Mouse Model	no	ok
Col27a1	Col27a1 (collagen, type XXVII, alpha 1) LPS macrophage	s_84ecc1e3	2026-09-25T13:18:04Z	30	PMC10861897	A macrophage-collagen fragment axis mediates subcutaneous adipose tissue remodeling in mice	no	ok
Col27a1	Col27a1 (collagen, type XXVII, alpha 1) LPS macrophage	s_84ecc1e3	2026-09-25T13:18:04Z	31	PMC194878	Genetic control of the innate immune response	no	ok
Col27a1	Col27a1 (collagen, type XXVII, alpha 1) LPS macrophage	s_84ecc1e3	2026-09-25T13:18:04Z	32	PMC2118489	LPS-induced down-regulation of signal regulatory protein α contributes to innate immune activation in macrophages	no	ok
Col27a1	Col27a1 (collagen, type XXVII, alpha 1) LPS macrophage	s_84ecc1e3	2026-09-25T13:18:04Z	33	bio_eb0530776e54	Dynamic nucleosome redistribution and increases in nucleosome sensitivity underpin THP-1 macrophage response to LPS	no	ok
Col27a1	Col27a1 (collagen, type XXVII, alpha 1) LPS macrophage	s_84ecc1e3	2026-09-25T13:18:04Z	34	PMC10157156	IL-27 induces an IFN-like signature in murine macrophages which in turn modulate colonic epithelium	no	ok
Col27a1	Col27a1 (collagen, type XXVII, alpha 1) LPS macrophage	s_84ecc1e3	2026-09-25T13:18:04Z	35	PMC8345949	Histatin-1 Attenuates LPS-Induced Inflammatory Signaling in RAW264.7 Macrophages	no	ok
Col27a1	Col27a1 (collagen, type XXVII, alpha 1) LPS macrophage	s_84ecc1e3	2026-09-25T13:18:04Z	36	PMC13405066	Dual regulatory effects of medical bovine collagen sponge on macrophages in vitro	no	ok
Col27a1	Col27a1 (collagen, type XXVII, alpha 1) LPS macrophage	s_84ecc1e3	2026-09-25T13:18:04Z	37	PMC3333514	Monocyte normal immune response to LPS stimulation	no	ok
Col27a1	Col27a1 (collagen, type XXVII, alpha 1) LPS macrophage	s_84ecc1e3	2026-09-25T13:18:04Z	38	PMC9054600	Flaxseed orbitides, linusorbs, inhibit LPS-induced THP-1 macrophage inflammation	no	ok
Col27a1	Col27a1 (collagen, type XXVII, alpha 1) LPS macrophage	s_84ecc1e3	2026-09-25T13:18:04Z	39	PMC10501887	LPS adsorption and inflammation alleviation by polymyxin B-modified liposomes for atherosclerosis treatment	no	ok
Col27a1	Col27a1 (collagen, type XXVII, alpha 1) LPS macrophage	s_84ecc1e3	2026-09-25T13:18:04Z	40	PMC7518957	CD163 deficiency facilitates lipopolysaccharide‐induced inflammatory responses and endotoxin shock in mice	no	ok
Col27a1	Col27a1 (collagen, type XXVII, alpha 1) LPS macrophage	s_84ecc1e3	2026-09-25T13:18:04Z	41	PMC7324593	Extracellular glucose is crucially involved in the fate decision of LPS-stimulated RAW264.7 murine macrophage cells	no	ok
Col27a1	Col27a1 (collagen, type XXVII, alpha 1) LPS macrophage	s_84ecc1e3	2026-09-25T13:18:04Z	42	PMC10949775	Lipopolysaccharide regulation of antiinflammatory tristetraprolin family and proinflammatory gene expression in mouse macrophages	no	ok
Col27a1	Col27a1 (collagen, type XXVII, alpha 1) LPS macrophage	s_84ecc1e3	2026-09-25T13:18:04Z	43	PMC6379471	Leukadherin-1-Mediated Activation of CD11b Inhibits LPS-Induced Pro-inflammatory Response in Macrophages and Protects Mice Against Endotoxic Shock by Blocking LPS-TLR4 Interaction	no	ok
Col27a1	Col27a1 (collagen, type XXVII, alpha 1) LPS macrophage	s_84ecc1e3	2026-09-25T13:18:04Z	44	PMC3735524	GATA-2 Transduces LPS-Induced il-1β Gene Expression in Macrophages via a Toll-Like Receptor 4/MD88/MAPK-Dependent Mechanism	no	ok
Col27a1	Col27a1 (collagen, type XXVII, alpha 1) LPS macrophage	s_84ecc1e3	2026-09-25T13:18:04Z	45	bio_7e3cf88974c6	Dexamethasone inhibits the LPS-induced activation of hypoxia-inducible factor 1 alpha (HIF-1α) in macrophages independently of the DUSP1-p38-TTP-HIF-1α regulatory axis	no	ok
Col27a1	Col27a1 (collagen, type XXVII, alpha 1) LPS macrophage	s_84ecc1e3	2026-09-25T13:18:04Z	46	PMC6878630	MSC-secreted TGF-β regulates lipopolysaccharide-stimulated macrophage M2-like polarization via the Akt/FoxO1 pathway	no	ok
Col27a1	Col27a1 (collagen, type XXVII, alpha 1) LPS macrophage	s_84ecc1e3	2026-09-25T13:18:04Z	47	bio_893e218381f8	Mineralized collagen scaffold pore architecture and glycosaminoglycan content biases anti-inflammatory macrophage phenotype	no	ok
Col27a1	Col27a1 (collagen, type XXVII, alpha 1) LPS macrophage	s_84ecc1e3	2026-09-25T13:18:04Z	48	PMC7521295	PDX regulates inflammatory cell infiltration via resident macrophage in LPS‐induced lung injury	no	ok
Col27a1	Col27a1 (collagen, type XXVII, alpha 1) LPS macrophage	s_84ecc1e3	2026-09-25T13:18:04Z	49	PMC9663662	LncRNA Gm26917 regulates inflammatory response in macrophages by enhancing Annexin A1 ubiquitination in LPS-induced acute liver injury	no	ok
Col27a1	Col27a1 (collagen, type XXVII, alpha 1) LPS macrophage	s_84ecc1e3	2026-09-25T13:18:04Z	50	PMC9076897	Overabundance of Veillonella parvula promotes intestinal inflammation by activating macrophages via LPS-TLR4 pathway	no	ok
Hcar2	Hcar2 (hydroxycarboxylic acid receptor 2) LPS macrophage	s_e103bd74	2026-09-25T13:18:08Z	1	PMC2394514	Expression analysis of G Protein-Coupled Receptors in mouse macrophages	no	ok
Hcar2	Hcar2 (hydroxycarboxylic acid receptor 2) LPS macrophage	s_e103bd74	2026-09-25T13:18:08Z	2	PMC10357040	Metabolite-sensing GPCRs controlling interactions between adipose tissue and inflammation	no	ok
Hcar2	Hcar2 (hydroxycarboxylic acid receptor 2) LPS macrophage	s_e103bd74	2026-09-25T13:18:08Z	3	bio_24b6555f70b8	Hydroxycarboxylic acid receptor 2 (HCAR2/GPR109A) expression and signaling promotes the maintenance of an immunoinhibitory retinal environment	no	ok
Hcar2	Hcar2 (hydroxycarboxylic acid receptor 2) LPS macrophage	s_e103bd74	2026-09-25T13:18:08Z	4	PMC5301212	Activated niacin receptor HCA2 inhibits chemoattractant-mediated macrophage migration via Gβγ/PKC/ERK1/2 pathway and heterologous receptor desensitization	no	ok
Hcar2	Hcar2 (hydroxycarboxylic acid receptor 2) LPS macrophage	s_e103bd74	2026-09-25T13:18:08Z	5	PMC3356039	Biological Roles and Therapeutic Potential of Hydroxy-Carboxylic Acid Receptors	no	ok
Hcar2	Hcar2 (hydroxycarboxylic acid receptor 2) LPS macrophage	s_e103bd74	2026-09-25T13:18:08Z	6	PMC6543837	Macrophage Polarization: Different Gene Signatures in M1(LPS+) vs. Classically and M2(LPS–) vs. Alternatively Activated Macrophages	no	ok
Hcar2	Hcar2 (hydroxycarboxylic acid receptor 2) LPS macrophage	s_e103bd74	2026-09-25T13:18:08Z	7	PMC11496569	The hydroxycarboxylic acid receptor HCA2 is required for the protective effect of ketogenic diet in epilepsy	no	ok
Hcar2	Hcar2 (hydroxycarboxylic acid receptor 2) LPS macrophage	s_e103bd74	2026-09-25T13:18:08Z	8	PMC13372918	Lipopolysaccharide-mediated macrophage polarization, conserved pathogenesis, and implications for peripheral neuropathy: a systematic review	no	ok
Hcar2	Hcar2 (hydroxycarboxylic acid receptor 2) LPS macrophage	s_e103bd74	2026-09-25T13:18:08Z	9	PMC13253848	Dysregulation of macrophage lipid metabolism underlies intracellular bacterial neuroinvasion	no	ok
Hcar2	Hcar2 (hydroxycarboxylic acid receptor 2) LPS macrophage	s_e103bd74	2026-09-25T13:18:08Z	10	PMC7053374	Corrigendum: Macrophage Polarization: Different Gene Signatures in M1(LPS+) vs. Classically and M2(LPS–) vs. Alternatively Activated Macrophages	no	ok
Hcar2	Hcar2 (hydroxycarboxylic acid receptor 2) LPS macrophage	s_e103bd74	2026-09-25T13:18:08Z	11	PMC3333514	Monocyte normal immune response to LPS stimulation	no	ok
Hcar2	Hcar2 (hydroxycarboxylic acid receptor 2) LPS macrophage	s_e103bd74	2026-09-25T13:18:08Z	12	PMC7379312	Histone deacetylase 2 is essential for LPS‐induced inflammatory responses in macrophages	no	ok
Hcar2	Hcar2 (hydroxycarboxylic acid receptor 2) LPS macrophage	s_e103bd74	2026-09-25T13:18:08Z	13	PMC12957811	Anti-inflammatory and polarization-modulating effects of Houttuynia cordata in LPS-stimulated RAW264.7 macrophages	no	ok
Hcar2	Hcar2 (hydroxycarboxylic acid receptor 2) LPS macrophage	s_e103bd74	2026-09-25T13:18:08Z	14	PMC12562522	HCX3 Mitigates LPS-Induced Inflammatory Responses in Macrophages by Suppressing the Activation of the NF-κB Signaling Pathway	no	ok
Hcar2	Hcar2 (hydroxycarboxylic acid receptor 2) LPS macrophage	s_e103bd74	2026-09-25T13:18:08Z	15	PMC5583376	Expression and anti-inflammatory role of activin receptor-interacting protein 2 in lipopolysaccharide-activated macrophages	no	ok
Hcar2	Hcar2 (hydroxycarboxylic acid receptor 2) LPS macrophage	s_e103bd74	2026-09-25T13:18:08Z	16	PMC3254936	Lipopolysaccharide alters expression of incretin receptors in monocytic and hepatocytic cell lines	no	ok
Hcar2	Hcar2 (hydroxycarboxylic acid receptor 2) LPS macrophage	s_e103bd74	2026-09-25T13:18:08Z	17	PMC8784330	Signaling metabolite L-2-hydroxyglutarate activates the transcription factor HIF-1α in lipopolysaccharide-activated macrophages	no	ok
Hcar2	Hcar2 (hydroxycarboxylic acid receptor 2) LPS macrophage	s_e103bd74	2026-09-25T13:18:08Z	18	PMC10049283	The Regulatory Roles of Ezh2 in Response to Lipopolysaccharide (LPS) in Macrophages and Mice with Conditional Ezh2 Deletion with LysM-Cre System	no	ok
Hcar2	Hcar2 (hydroxycarboxylic acid receptor 2) LPS macrophage	s_e103bd74	2026-09-25T13:18:08Z	19	PMC7573489	Lactate Suppresses Macrophage Pro-Inflammatory Response to LPS Stimulation by Inhibition of YAP and NF-κB Activation  via  GPR81-Mediated Signaling	no	ok
Hcar2	Hcar2 (hydroxycarboxylic acid receptor 2) LPS macrophage	s_e103bd74	2026-09-25T13:18:08Z	20	PMC10110401	HuR modulation counteracts lipopolysaccharide response in murine macrophages	no	ok
Hcar2	Hcar2 (hydroxycarboxylic acid receptor 2) LPS macrophage	s_e103bd74	2026-09-25T13:18:08Z	21	PMC3936424	Methyl p-Hydroxycinnamate Suppresses Lipopolysaccharide-Induced Inflammatory Responses through Akt Phosphorylation in RAW264.7 Cells	no	ok
Hcar2	Hcar2 (hydroxycarboxylic acid receptor 2) LPS macrophage	s_e103bd74	2026-09-25T13:18:08Z	22	PMC13398632	Lipopolysaccharide uptake is augmented in lipopolysaccharide‐tolerant mouse macrophage‐like cells via increased CD14 expression	no	ok
Hcar2	Hcar2 (hydroxycarboxylic acid receptor 2) LPS macrophage	s_e103bd74	2026-09-25T13:18:08Z	23	PMC6199307	LncRNA HOTAIR regulates lipopolysaccharide-induced cytokine expression and inflammatory response in macrophages	no	ok
Hcar2	Hcar2 (hydroxycarboxylic acid receptor 2) LPS macrophage	s_e103bd74	2026-09-25T13:18:08Z	24	PMC5627409	Selection of reliable reference genes for the normalisation of gene expression levels following time course LPS stimulation of murine bone marrow derived macrophages	no	ok
Hcar2	Hcar2 (hydroxycarboxylic acid receptor 2) LPS macrophage	s_e103bd74	2026-09-25T13:18:08Z	25	PMC4655095	Lipopolysaccharide induces a downregulation of adiponectin receptors in-vitro and in-vivo	no	ok
Hcar2	Hcar2 (hydroxycarboxylic acid receptor 2) LPS macrophage	s_e103bd74	2026-09-25T13:18:08Z	26	PMC10049483	Macrophage-Specific Coxsackievirus and Adenovirus Receptor Deletion Enhances Macrophage M1 Polarity in CVB3-Induced Myocarditis	no	ok
Hcar2	Hcar2 (hydroxycarboxylic acid receptor 2) LPS macrophage	s_e103bd74	2026-09-25T13:18:08Z	27	PMC6396203	Human and murine macrophages exhibit differential metabolic responses to lipopolysaccharide - A divergent role for glycolysis	no	ok
Hcar2	Hcar2 (hydroxycarboxylic acid receptor 2) LPS macrophage	s_e103bd74	2026-09-25T13:18:08Z	28	PMC12622418	Constitutive Androstane Receptor in Macrophages Regulates Toll‐Like Receptor 4‐Mediated Innate Immune Responses Against Endotoxemic Liver Injury	no	ok
Hcar2	Hcar2 (hydroxycarboxylic acid receptor 2) LPS macrophage	s_e103bd74	2026-09-25T13:18:08Z	29	PMC12780877	Lipoic Acid Ameliorates Lipopolysaccharide‐Induced Inflammation via Inhibition of Glycolysis in RAW264.7 Macrophages	no	ok
Hcar2	Hcar2 (hydroxycarboxylic acid receptor 2) LPS macrophage	s_e103bd74	2026-09-25T13:18:08Z	30	PMC7779815	Interplay between Saturated Free Fatty Acids and mmLDL Induces Inflammation in LPS-stimulated Macrophages	no	ok
Hcar2	Hcar2 (hydroxycarboxylic acid receptor 2) LPS macrophage	s_e103bd74	2026-09-25T13:18:08Z	31	PMC4830570	CD36 Differently Regulates Macrophage Responses to Smooth and Rough Lipopolysaccharide	no	ok
Hcar2	Hcar2 (hydroxycarboxylic acid receptor 2) LPS macrophage	s_e103bd74	2026-09-25T13:18:08Z	32	PMC2170953	Geranylgeranylacetone Ameliorates Inflammatory Response to Lipopolysaccharide (LPS) in Murine Macrophages: Inhibition of LPS Binding to The Cell Surface	no	ok
Hcar2	Hcar2 (hydroxycarboxylic acid receptor 2) LPS macrophage	s_e103bd74	2026-09-25T13:18:08Z	33	PMC7833212	Advanced glycation end-products reduce lipopolysaccharide uptake by macrophages	no	ok
Hcar2	Hcar2 (hydroxycarboxylic acid receptor 2) LPS macrophage	s_e103bd74	2026-09-25T13:18:08Z	34	PMC10588835	Macrophage specific restoration of the Nrf2 gene in whole-body knockout mice ameliorates steatohepatitis induced by lipopolysaccharide from Porphyromonas gingivalis through enhanced hepatic clearance	no	ok
Hcar2	Hcar2 (hydroxycarboxylic acid receptor 2) LPS macrophage	s_e103bd74	2026-09-25T13:18:08Z	35	PMC7518957	CD163 deficiency facilitates lipopolysaccharide‐induced inflammatory responses and endotoxin shock in mice	no	ok
Hcar2	Hcar2 (hydroxycarboxylic acid receptor 2) LPS macrophage	s_e103bd74	2026-09-25T13:18:08Z	36	PMC8638184	Rare and potentially pathogenic variants in hydroxycarboxylic acid receptor genes identified in breast cancer cases	no	ok
Hcar2	Hcar2 (hydroxycarboxylic acid receptor 2) LPS macrophage	s_e103bd74	2026-09-25T13:18:08Z	37	PMC6532841	Metabolites of lactic acid bacteria present in fermented foods are highly potent agonists of human hydroxycarboxylic acid receptor 3	no	ok
Hcar2	Hcar2 (hydroxycarboxylic acid receptor 2) LPS macrophage	s_e103bd74	2026-09-25T13:18:08Z	38	PMC12954166	Hydroxycarboxylic Acid Receptor 2 Mediates β‐hydroxybutyrate's Antiseizure Effect in Mice	no	ok
Hcar2	Hcar2 (hydroxycarboxylic acid receptor 2) LPS macrophage	s_e103bd74	2026-09-25T13:18:08Z	39	PMC8620054	Production of Hydroxycarboxylic Acid Receptor 3 (HCA3) Ligands by Bifidobacterium	no	ok
Hcar2	Hcar2 (hydroxycarboxylic acid receptor 2) LPS macrophage	s_e103bd74	2026-09-25T13:18:08Z	40	PMC5599518	Aspirin inhibits LPS-induced macrophage activation via the NF-κB pathway	no	ok
Hcar2	Hcar2 (hydroxycarboxylic acid receptor 2) LPS macrophage	s_e103bd74	2026-09-25T13:18:08Z	41	PMC3642175	Nicotinic Acid Receptor GPR109A Is Down-Regulated in Human Macrophage-Derived Foam Cells	no	ok
Hcar2	Hcar2 (hydroxycarboxylic acid receptor 2) LPS macrophage	s_e103bd74	2026-09-25T13:18:08Z	42	PMC7401756	Lactate induces alternative polarization (M2) of macrophages under lipopolysaccharide stimulation in vitro through G-protein coupled receptor 81	no	ok
Hcar2	Hcar2 (hydroxycarboxylic acid receptor 2) LPS macrophage	s_e103bd74	2026-09-25T13:18:08Z	43	PMC9589251	Mouse Ocilrp2/Clec2i negatively regulates LPS-mediated IL-6 production by blocking Dap12-Syk interaction in macrophage	no	ok
Hcar2	Hcar2 (hydroxycarboxylic acid receptor 2) LPS macrophage	s_e103bd74	2026-09-25T13:18:08Z	44	PMC4863972	Endotoxin Disrupts Circadian Rhythms in Macrophages via Reactive Oxygen Species	no	ok
Hcar2	Hcar2 (hydroxycarboxylic acid receptor 2) LPS macrophage	s_e103bd74	2026-09-25T13:18:08Z	45	PMC7940178	Role of HCA2 in Regulating Intestinal Homeostasis and Suppressing Colon Carcinogenesis	no	ok
Hcar2	Hcar2 (hydroxycarboxylic acid receptor 2) LPS macrophage	s_e103bd74	2026-09-25T13:18:08Z	46	bio_ea6b5db76c06	Mapping interactions of microbial metabolites and human receptors	no	ok
Hcar2	Hcar2 (hydroxycarboxylic acid receptor 2) LPS macrophage	s_e103bd74	2026-09-25T13:18:08Z	47	bio_eb0530776e54	Dynamic nucleosome redistribution and increases in nucleosome sensitivity underpin THP-1 macrophage response to LPS	no	ok
Hcar2	Hcar2 (hydroxycarboxylic acid receptor 2) LPS macrophage	s_e103bd74	2026-09-25T13:18:08Z	48	PMC6144854	Effect of Human Umbilical Vein Endothelial Cells on Immune Responses of Lipopolysaccharide-Induced THP1 Macrophages	no	ok
Hcar2	Hcar2 (hydroxycarboxylic acid receptor 2) LPS macrophage	s_e103bd74	2026-09-25T13:18:08Z	49	PMC2212382	Human Toll-like Receptor 2 Confers Responsiveness to Bacterial Lipopolysaccharide	no	ok
Hcar2	Hcar2 (hydroxycarboxylic acid receptor 2) LPS macrophage	s_e103bd74	2026-09-25T13:18:08Z	50	PMC6098961	Gambogic acid inhibits LPS-induced macrophage pro-inflammatory cytokine production mainly through suppression of the p38 pathway	no	ok
