gene	query	search_id	date	rank	paper_id	title	verdict	status
Shisa3	Shisa3 (shisa family member 3) LPS macrophage	s_88320d4a	2026-09-25T15:44:00Z	1	PMC11423144	SHISA3 Reprograms Tumor‐Associated Macrophages Toward an Antitumoral Phenotype and Enhances Cancer Immunotherapy	yes	ok
Shisa3	Shisa3 (shisa family member 3) LPS macrophage	s_88320d4a	2026-09-25T15:44:00Z	2	PMC2196288	Lipopolysaccharide (LPS)-induced Macrophage Activation and Signal Transduction in the Absence of Src-Family Kinases Hck, Fgr, and Lyn	no	ok
Shisa3	Shisa3 (shisa family member 3) LPS macrophage	s_88320d4a	2026-09-25T15:44:00Z	3	PMC6543837	Macrophage Polarization: Different Gene Signatures in M1(LPS+) vs. Classically and M2(LPS–) vs. Alternatively Activated Macrophages	no	ok
Shisa3	Shisa3 (shisa family member 3) LPS macrophage	s_88320d4a	2026-09-25T15:44:00Z	4	PMC5332015	Genome-wide siRNA screen of genes regulating the LPS-induced NF-κB and TNF-α responses in mouse macrophages	no	ok
Shisa3	Shisa3 (shisa family member 3) LPS macrophage	s_88320d4a	2026-09-25T15:44:00Z	5	PMC7053374	Corrigendum: Macrophage Polarization: Different Gene Signatures in M1(LPS+) vs. Classically and M2(LPS–) vs. Alternatively Activated Macrophages	no	ok
Shisa3	Shisa3 (shisa family member 3) LPS macrophage	s_88320d4a	2026-09-25T15:44:00Z	6	PMC3953056	Epigenetic profile in lipopolysaccharide-stimulated macrophages	no	ok
Shisa3	Shisa3 (shisa family member 3) LPS macrophage	s_88320d4a	2026-09-25T15:44:00Z	7	PMC5907526	The Anti-Inflammatory Effects of Shinbaro3 Is Mediated by Downregulation of the TLR4 Signalling Pathway in LPS-Stimulated RAW 264.7 Macrophages	no	ok
Shisa3	Shisa3 (shisa family member 3) LPS macrophage	s_88320d4a	2026-09-25T15:44:00Z	8	PMC4378362	Analysis of the transcriptional networks underpinning the activation of murine macrophages by inflammatory mediators	no	ok
Shisa3	Shisa3 (shisa family member 3) LPS macrophage	s_88320d4a	2026-09-25T15:44:00Z	9	PMC13372918	Lipopolysaccharide-mediated macrophage polarization, conserved pathogenesis, and implications for peripheral neuropathy: a systematic review	no	ok
Shisa3	Shisa3 (shisa family member 3) LPS macrophage	s_88320d4a	2026-09-25T15:44:00Z	10	PMC4682375	Investigation of microRNAs in mouse macrophage responses to lipopolysaccharide-stimulation by combining gene expression with microRNA-target information	no	ok
Shisa3	Shisa3 (shisa family member 3) LPS macrophage	s_88320d4a	2026-09-25T15:44:00Z	11	PMC5332009	Genome-wide siRNA screen of genes regulating the LPS-induced TNF-α response in human macrophages	no	ok
Shisa3	Shisa3 (shisa family member 3) LPS macrophage	s_88320d4a	2026-09-25T15:44:00Z	12	PMC6667695	Cooperative and distinct functions of MK2 and MK3 in the regulation of the macrophage transcriptional response to lipopolysaccharide	yes	ok
Shisa3	Shisa3 (shisa family member 3) LPS macrophage	s_88320d4a	2026-09-25T15:44:00Z	13	PMC8289208	Lipopolysaccharide from biofilm-forming Pseudomonas aeruginosa PAO1 induces macrophage hyperinflammatory responses	no	ok
Shisa3	Shisa3 (shisa family member 3) LPS macrophage	s_88320d4a	2026-09-25T15:44:00Z	14	PMC11202707	SRSF3 Knockdown Inhibits Lipopolysaccharide-Induced Inflammatory Response in Macrophages	no	ok
Shisa3	Shisa3 (shisa family member 3) LPS macrophage	s_88320d4a	2026-09-25T15:44:00Z	15	PMC6894286	Shisa3 brakes resistance to EGFR-TKIs in lung adenocarcinoma by suppressing cancer stem cell properties	no	ok
Shisa3	Shisa3 (shisa family member 3) LPS macrophage	s_88320d4a	2026-09-25T15:44:00Z	16	PMC3333514	Monocyte normal immune response to LPS stimulation	no	ok
Shisa3	Shisa3 (shisa family member 3) LPS macrophage	s_88320d4a	2026-09-25T15:44:00Z	17	PMC7386301	Species-Specificity of Transcriptional Regulation and the Response to Lipopolysaccharide in Mammalian Macrophages	no	ok
Shisa3	Shisa3 (shisa family member 3) LPS macrophage	s_88320d4a	2026-09-25T15:44:00Z	18	PMC12766240	Transducin-like enhancer of split 3 protects against lipopolysaccharide-induced inflammation through DEAD-box helicase 5–activating transcription factor 1–protein phosphatase 2 regulatory subunit 5A signaling	no	ok
Shisa3	Shisa3 (shisa family member 3) LPS macrophage	s_88320d4a	2026-09-25T15:44:00Z	19	PMC12346749	Lipopolysaccharide-Activated Macrophages Suppress Cellular Senescence and Promote Rejuvenation in Human Dermal Fibroblasts	no	ok
Shisa3	Shisa3 (shisa family member 3) LPS macrophage	s_88320d4a	2026-09-25T15:44:00Z	20	PMC6609111	Pro-Inflammatory Role of S1P3 in Macrophages	no	ok
Shisa3	Shisa3 (shisa family member 3) LPS macrophage	s_88320d4a	2026-09-25T15:44:00Z	21	PMC10949775	Lipopolysaccharide regulation of antiinflammatory tristetraprolin family and proinflammatory gene expression in mouse macrophages	no	ok
Shisa3	Shisa3 (shisa family member 3) LPS macrophage	s_88320d4a	2026-09-25T15:44:00Z	22	PMC6199307	LncRNA HOTAIR regulates lipopolysaccharide-induced cytokine expression and inflammatory response in macrophages	no	ok
Shisa3	Shisa3 (shisa family member 3) LPS macrophage	s_88320d4a	2026-09-25T15:44:00Z	23	bio_eb0530776e54	Dynamic nucleosome redistribution and increases in nucleosome sensitivity underpin THP-1 macrophage response to LPS	no	ok
Shisa3	Shisa3 (shisa family member 3) LPS macrophage	s_88320d4a	2026-09-25T15:44:00Z	24	PMC10164277	SENP3 facilitates M1 macrophage polarization via the HIF-1α/PKM2 axis in lipopolysaccharide-induced acute lung injury	no	ok
Shisa3	Shisa3 (shisa family member 3) LPS macrophage	s_88320d4a	2026-09-25T15:44:00Z	25	PMC5627409	Selection of reliable reference genes for the normalisation of gene expression levels following time course LPS stimulation of murine bone marrow derived macrophages	no	ok
Edn1	Edn1 (endothelin 1) LPS macrophage	s_ce9c4eec	2026-09-25T15:44:00Z	1	PMC2188743	Endothelins, peptides with potent vasoactive properties, are produced by human macrophages	yes	ok
Edn1	Edn1 (endothelin 1) LPS macrophage	s_ce9c4eec	2026-09-25T15:44:00Z	2	PMC7779813	Nlrp3, Csf3, and Edn1 in Macrophage Response to Saturated Fatty Acids and Modified Low-Density Lipoprotein	yes	ok
Edn1	Edn1 (endothelin 1) LPS macrophage	s_ce9c4eec	2026-09-25T15:44:00Z	3	PMC12429320	Rodent Models of Lung Disease: A Road Map for Translational Research	no	ok
Edn1	Edn1 (endothelin 1) LPS macrophage	s_ce9c4eec	2026-09-25T15:44:00Z	4	PMC2365438	Endothelin-1 stimulates human monocytes in vitro to release TNF-α , IL-1β and IL-6	no	ok
Edn1	Edn1 (endothelin 1) LPS macrophage	s_ce9c4eec	2026-09-25T15:44:00Z	5	PMC7858588	Macrophages enhance lipopolysaccharide induced apoptosis via Ang1 and NF-κB pathways in human umbilical vein endothelial cells	no	ok
Edn1	Edn1 (endothelin 1) LPS macrophage	s_ce9c4eec	2026-09-25T15:44:00Z	6	PMC4753051	Systemic and Splanchnic Lipopolysaccharide and Endothelin-1 Plasma Levels in Liver Cirrhosis before and after Transjugular Intrahepatic Portosystemic Shunt	no	ok
Edn1	Edn1 (endothelin 1) LPS macrophage	s_ce9c4eec	2026-09-25T15:44:00Z	7	PMC5373621	Correction: Alternatively Activated (M2) Macrophage Phenotype Is Inducible by Endothelin-1 in Cultured Human Macrophages	no	ok
Edn1	Edn1 (endothelin 1) LPS macrophage	s_ce9c4eec	2026-09-25T15:44:00Z	8	PMC2629980	Preferential recruitment of neutrophils by endothelin-1 in acute lung inflammation induced by lipopolysaccharide or cigarette smoke	no	ok
Edn1	Edn1 (endothelin 1) LPS macrophage	s_ce9c4eec	2026-09-25T15:44:00Z	9	PMC6881566	Enhanced Endothelin A and B Receptor Expression and Receptor-Mediated Vasoconstriction in Rat Mesenteric arteries after Lipopolysaccharide Challenge	no	ok
Edn1	Edn1 (endothelin 1) LPS macrophage	s_ce9c4eec	2026-09-25T15:44:00Z	10	PMC5112853	Alternatively Activated (M2) Macrophage Phenotype Is Inducible by Endothelin-1 in Cultured Human Macrophages	no	ok
Edn1	Edn1 (endothelin 1) LPS macrophage	s_ce9c4eec	2026-09-25T15:44:00Z	11	PMC6144854	Effect of Human Umbilical Vein Endothelial Cells on Immune Responses of Lipopolysaccharide-Induced THP1 Macrophages	no	ok
Edn1	Edn1 (endothelin 1) LPS macrophage	s_ce9c4eec	2026-09-25T15:44:00Z	12	PMC10634087	Extracellular vesicles derived from endothelial cells modulate macrophage phenotype in vitro	no	ok
Edn1	Edn1 (endothelin 1) LPS macrophage	s_ce9c4eec	2026-09-25T15:44:00Z	13	PMC13483658	miR-379-5p serves as a biomarker and regulates sepsis-associated acute kidney injury via targeting EDN1	no	ok
Edn1	Edn1 (endothelin 1) LPS macrophage	s_ce9c4eec	2026-09-25T15:44:00Z	14	PMC7053374	Corrigendum: Macrophage Polarization: Different Gene Signatures in M1(LPS+) vs. Classically and M2(LPS–) vs. Alternatively Activated Macrophages	no	ok
Edn1	Edn1 (endothelin 1) LPS macrophage	s_ce9c4eec	2026-09-25T15:44:00Z	15	PMC6543837	Macrophage Polarization: Different Gene Signatures in M1(LPS+) vs. Classically and M2(LPS–) vs. Alternatively Activated Macrophages	no	ok
Edn1	Edn1 (endothelin 1) LPS macrophage	s_ce9c4eec	2026-09-25T15:44:00Z	16	PMC13372918	Lipopolysaccharide-mediated macrophage polarization, conserved pathogenesis, and implications for peripheral neuropathy: a systematic review	no	ok
Edn1	Edn1 (endothelin 1) LPS macrophage	s_ce9c4eec	2026-09-25T15:44:00Z	17	PMC3826139	Chlorella 11-Peptide Inhibits the Production of Macrophage-Induced Adhesion Molecules and Reduces Endothelin-1 Expression and Endothelial Permeability	yes	ok
Edn1	Edn1 (endothelin 1) LPS macrophage	s_ce9c4eec	2026-09-25T15:44:00Z	18	PMC10343049	A novel co-culture model for investigation of the effects of LPS-induced macrophage-derived cytokines on brain endothelial cells	no	ok
Edn1	Edn1 (endothelin 1) LPS macrophage	s_ce9c4eec	2026-09-25T15:44:00Z	19	PMC1781469	Transcriptional profiling of the LPS induced NF-κB response in macrophages	no	ok
Edn1	Edn1 (endothelin 1) LPS macrophage	s_ce9c4eec	2026-09-25T15:44:00Z	20	PMC6375194	Responses of perivascular macrophages to circulating lipopolysaccharides in the subfornical organ with special reference to endotoxin tolerance	no	ok
Edn1	Edn1 (endothelin 1) LPS macrophage	s_ce9c4eec	2026-09-25T15:44:00Z	21	PMC3953056	Epigenetic profile in lipopolysaccharide-stimulated macrophages	no	ok
Edn1	Edn1 (endothelin 1) LPS macrophage	s_ce9c4eec	2026-09-25T15:44:00Z	22	bio_5a4c8a837ab5	Macrophage EHD1 promotes inflammation and stabilizes sortilin to accelerate atherosclerosis	no	ok
Edn1	Edn1 (endothelin 1) LPS macrophage	s_ce9c4eec	2026-09-25T15:44:00Z	23	PMC6396028	A novel role for myeloid endothelin-B receptors in hypertension	yes	ok
Edn1	Edn1 (endothelin 1) LPS macrophage	s_ce9c4eec	2026-09-25T15:44:00Z	24	PMC8155903	Differential mRNA and miRNA Profiles Reveal the Potential Roles of Genes and miRNAs Involved in LPS Infection in Chicken Macrophages	no	ok
Edn1	Edn1 (endothelin 1) LPS macrophage	s_ce9c4eec	2026-09-25T15:44:00Z	25	PMC7918892	LPS Tolerance Inhibits Cellular Respiration and Induces Global Changes in the Macrophage Secretome	no	ok
Nos2	Nos2 (nitric oxide synthase 2, inducible) LPS macrophage	s_d6be8ace	2026-09-25T15:44:00Z	1	PMC4188127	“Of Mice and Men”: Arginine Metabolism in Macrophages	yes	ok
Nos2	Nos2 (nitric oxide synthase 2, inducible) LPS macrophage	s_d6be8ace	2026-09-25T15:44:00Z	2	PMC7905073	Nitric oxide produced by NOS2 copes with the cytotoxic effects of superoxide in macrophages	yes	ok
Nos2	Nos2 (nitric oxide synthase 2, inducible) LPS macrophage	s_d6be8ace	2026-09-25T15:44:00Z	3	PMC6245571	Species-Specific Transcriptional Regulation of Genes Involved in Nitric Oxide Production and Arginine Metabolism in Macrophages	yes	ok
Nos2	Nos2 (nitric oxide synthase 2, inducible) LPS macrophage	s_d6be8ace	2026-09-25T15:44:00Z	4	PMC8146495	Lipopolysaccharide-Induced Nitric Oxide and Prostaglandin E2 Production Is Inhibited by Tellimagrandin II in Mouse and Human Macrophages	yes	ok
Nos2	Nos2 (nitric oxide synthase 2, inducible) LPS macrophage	s_d6be8ace	2026-09-25T15:44:00Z	5	PMC7851796	Dataset on the differentiation of THP-1 monocytes to LPS inducible adherent macrophages and their capacity for NO/iNOS signaling	no	ok
Nos2	Nos2 (nitric oxide synthase 2, inducible) LPS macrophage	s_d6be8ace	2026-09-25T15:44:00Z	6	PMC4049611	A Defective TLR4 Signaling for IFN-β Expression Is Responsible for the Innately Lower Ability of BALB/c Macrophages to Produce NO in Response to LPS as Compared to C57BL/6	yes	ok
Nos2	Nos2 (nitric oxide synthase 2, inducible) LPS macrophage	s_d6be8ace	2026-09-25T15:44:00Z	7	PMC12592619	Neutrophilic granule protein promotes lipopolysaccharide-induced iNOS/NO expression via JAK2/STAT1 signaling pathway and augments bacteria clearance of macrophages	yes	ok
Nos2	Nos2 (nitric oxide synthase 2, inducible) LPS macrophage	s_d6be8ace	2026-09-25T15:44:00Z	8	PMC4284740	Pheophytin a Inhibits Inflammation via Suppression of LPS-Induced Nitric Oxide Synthase-2, Prostaglandin E2, and Interleukin-1β of Macrophages	yes	ok
Nos2	Nos2 (nitric oxide synthase 2, inducible) LPS macrophage	s_d6be8ace	2026-09-25T15:44:00Z	9	PMC2365621	Modulation of nitric oxide synthase activity in macrophages	no	ok
Nos2	Nos2 (nitric oxide synthase 2, inducible) LPS macrophage	s_d6be8ace	2026-09-25T15:44:00Z	10	PMC3891534	Anti-Inflammatory Cytokine Interleukin-4 Inhibits Inducible Nitric Oxide Synthase Gene Expression in the Mouse Macrophage Cell Line RAW264.7 through the Repression of Octamer-Dependent Transcription	yes	ok
Nos2	Nos2 (nitric oxide synthase 2, inducible) LPS macrophage	s_d6be8ace	2026-09-25T15:44:00Z	11	PMC1698482	Inhibition of inducible Nitric Oxide Synthase by a mustard gas analog in murine macrophages	yes	ok
Nos2	Nos2 (nitric oxide synthase 2, inducible) LPS macrophage	s_d6be8ace	2026-09-25T15:44:00Z	12	PMC10898816	Internal ribosomal entry site-mediated translational activity of nitric oxide synthase 2	yes	ok
Nos2	Nos2 (nitric oxide synthase 2, inducible) LPS macrophage	s_d6be8ace	2026-09-25T15:44:00Z	13	PMC9368968	Hypoxia Aggravates Inhibition of Alveolar Epithelial Na-Transport by Lipopolysaccharide-Stimulation of Alveolar Macrophages	yes	ok
Nos2	Nos2 (nitric oxide synthase 2, inducible) LPS macrophage	s_d6be8ace	2026-09-25T15:44:00Z	14	PMC5751240	Lipopolysaccharide-Induced Nitric Oxide, Prostaglandin E2, and Cytokine Production of Mouse and Human Macrophages Are Suppressed by Pheophytin-b	yes	ok
Nos2	Nos2 (nitric oxide synthase 2, inducible) LPS macrophage	s_d6be8ace	2026-09-25T15:44:00Z	15	PMC5955621	Mannan-induced Nos2 in macrophages enhances IL-17–driven psoriatic arthritis by innate lymphocytes	yes	ok
Nos2	Nos2 (nitric oxide synthase 2, inducible) LPS macrophage	s_d6be8ace	2026-09-25T15:44:00Z	16	PMC2811838	The inhibitory effect of quercitrin gallate on iNOS expression induced by lipopolysaccharide in Balb/c mice	yes	ok
Nos2	Nos2 (nitric oxide synthase 2, inducible) LPS macrophage	s_d6be8ace	2026-09-25T15:44:00Z	17	PMC2191051	Promoter of the mouse gene encoding calcium-independent nitric oxide synthase confers inducibility by interferon gamma and bacterial lipopolysaccharide	yes	ok
Nos2	Nos2 (nitric oxide synthase 2, inducible) LPS macrophage	s_d6be8ace	2026-09-25T15:44:00Z	18	PMC4191211	Nitric Oxide Synthase: Non-Canonical Expression Patterns	no	ok
Nos2	Nos2 (nitric oxide synthase 2, inducible) LPS macrophage	s_d6be8ace	2026-09-25T15:44:00Z	19	PMC13029237	Formulation of Gamma-Oryzanol Encapsulated Nanoparticles and Their Modulation Effects on Inducible Nitric Oxide Synthase and Nitric Oxide in LPS-Stimulated RAW 264.7 Macrophages	yes	ok
Nos2	Nos2 (nitric oxide synthase 2, inducible) LPS macrophage	s_d6be8ace	2026-09-25T15:44:00Z	20	PMC2190891	Lipopolysaccharide-induced selective priming effects on tumor necrosis factor alpha and nitric oxide production in mouse peritoneal macrophages	no	ok
Nos2	Nos2 (nitric oxide synthase 2, inducible) LPS macrophage	s_d6be8ace	2026-09-25T15:44:00Z	21	PMC4088763	Nitric oxide synthase 2-derived NO in endotoxemia is not sufficient to cause hemodynamic effects	yes	ok
Nos2	Nos2 (nitric oxide synthase 2, inducible) LPS macrophage	s_d6be8ace	2026-09-25T15:44:00Z	22	PMC5967330	Macrophage inducible nitric oxide synthase circulates inflammation and promotes lung carcinogenesis	yes	ok
Nos2	Nos2 (nitric oxide synthase 2, inducible) LPS macrophage	s_d6be8ace	2026-09-25T15:44:00Z	23	PMC6920088	Inducible nitric oxide synthase-derived extracellular nitric oxide flux regulates proinflammatory responses at the single cell level	yes	ok
Nos2	Nos2 (nitric oxide synthase 2, inducible) LPS macrophage	s_d6be8ace	2026-09-25T15:44:00Z	24	PMC12572803	Nitroalkene inhibition of pro-inflammatory macrophage effector function via modulation of signaling metabolite levels	yes	ok
Nos2	Nos2 (nitric oxide synthase 2, inducible) LPS macrophage	s_d6be8ace	2026-09-25T15:44:00Z	25	PMC4577833	NOS1-derived nitric oxide promotes NF-κB transcriptional activity through inhibition of suppressor of cytokine signaling-1		error
Il6	Il6 (interleukin 6) LPS macrophage	s_6a1d2e02	2026-09-25T15:44:00Z	1	PMC10859262	NF-κB p65 and TCF-4 interactions are associated with LPS-stimulated IL-6 secretion of macrophages	yes	ok
Il6	Il6 (interleukin 6) LPS macrophage	s_6a1d2e02	2026-09-25T15:44:00Z	2	PMC10971188	In Vitro Study of Interleukin-6 when Used at Low Dose and Ultra-Low Dose in Micro-Immunotherapy	yes	ok
Il6	Il6 (interleukin 6) LPS macrophage	s_6a1d2e02	2026-09-25T15:44:00Z	3	PMC9411515	Anxiolytic-like effects of hochuekkito in lipopolysaccharide-treated mice involve interleukin-6 inhibition	yes	ok
Il6	Il6 (interleukin 6) LPS macrophage	s_6a1d2e02	2026-09-25T15:44:00Z	4	PMC3786936	The Uremic Toxin Indoxyl Sulphate Enhances Macrophage Response to LPS	yes	ok
Il6	Il6 (interleukin 6) LPS macrophage	s_6a1d2e02	2026-09-25T15:44:00Z	5	PMC4161471	Interleukin-6 signaling promotes alternative macrophage activation to limit obesity-associated insulin resistance and endotoxemia	no	ok
Il6	Il6 (interleukin 6) LPS macrophage	s_6a1d2e02	2026-09-25T15:44:00Z	6	PMC6345024	CEACAM1 regulates the IL-6 mediated fever response to LPS through the RP105 receptor in murine monocytes	yes	ok
Il6	Il6 (interleukin 6) LPS macrophage	s_6a1d2e02	2026-09-25T15:44:00Z	7	bio_f7b8d9ca6e0e	COVID-19 virtual patient cohort reveals immune mechanisms driving disease outcomes	yes	ok
Il6	Il6 (interleukin 6) LPS macrophage	s_6a1d2e02	2026-09-25T15:44:00Z	8	PMC2910493	Interleukin-6 Contributes to Age-Related Alteration of Cytokine Production by Macrophages	no	ok
Il6	Il6 (interleukin 6) LPS macrophage	s_6a1d2e02	2026-09-25T15:44:00Z	9	PMC4355005	MicroRNA-181b regulates endotoxin tolerance by targeting IL-6 in macrophage RAW264.7 cells	yes	ok
Il6	Il6 (interleukin 6) LPS macrophage	s_6a1d2e02	2026-09-25T15:44:00Z	10	PMC9363591	Interleukin 6-regulated macrophage polarization controls atherosclerosis-associated vascular intimal hyperplasia	no	ok
Il6	Il6 (interleukin 6) LPS macrophage	s_6a1d2e02	2026-09-25T15:44:00Z	11	PMC12782472	Production and Characterization of IgY Polyclonal Antibodies Specific to Human Interleukin-6 and Their Neutralization Potential for Anti-inflammatory Responses	yes	ok
Il6	Il6 (interleukin 6) LPS macrophage	s_6a1d2e02	2026-09-25T15:44:00Z	12	PMC6481127	CD80 Expression Correlates with IL-6 Production in THP-1-Like Macrophages Costimulated with LPS and Dialyzable Leukocyte Extract (Transferon®)		error
Il6	Il6 (interleukin 6) LPS macrophage	s_6a1d2e02	2026-09-25T15:44:00Z	13	PMC11784258	IRF3 Promotes Production of IL-6 and Nitric Oxide but Represses CCL22 in RAW264.7 Macrophage Cells Exposed to Lipopolysaccharides in Culture	yes	ok
Il6	Il6 (interleukin 6) LPS macrophage	s_6a1d2e02	2026-09-25T15:44:00Z	14	PMC4220616	Direct and Indirect Suppression of Interleukin-6 Gene Expression in Murine Macrophages by Nuclear Orphan Receptor REV-ERBα	yes	ok
Il6	Il6 (interleukin 6) LPS macrophage	s_6a1d2e02	2026-09-25T15:44:00Z	15	PMC9589251	Mouse Ocilrp2/Clec2i negatively regulates LPS-mediated IL-6 production by blocking Dap12-Syk interaction in macrophage	yes	ok
Il6	Il6 (interleukin 6) LPS macrophage	s_6a1d2e02	2026-09-25T15:44:00Z	16	PMC11023693	Type I Interferon, Induced by Adenovirus or Adenoviral Vector Infection, Regulates the Cytokine Response to Lipopolysaccharide in a Macrophage Type-Specific Manner	yes	ok
Il6	Il6 (interleukin 6) LPS macrophage	s_6a1d2e02	2026-09-25T15:44:00Z	17	PMC3988054	The Pro-Inflammatory Cytokine, Interleukin-6, Enhances the Polarization of Alternatively Activated Macrophages	no	ok
Il6	Il6 (interleukin 6) LPS macrophage	s_6a1d2e02	2026-09-25T15:44:00Z	18	PMC9411976	Mathematical modelling of activation-induced heterogeneity in TNF, IL6, NOS2, and IL1β expression reveals cell state transitions underpinning macrophage responses to LPS	yes	ok
Il6	Il6 (interleukin 6) LPS macrophage	s_6a1d2e02	2026-09-25T15:44:00Z	19	PMC10003757	Isocorydine Ameliorates IL-6 Expression in Bone Marrow-Derived Macrophages and Acute Lung Injury Induced by Lipopolysaccharide	yes	ok
Il6	Il6 (interleukin 6) LPS macrophage	s_6a1d2e02	2026-09-25T15:44:00Z	20	PMC3139050	Curcumin suppresses the production of interleukin-6 in Prevotella intermedia lipopolysaccharide-activated RAW 264.7 cells	yes	ok
Il6	Il6 (interleukin 6) LPS macrophage	s_6a1d2e02	2026-09-25T15:44:00Z	21	PMC7364262	Astragalus membranaceus Injection Suppresses Production of Interleukin-6 by Activating Autophagy through the AMPK-mTOR Pathway in Lipopolysaccharide-Stimulated Macrophages	yes	ok
Il6	Il6 (interleukin 6) LPS macrophage	s_6a1d2e02	2026-09-25T15:44:00Z	22	bio_206e5a356c66	Mathematical modelling of activation-induced heterogeneity reveals cell state transitions underpinning macrophage responses to LPS	yes	ok
Il6	Il6 (interleukin 6) LPS macrophage	s_6a1d2e02	2026-09-25T15:44:00Z	23	PMC4413204	Diphlorethohydroxycarmalol Inhibits Interleukin-6 Production by Regulating NF-κB, STAT5 and SOCS1 in Lipopolysaccharide-Stimulated RAW264.7 Cells	yes	ok
Il6	Il6 (interleukin 6) LPS macrophage	s_6a1d2e02	2026-09-25T15:44:00Z	24	PMC3888770	IL-21 Modulates Release of Proinflammatory Cytokines in LPS-Stimulated Macrophages through Distinct Signaling Pathways	no	ok
Il6	Il6 (interleukin 6) LPS macrophage	s_6a1d2e02	2026-09-25T15:44:00Z	25	PMC4655375	The p38 MAPK inhibitor SB203580 differentially modulates LPS-induced interleukin 6 expression in macrophages	yes	ok
Tnfsf15	Tnfsf15 (tumor necrosis factor (ligand) superfamily, member 15) LPS macrophage	s_df3e5637	2026-09-25T15:44:26Z	1	PMC7689184	TNFSF15 Promotes Antimicrobial Pathways in Human Macrophages and These Are Modulated by TNFSF15 Disease-Risk Variants	no	ok
Tnfsf15	Tnfsf15 (tumor necrosis factor (ligand) superfamily, member 15) LPS macrophage	s_df3e5637	2026-09-25T15:44:26Z	2	PMC8812784	TNFSF15 facilitates differentiation and polarization of macrophages toward M1 phenotype to inhibit tumor growth	no	ok
Tnfsf15	Tnfsf15 (tumor necrosis factor (ligand) superfamily, member 15) LPS macrophage	s_df3e5637	2026-09-25T15:44:26Z	3	PMC6543837	Macrophage Polarization: Different Gene Signatures in M1(LPS+) vs. Classically and M2(LPS–) vs. Alternatively Activated Macrophages	no	ok
Tnfsf15	Tnfsf15 (tumor necrosis factor (ligand) superfamily, member 15) LPS macrophage	s_df3e5637	2026-09-25T15:44:26Z	4	PMC3431012	LITAF and TNFSF15, two downstream targets of AMPK, exert inhibitory effects on tumor growth	no	ok
Tnfsf15	Tnfsf15 (tumor necrosis factor (ligand) superfamily, member 15) LPS macrophage	s_df3e5637	2026-09-25T15:44:26Z	5	PMC3959508	Identifying and testing candidate genetic polymorphisms in irritable bowel syndrome: association with TNFSF15 and tumor necrosis factor-α	no	ok
Tnfsf15	Tnfsf15 (tumor necrosis factor (ligand) superfamily, member 15) LPS macrophage	s_df3e5637	2026-09-25T15:44:26Z	6	PMC12294962	Quantitative Proteomics Reveals Fh15 as an Antagonist of TLR4 Downregulating the Activation of NF-κB, Inducible Nitric Oxide, Phagosome Signaling Pathways, and Oxidative Stress of LPS-Stimulated Macrophages	no	ok
Tnfsf15	Tnfsf15 (tumor necrosis factor (ligand) superfamily, member 15) LPS macrophage	s_df3e5637	2026-09-25T15:44:26Z	7	PMC6130856	Reduced monocyte and macrophage TNFSF15/TL1A expression is associated with susceptibility to inflammatory bowel disease	yes	ok
Tnfsf15	Tnfsf15 (tumor necrosis factor (ligand) superfamily, member 15) LPS macrophage	s_df3e5637	2026-09-25T15:44:26Z	8	PMC9161903	Protective effect of growth differentiation factor 15 in sepsis by regulating macrophage polarization and its mechanism	no	ok
Tnfsf15	Tnfsf15 (tumor necrosis factor (ligand) superfamily, member 15) LPS macrophage	s_df3e5637	2026-09-25T15:44:26Z	9	PMC6584785	Distinct Expression Patterns of Two Tumor Necrosis Factor Superfamily Member 15 Gene Isoforms in Human Colon Cancer	no	ok
Tnfsf15	Tnfsf15 (tumor necrosis factor (ligand) superfamily, member 15) LPS macrophage	s_df3e5637	2026-09-25T15:44:26Z	10	PMC12872506	GDF15 orchestrates mitochondrial-immune crosstalk via SMAD7-HIF-1α-PKM2 cascade to attenuate septic liver injury	no	ok
Tnfsf15	Tnfsf15 (tumor necrosis factor (ligand) superfamily, member 15) LPS macrophage	s_df3e5637	2026-09-25T15:44:26Z	11	PMC13372918	Lipopolysaccharide-mediated macrophage polarization, conserved pathogenesis, and implications for peripheral neuropathy: a systematic review	no	ok
Tnfsf15	Tnfsf15 (tumor necrosis factor (ligand) superfamily, member 15) LPS macrophage	s_df3e5637	2026-09-25T15:44:26Z	12	PMC8155903	Differential mRNA and miRNA Profiles Reveal the Potential Roles of Genes and miRNAs Involved in LPS Infection in Chicken Macrophages	no	ok
Tnfsf15	Tnfsf15 (tumor necrosis factor (ligand) superfamily, member 15) LPS macrophage	s_df3e5637	2026-09-25T15:44:26Z	13	PMC3333514	Monocyte normal immune response to LPS stimulation	no	ok
Tnfsf15	Tnfsf15 (tumor necrosis factor (ligand) superfamily, member 15) LPS macrophage	s_df3e5637	2026-09-25T15:44:26Z	14	PMC5979423	Cytokine Expression and Macrophage Localization in Xenograft and Allograft Tumor Models Stimulated with Lipopolysaccharide	no	ok
Tnfsf15	Tnfsf15 (tumor necrosis factor (ligand) superfamily, member 15) LPS macrophage	s_df3e5637	2026-09-25T15:44:26Z	15	PMC5954968	Tremella fuciformis Polysaccharides Attenuate Oxidative Stress and Inflammation in Macrophages through miR-155	no	ok
Tnfsf15	Tnfsf15 (tumor necrosis factor (ligand) superfamily, member 15) LPS macrophage	s_df3e5637	2026-09-25T15:44:26Z	16	PMC9456100	Lipopolysaccharide from Porphyromonas gingivalis, but Not from Porphyromonas endodontalis, Induces Macrophage M1 Profile	no	ok
Tnfsf15	Tnfsf15 (tumor necrosis factor (ligand) superfamily, member 15) LPS macrophage	s_df3e5637	2026-09-25T15:44:26Z	17	PMC9778199	Genetic and Epigenetic Etiology of Inflammatory Bowel Disease: An Update	no	ok
Tnfsf15	Tnfsf15 (tumor necrosis factor (ligand) superfamily, member 15) LPS macrophage	s_df3e5637	2026-09-25T15:44:26Z	18	PMC8456026	The Clinical Value of GDF15 and Its Prospective Mechanism in Sepsis	no	ok
Tnfsf15	Tnfsf15 (tumor necrosis factor (ligand) superfamily, member 15) LPS macrophage	s_df3e5637	2026-09-25T15:44:26Z	19	PMC5358891	Analysis of the human monocyte-derived macrophage transcriptome and response to lipopolysaccharide provides new insights into genetic aetiology of inflammatory bowel disease		error
Tnfsf15	Tnfsf15 (tumor necrosis factor (ligand) superfamily, member 15) LPS macrophage	s_df3e5637	2026-09-25T15:44:26Z	20	PMC11994614	Oral and transdermal administration of lipopolysaccharide safely enhances self-healing ability through the macrophage network	no	ok
Tnfsf15	Tnfsf15 (tumor necrosis factor (ligand) superfamily, member 15) LPS macrophage	s_df3e5637	2026-09-25T15:44:26Z	21	PMC11242731	Macrophages as a Source and Target of GDF-15	no	ok
Tnfsf15	Tnfsf15 (tumor necrosis factor (ligand) superfamily, member 15) LPS macrophage	s_df3e5637	2026-09-25T15:44:26Z	22	PMC1781469	Transcriptional profiling of the LPS induced NF-κB response in macrophages	no	ok
Tnfsf15	Tnfsf15 (tumor necrosis factor (ligand) superfamily, member 15) LPS macrophage	s_df3e5637	2026-09-25T15:44:26Z	23	PMC5430818	Growth Differentiation Factor-15 Deficiency Augments Inflammatory Response and Exacerbates Septic Heart and Renal Injury Induced by Lipopolysaccharide	no	ok
Tnfsf15	Tnfsf15 (tumor necrosis factor (ligand) superfamily, member 15) LPS macrophage	s_df3e5637	2026-09-25T15:44:26Z	24	PMC10690882	TNFSF15 facilitates the differentiation of CD11b+ myeloid cells into vascular pericytes in tumors	no	ok
Tnfsf15	Tnfsf15 (tumor necrosis factor (ligand) superfamily, member 15) LPS macrophage	s_df3e5637	2026-09-25T15:44:26Z	25	PMC6384511	Role of TNFSF15 in the intestinal inflammatory response	no	ok
Il1b	Il1b (interleukin 1 beta) LPS macrophage	s_4c510687	2026-09-25T15:44:33Z	1	PMC7883330	CCR5 signaling promotes lipopolysaccharide-induced macrophage recruitment and alveolar developmental arrest	yes	ok
Il1b	Il1b (interleukin 1 beta) LPS macrophage	s_4c510687	2026-09-25T15:44:33Z	2	PMC12877074	IL-1β+ lung-resident macrophages mediate endothelial dysfunction and acute lung injury in sepsis through immune-metabolic crosstalk	yes	ok
Il1b	Il1b (interleukin 1 beta) LPS macrophage	s_4c510687	2026-09-25T15:44:33Z	3	PMC3735524	GATA-2 Transduces LPS-Induced il-1β Gene Expression in Macrophages via a Toll-Like Receptor 4/MD88/MAPK-Dependent Mechanism	yes	ok
Il1b	Il1b (interleukin 1 beta) LPS macrophage	s_4c510687	2026-09-25T15:44:33Z	4	PMC5895696	Macrophage-derived IL-1β/NF-κB signaling mediates parenteral nutrition-associated cholestasis	yes	ok
Il1b	Il1b (interleukin 1 beta) LPS macrophage	s_4c510687	2026-09-25T15:44:33Z	5	PMC10798930	The Bisdioxopiperazine ICRF-193 Attenuates LPS-induced IL-1β Secretion by Macrophages	yes	ok
Il1b	Il1b (interleukin 1 beta) LPS macrophage	s_4c510687	2026-09-25T15:44:33Z	6	PMC7733482	D-mannose suppresses macrophage IL-1β production	yes	ok
Il1b	Il1b (interleukin 1 beta) LPS macrophage	s_4c510687	2026-09-25T15:44:33Z	7	PMC12682978	Interleukin-1β Secretion by Macrophages in Patients with Colorectal Cancer in Relation to the Clinicopathological Characteristics of the Disease	yes	ok
Il1b	Il1b (interleukin 1 beta) LPS macrophage	s_4c510687	2026-09-25T15:44:33Z	8	PMC5241476	Regular Voluntary Exercise Potentiates Interleukin-1β and Interleukin-18 Secretion by Increasing Caspase-1 Expression in Murine Macrophages	yes	ok
Il1b	Il1b (interleukin 1 beta) LPS macrophage	s_4c510687	2026-09-25T15:44:33Z	9	PMC4985817	TLR4-Upregulated IL-1β and IL-1RI Promote Alveolar Macrophage Pyroptosis and Lung Inflammation through an Autocrine Mechanism	yes	ok
Il1b	Il1b (interleukin 1 beta) LPS macrophage	s_4c510687	2026-09-25T15:44:33Z	10	PMC2989768	IκBβ is an essential co-activator for LPS-induced IL-1β transcription in vivo	yes	ok
Il1b	Il1b (interleukin 1 beta) LPS macrophage	s_4c510687	2026-09-25T15:44:33Z	11	PMC4156420	Flavonoid Apigenin Inhibits Lipopolysaccharide-Induced Inflammatory Response through Multiple Mechanisms in Macrophages	yes	ok
Il1b	Il1b (interleukin 1 beta) LPS macrophage	s_4c510687	2026-09-25T15:44:33Z	12	PMC6375194	Responses of perivascular macrophages to circulating lipopolysaccharides in the subfornical organ with special reference to endotoxin tolerance	yes	ok
Il1b	Il1b (interleukin 1 beta) LPS macrophage	s_4c510687	2026-09-25T15:44:33Z	13	PMC5761659	Inhibition of IκBβ/NFκB signaling prevents LPS-induced IL1β expression without increasing apoptosis in the developing mouse lung	yes	ok
Il1b	Il1b (interleukin 1 beta) LPS macrophage	s_4c510687	2026-09-25T15:44:33Z	14	PMC4728557	Secreted Thrombospondin-1 Regulates Macrophage Interleukin-1β Production and Activation through CD47	yes	ok
Il1b	Il1b (interleukin 1 beta) LPS macrophage	s_4c510687	2026-09-25T15:44:33Z	15	PMC13311925	Differential toll-like receptor signaling pathways shape IL-1β-dependent inflammatory responses in chicken macrophages	yes	ok
Il1b	Il1b (interleukin 1 beta) LPS macrophage	s_4c510687	2026-09-25T15:44:33Z	16	bio_fc056c676f79	Macrophage Xanthine Oxidoreductase Links LPS Induced Lung Inflammatory Injury to NLRP3 Inflammasome Expression and Mitochondrial Respiration	no	ok
Il1b	Il1b (interleukin 1 beta) LPS macrophage	s_4c510687	2026-09-25T15:44:33Z	17	PMC1784569	Gram-negative bacterial LPS induced poor uterine receptivity and implantation failure in mouse: alterations in IL-1beta expression in the preimplantation embryo and uterine horns.	yes	ok
Il1b	Il1b (interleukin 1 beta) LPS macrophage	s_4c510687	2026-09-25T15:44:33Z	18	PMC5295423	IL-1α and IL-1β-producing macrophages populate lung tumor lesions in mice	yes	ok
Il1b	Il1b (interleukin 1 beta) LPS macrophage	s_4c510687	2026-09-25T15:44:33Z	19	PMC9698243	Involvement of the p38 MAPK-NLRC4-Caspase-1 Pathway in Ionizing Radiation-Enhanced Macrophage IL-1β Production	yes	ok
Il1b	Il1b (interleukin 1 beta) LPS macrophage	s_4c510687	2026-09-25T15:44:33Z	20	PMC12345257	High-density lipoprotein attenuates lipopolysaccharide-induced IL-1β activation via scavenger receptor class B type 1	yes	ok
Il1b	Il1b (interleukin 1 beta) LPS macrophage	s_4c510687	2026-09-25T15:44:33Z	21	bio_206e5a356c66	Mathematical modelling of activation-induced heterogeneity reveals cell state transitions underpinning macrophage responses to LPS	yes	ok
Il1b	Il1b (interleukin 1 beta) LPS macrophage	s_4c510687	2026-09-25T15:44:33Z	22	PMC10330783	Human metapneumovirus driven IFN-β production antagonizes macrophage transcriptional induction of IL1-β in response to bacterial pathogens	yes	ok
Il1b	Il1b (interleukin 1 beta) LPS macrophage	s_4c510687	2026-09-25T15:44:33Z	23	PMC7360975	Tissue‐resident macrophages actively suppress IL‐1beta release via a reactive prostanoid/IL‐10 pathway	yes	ok
Il1b	Il1b (interleukin 1 beta) LPS macrophage	s_4c510687	2026-09-25T15:44:33Z	24	PMC2365439	RNA from LPS-stirnulated macrophages induces the release of tumour necrosis factor-α and interleukin-1 by resident macrophages	no	ok
Il1b	Il1b (interleukin 1 beta) LPS macrophage	s_4c510687	2026-09-25T15:44:33Z	25	PMC2949756	Motif prediction to distinguish LPS-stimulated pro-inflammatory  vs . antibacterial macrophage genes	no	ok
Il1a	Il1a (interleukin 1 alpha) LPS macrophage	s_e202e116	2026-09-25T15:45:08Z	1	PMC5295423	IL-1α and IL-1β-producing macrophages populate lung tumor lesions in mice	yes	ok
Il1a	Il1a (interleukin 1 alpha) LPS macrophage	s_e202e116	2026-09-25T15:45:08Z	2	bio_5bcf0fbf7dda	Inflammatory responses following CRISPR modification of the nuclear localisation sequence in endogenous interleukin-1α	yes	ok
Il1a	Il1a (interleukin 1 alpha) LPS macrophage	s_e202e116	2026-09-25T15:45:08Z	3	PMC6637303	Developmentally Regulated Innate Immune NFκB Signaling Mediates IL-1α Expression in the Perinatal Murine Lung	yes	ok
Il1a	Il1a (interleukin 1 alpha) LPS macrophage	s_e202e116	2026-09-25T15:45:08Z	4	PMC5719027	CRISPR/Cas9 mediated mutation of mouse IL-1α nuclear localisation sequence abolishes expression	yes	ok
Il1a	Il1a (interleukin 1 alpha) LPS macrophage	s_e202e116	2026-09-25T15:45:08Z	5	PMC13421434	Targeting senescence-associated secretory phenotype macrophage: apigenin inhibits DOT1L-dependent H3K79me2 at IL1A to fight SASP in senescent macrophages	yes	ok
Il1a	Il1a (interleukin 1 alpha) LPS macrophage	s_e202e116	2026-09-25T15:45:08Z	6	PMC2119227	Transition from interleukin 1 beta (IL-1 beta) to IL-1 alpha production during maturation of inflammatory macrophages in vivo	yes	ok
Il1a	Il1a (interleukin 1 alpha) LPS macrophage	s_e202e116	2026-09-25T15:45:08Z	7	PMC11495263	The common IL1A single nucleotide polymorphism rs17561 is a hypomorphic mutation that significantly reduces interleukin‐1α release from human blood cells	no	ok
Il1a	Il1a (interleukin 1 alpha) LPS macrophage	s_e202e116	2026-09-25T15:45:08Z	8	PMC7883330	CCR5 signaling promotes lipopolysaccharide-induced macrophage recruitment and alveolar developmental arrest	no	ok
Il1a	Il1a (interleukin 1 alpha) LPS macrophage	s_e202e116	2026-09-25T15:45:08Z	9	PMC7733482	D-mannose suppresses macrophage IL-1β production	no	ok
Il1a	Il1a (interleukin 1 alpha) LPS macrophage	s_e202e116	2026-09-25T15:45:08Z	10	bio_16d3b4c677d7	Host-derived Interleukin 1α induces an immunosuppressive tumor microenvironment via regulating monocyte-to-macrophage differentiation	no	ok
Il1a	Il1a (interleukin 1 alpha) LPS macrophage	s_e202e116	2026-09-25T15:45:08Z	11	PMC2949756	Motif prediction to distinguish LPS-stimulated pro-inflammatory  vs . antibacterial macrophage genes	no	ok
Il1a	Il1a (interleukin 1 alpha) LPS macrophage	s_e202e116	2026-09-25T15:45:08Z	12	PMC12910057	Host-derived interleukin-1α drives tumor immunosuppression by reprogramming tumor-associated myeloid cells	no	ok
Il1a	Il1a (interleukin 1 alpha) LPS macrophage	s_e202e116	2026-09-25T15:45:08Z	13	PMC10798930	The Bisdioxopiperazine ICRF-193 Attenuates LPS-induced IL-1β Secretion by Macrophages	no	ok
Il1a	Il1a (interleukin 1 alpha) LPS macrophage	s_e202e116	2026-09-25T15:45:08Z	14	PMC10063881	Potent anti-inflammatory responses: Role of hydrogen in IL-1α dominated early phase systemic inflammation	yes	ok
Il1a	Il1a (interleukin 1 alpha) LPS macrophage	s_e202e116	2026-09-25T15:45:08Z	15	PMC3596280	miR-181a Regulates Inflammation Responses in Monocytes and Macrophages	yes	ok
Il1a	Il1a (interleukin 1 alpha) LPS macrophage	s_e202e116	2026-09-25T15:45:08Z	16	PMC5622065	IL-17A induces heterogeneous macrophages, and it does not alter the effects of lipopolysaccharides on macrophage activation in the skin of mice	no	ok
Il1a	Il1a (interleukin 1 alpha) LPS macrophage	s_e202e116	2026-09-25T15:45:08Z	17	PMC9729281	Determining distinct roles of IL-1α through generation of an IL-1α knockout mouse with no defect in IL-1β expression	yes	ok
Il1a	Il1a (interleukin 1 alpha) LPS macrophage	s_e202e116	2026-09-25T15:45:08Z	18	PMC3735524	GATA-2 Transduces LPS-Induced il-1β Gene Expression in Macrophages via a Toll-Like Receptor 4/MD88/MAPK-Dependent Mechanism	no	ok
Il1a	Il1a (interleukin 1 alpha) LPS macrophage	s_e202e116	2026-09-25T15:45:08Z	19	PMC2212263	Production of Mice Deficient in Genes for Interleukin (IL)-1α, IL-1β, IL-1α/β, and IL-1 Receptor Antagonist Shows that IL-1β Is Crucial in Turpentine-induced Fever Development and Glucocorticoid Secretion	yes	ok
Il1a	Il1a (interleukin 1 alpha) LPS macrophage	s_e202e116	2026-09-25T15:45:08Z	20	PMC5332015	Genome-wide siRNA screen of genes regulating the LPS-induced NF-κB and TNF-α responses in mouse macrophages	no	ok
Il1a	Il1a (interleukin 1 alpha) LPS macrophage	s_e202e116	2026-09-25T15:45:08Z	21	PMC6543837	Macrophage Polarization: Different Gene Signatures in M1(LPS+) vs. Classically and M2(LPS–) vs. Alternatively Activated Macrophages	yes	ok
Il1a	Il1a (interleukin 1 alpha) LPS macrophage	s_e202e116	2026-09-25T15:45:08Z	22	PMC13133774	Inflammatory responses following CRISPR modification of the nuclear localisation sequence in endogenous interleukin-1 alpha	yes	ok
Il1a	Il1a (interleukin 1 alpha) LPS macrophage	s_e202e116	2026-09-25T15:45:08Z	23	PMC3073971	Paracrine IL-33 Stimulation Enhances Lipopolysaccharide-Mediated Macrophage Activation	no	ok
Il1a	Il1a (interleukin 1 alpha) LPS macrophage	s_e202e116	2026-09-25T15:45:08Z	24	PMC4378362	Analysis of the transcriptional networks underpinning the activation of murine macrophages by inflammatory mediators	yes	ok
Il1a	Il1a (interleukin 1 alpha) LPS macrophage	s_e202e116	2026-09-25T15:45:08Z	25	PMC2188962	Induction of interleukin 1 alpha mRNA during the antigen-dependent interaction of sensitized T lymphoblasts with macrophages	no	ok
Lipg	Lipg (lipase G, endothelial type) LPS macrophage	s_efa4f396	2026-09-25T15:45:25Z	1	PMC9833968	LIPG is a novel prognostic biomarker and correlated with immune infiltrates in lung adenocarcinoma	no	ok
Lipg	Lipg (lipase G, endothelial type) LPS macrophage	s_efa4f396	2026-09-25T15:45:25Z	2	PMC12955355	Regulatory roles of bioactive lipids in vascular homeostasis and remodeling	no	ok
Lipg	Lipg (lipase G, endothelial type) LPS macrophage	s_efa4f396	2026-09-25T15:45:25Z	3	PMC6618071	LIPG‐promoted lipid storage mediates adaptation to oxidative stress in breast cancer	no	ok
Lipg	Lipg (lipase G, endothelial type) LPS macrophage	s_efa4f396	2026-09-25T15:45:25Z	4	PMC1316069	Endothelial Lipase: A New Risk Factor for Atherosclerosis?	no	ok
Lipg	Lipg (lipase G, endothelial type) LPS macrophage	s_efa4f396	2026-09-25T15:45:25Z	5	bio_c6ad21607925	Endothelial lipase facilitates low-density lipoprotein (LDL) uptake in LDL receptor deficiency by a heparan sulfate proteoglycan-dependent mechanism	no	ok
Lipg	Lipg (lipase G, endothelial type) LPS macrophage	s_efa4f396	2026-09-25T15:45:25Z	6	PMC8426562	A host lipase prevents lipopolysaccharide-induced foam cell formation	no	ok
Lipg	Lipg (lipase G, endothelial type) LPS macrophage	s_efa4f396	2026-09-25T15:45:25Z	7	bio_81ee94387dff	Angiopoietin like protein 3 regulates low-density lipoprotein transport through aortic endothelial cells via endothelial lipase	no	ok
Lipg	Lipg (lipase G, endothelial type) LPS macrophage	s_efa4f396	2026-09-25T15:45:25Z	8	PMC7265491	Inhibition of LIPG phospholipase activity suppresses tumor formation of human basal-like triple-negative breast cancer	no	ok
Lipg	Lipg (lipase G, endothelial type) LPS macrophage	s_efa4f396	2026-09-25T15:45:25Z	9	PMC6753242	Which is the Best Predictor for the Development of Atherosclerosis Among Circulating Lipoprotein Lipase, Hepatic Lipase, and Endothelial Lipase?	no	ok
Lipg	Lipg (lipase G, endothelial type) LPS macrophage	s_efa4f396	2026-09-25T15:45:25Z	10	PMC3375090	Population-Based Resequencing of LIPG and ZNF202 Genes in Subjects with Extreme HDL Levels	no	ok
Lipg	Lipg (lipase G, endothelial type) LPS macrophage	s_efa4f396	2026-09-25T15:45:25Z	11	PMC3234219	Mining the LIPG Allelic Spectrum Reveals the Contribution of Rare and Common Regulatory Variants to HDL Cholesterol	no	ok
Lipg	Lipg (lipase G, endothelial type) LPS macrophage	s_efa4f396	2026-09-25T15:45:25Z	12	PMC2188426	Effects of activation on lipoprotein lipase secretion by macrophages. Evidence for autoregulation	no	ok
Lipg	Lipg (lipase G, endothelial type) LPS macrophage	s_efa4f396	2026-09-25T15:45:25Z	13	PMC4378362	Analysis of the transcriptional networks underpinning the activation of murine macrophages by inflammatory mediators	no	ok
Lipg	Lipg (lipase G, endothelial type) LPS macrophage	s_efa4f396	2026-09-25T15:45:25Z	14	PMC12326425	Effect of Interactions Between Endothelial Lipase Gene Polymorphisms and Traditional Cardiovascular Risk Factors on Coronary Heart Disease Susceptibility	no	ok
Lipg	Lipg (lipase G, endothelial type) LPS macrophage	s_efa4f396	2026-09-25T15:45:25Z	15	PMC4822041	FoxA and LIPG endothelial lipase control the uptake of extracellular lipids for breast cancer growth	no	ok
Lipg	Lipg (lipase G, endothelial type) LPS macrophage	s_efa4f396	2026-09-25T15:45:25Z	16	PMC13372918	Lipopolysaccharide-mediated macrophage polarization, conserved pathogenesis, and implications for peripheral neuropathy: a systematic review	no	ok
Lipg	Lipg (lipase G, endothelial type) LPS macrophage	s_efa4f396	2026-09-25T15:45:25Z	17	PMC8129130	LIPG endothelial lipase and breast cancer risk by subtypes	no	ok
Lipg	Lipg (lipase G, endothelial type) LPS macrophage	s_efa4f396	2026-09-25T15:45:25Z	18	PMC2394514	Expression analysis of G Protein-Coupled Receptors in mouse macrophages	no	ok
Lipg	Lipg (lipase G, endothelial type) LPS macrophage	s_efa4f396	2026-09-25T15:45:25Z	19	PMC9002396	Lipid Metabolism in Inflammation and Immune Function	no	ok
Lipg	Lipg (lipase G, endothelial type) LPS macrophage	s_efa4f396	2026-09-25T15:45:25Z	20	PMC9656053	A Global Picture of Molecular Changes Associated to LPS Treatment in THP-1 Derived Human Macrophages by Fourier Transform Infrared Microspectroscopy	no	ok
Lipg	Lipg (lipase G, endothelial type) LPS macrophage	s_efa4f396	2026-09-25T15:45:25Z	21	PMC6694707	LIPG supports adaption to oxidative stress	no	ok
Lipg	Lipg (lipase G, endothelial type) LPS macrophage	s_efa4f396	2026-09-25T15:45:25Z	22	PMC11405259	ZDHHC1 downregulates LIPG and inhibits colorectal cancer growth via IGF2BP1 Palmitoylation	no	ok
Lipg	Lipg (lipase G, endothelial type) LPS macrophage	s_efa4f396	2026-09-25T15:45:25Z	23	PMC13172313	NCBP2 drives colorectal cancer growth and metastasis through LIPG-mediated lipid droplet accumulation	no	ok
Lipg	Lipg (lipase G, endothelial type) LPS macrophage	s_efa4f396	2026-09-25T15:45:25Z	24	PMC3296002	Increased expression of endothelial lipase in symptomatic and unstable carotid plaques	no	ok
Lipg	Lipg (lipase G, endothelial type) LPS macrophage	s_efa4f396	2026-09-25T15:45:25Z	25	PMC3607615	Genetic and Structure-Function Studies of Missense Mutations in Human Endothelial Lipase	no	ok
Saa3	Saa3 (serum amyloid A 3) LPS macrophage	s_2b1ee5d5	2026-09-25T15:45:34Z	1	PMC2688757	Regulation of Serum Amyloid A3 (SAA3) in Mouse Colonic Epithelium and Adipose Tissue by the Intestinal Microbiota	yes	ok
Saa3	Saa3 (serum amyloid A 3) LPS macrophage	s_2b1ee5d5	2026-09-25T15:45:34Z	2	PMC6224415	Serum Amyloid A3 is required for normal lung development and survival following influenza infection	yes	ok
Saa3	Saa3 (serum amyloid A 3) LPS macrophage	s_2b1ee5d5	2026-09-25T15:45:34Z	3	PMC7324830	Differential expression of serum amyloid A1 and A3 in bovine epithelia	yes	ok
Saa3	Saa3 (serum amyloid A 3) LPS macrophage	s_2b1ee5d5	2026-09-25T15:45:34Z	4	PMC5144138	Serum Amyloid A3 Gene Expression in Adipocytes is an Indicator of the Interaction with Macrophages	no	ok
Saa3	Saa3 (serum amyloid A 3) LPS macrophage	s_2b1ee5d5	2026-09-25T15:45:34Z	5	PMC6863727	Lipopolysaccharide and lipoteichoic acid enhance serum amyloid A3 mRNA expression in murine alveolar epithelial cells	yes	ok
Saa3	Saa3 (serum amyloid A 3) LPS macrophage	s_2b1ee5d5	2026-09-25T15:45:34Z	6	PMC2185651	Detection of a mediator derived from endotoxin-stimulated macrohpages that induces the acute phase serum amyloid A response in mice	no	ok
Saa3	Saa3 (serum amyloid A 3) LPS macrophage	s_2b1ee5d5	2026-09-25T15:45:34Z	7	PMC12514789	Early immune responses to systemic inflammation in the postnatal mouse brain initiated by migrating macrophages and leptomeningeal fibroblasts	yes	ok
Saa3	Saa3 (serum amyloid A 3) LPS macrophage	s_2b1ee5d5	2026-09-25T15:45:34Z	8	PMC12693104	The Inflammatory Role of Serum Amyloid A in the Pathogenesis and Progression of Diabetic Nephropathy	no	ok
Saa3	Saa3 (serum amyloid A 3) LPS macrophage	s_2b1ee5d5	2026-09-25T15:45:34Z	9	PMC12389636	Serum Amyloid A3 Expression Is Enhanced by Gram-Negative Bacterial Stimuli in Bovine Endometrial Epithelial Cells	yes	ok
Saa3	Saa3 (serum amyloid A 3) LPS macrophage	s_2b1ee5d5	2026-09-25T15:45:34Z	10	PMC8230092	Induction of Serum Amyloid A3 in Mouse Mammary Epithelial Cells Stimulated with Lipopolysaccharide and Lipoteichoic Acid	yes	ok
Saa3	Saa3 (serum amyloid A 3) LPS macrophage	s_2b1ee5d5	2026-09-25T15:45:34Z	11	PMC4143660	Up-Regulation of MUC2 Mucin Expression by Serum Amyloid A3 Protein in Mouse Colonic Epithelial Cells	yes	ok
Saa3	Saa3 (serum amyloid A 3) LPS macrophage	s_2b1ee5d5	2026-09-25T15:45:34Z	12	PMC5794179	Serum amyloid A3 is required for normal weight and immunometabolic function in mice	no	ok
Saa3	Saa3 (serum amyloid A 3) LPS macrophage	s_2b1ee5d5	2026-09-25T15:45:34Z	13	PMC2189298	Expression of the third member of the serum amyloid A gene family in mouse adipocytes	no	ok
Saa3	Saa3 (serum amyloid A 3) LPS macrophage	s_2b1ee5d5	2026-09-25T15:45:34Z	14	PMC7605543	Serum amyloid A–containing HDL binds adipocyte-derived versican and macrophage-derived biglycan, reducing its antiinflammatory properties	no	ok
Saa3	Saa3 (serum amyloid A 3) LPS macrophage	s_2b1ee5d5	2026-09-25T15:45:34Z	15	PMC6524798	Expression of SAA1, SAA2 and SAA4 genes in human primary monocytes and monocyte-derived macrophages	no	ok
Saa3	Saa3 (serum amyloid A 3) LPS macrophage	s_2b1ee5d5	2026-09-25T15:45:34Z	16	PMC5405626	Structure and Expression of Different Serum Amyloid A (SAA) Variants and their Concentration-Dependent Functions During Host Insults	no	ok
Saa3	Saa3 (serum amyloid A 3) LPS macrophage	s_2b1ee5d5	2026-09-25T15:45:34Z	17	PMC12221637	Serum amyloid a production in chicken embryonic synovial fibroblasts induced by lipopolysaccharide, interleukin-1β, and vitamin A	no	ok
Saa3	Saa3 (serum amyloid A 3) LPS macrophage	s_2b1ee5d5	2026-09-25T15:45:34Z	18	PMC2188489	Amyloid A gene family expression in different mouse tissues	yes	ok
Saa3	Saa3 (serum amyloid A 3) LPS macrophage	s_2b1ee5d5	2026-09-25T15:45:34Z	19	PMC4177399	Deletion of Serum Amyloid A3 Improves High Fat High Sucrose Diet-Induced Adipose Tissue Inflammation and Hyperlipidemia in Female Mice	no	ok
Saa3	Saa3 (serum amyloid A 3) LPS macrophage	s_2b1ee5d5	2026-09-25T15:45:34Z	20	PMC10161249	Serum amyloid A proteins reduce bone mass during mycobacterial infections	yes	ok
Saa3	Saa3 (serum amyloid A 3) LPS macrophage	s_2b1ee5d5	2026-09-25T15:45:34Z	21	PMC2992040	Intestinal Epithelial Serum Amyloid A Modulates Bacterial Growth In Vitro and Pro-Inflammatory Responses in Mouse Experimental Colitis	yes	ok
Saa3	Saa3 (serum amyloid A 3) LPS macrophage	s_2b1ee5d5	2026-09-25T15:45:34Z	22	PMC12019684	Podoplanin-positive cell-derived small extracellular vesicles contribute to cardiac amyloidosis after myocardial infarction	no	ok
Saa3	Saa3 (serum amyloid A 3) LPS macrophage	s_2b1ee5d5	2026-09-25T15:45:34Z	23	PMC5610307	Expression and Differential Responsiveness of Central Nervous System Glial Cell Populations to the Acute Phase Protein Serum Amyloid A	no	ok
Saa3	Saa3 (serum amyloid A 3) LPS macrophage	s_2b1ee5d5	2026-09-25T15:45:34Z	24	PMC2190436	Murine model for human secondary amyloidosis: genetic variability of the acute-phase serum protein SAA response to endotoxins and casein	no	ok
Saa3	Saa3 (serum amyloid A 3) LPS macrophage	s_2b1ee5d5	2026-09-25T15:45:34Z	25	PMC4736117	Suppression of LPS-induced tau hyperphosphorylation by serum amyloid A	no	ok
Cxcl10	Cxcl10 (C-X-C motif chemokine ligand 10) LPS macrophage	s_c4f8d4e8	2026-09-25T15:45:43Z	1	PMC8511489	Pathogenic Roles of CXCL10 in Experimental Autoimmune Prostatitis by Modulating Macrophage Chemotaxis and Cytokine Secretion	no	ok
Cxcl10	Cxcl10 (C-X-C motif chemokine ligand 10) LPS macrophage	s_c4f8d4e8	2026-09-25T15:45:43Z	2	PMC7844264	Inhibition of the CXCL9-CXCR3 axis suppresses the progression of experimental apical periodontitis by blocking macrophage migration and activation	no	ok
Cxcl10	Cxcl10 (C-X-C motif chemokine ligand 10) LPS macrophage	s_c4f8d4e8	2026-09-25T15:45:43Z	3	PMC5207674	CXCL10/IP-10 Neutralization Can Ameliorate Lipopolysaccharide-Induced Acute Respiratory Distress Syndrome in Rats	yes	ok
Cxcl10	Cxcl10 (C-X-C motif chemokine ligand 10) LPS macrophage	s_c4f8d4e8	2026-09-25T15:45:43Z	4	PMC11049839	Anti-Neuroinflammatory Effects of a Macrocyclic Peptide-Peptoid Hybrid in Lipopolysaccharide-Stimulated BV2 Microglial Cells	yes	ok
Cxcl10	Cxcl10 (C-X-C motif chemokine ligand 10) LPS macrophage	s_c4f8d4e8	2026-09-25T15:45:43Z	5	PMC12847007	Macrophage TRIM21 lactylation exacerbates infection-induced orchitis through enhancing STAT1-mediated CXCL9 and CXCL10 production	yes	ok
Cxcl10	Cxcl10 (C-X-C motif chemokine ligand 10) LPS macrophage	s_c4f8d4e8	2026-09-25T15:45:43Z	6	PMC8924054	Evidence for investigating GSK-3 inhibitors as potential therapeutics for severe COVID-19	yes	ok
Cxcl10	Cxcl10 (C-X-C motif chemokine ligand 10) LPS macrophage	s_c4f8d4e8	2026-09-25T15:45:43Z	7	PMC7833212	Advanced glycation end-products reduce lipopolysaccharide uptake by macrophages	yes	ok
Cxcl10	Cxcl10 (C-X-C motif chemokine ligand 10) LPS macrophage	s_c4f8d4e8	2026-09-25T15:45:43Z	8	PMC4075230	The role of CXCL10 in the pathogenesis of experimental septic shock	yes	ok
Cxcl10	Cxcl10 (C-X-C motif chemokine ligand 10) LPS macrophage	s_c4f8d4e8	2026-09-25T15:45:43Z	9	PMC6935231	Lipopolysaccharide worsens the prognosis of experimental cerebral ischemia via interferon gamma-induced protein 10 recruit in the acute stage	no	ok
Cxcl10	Cxcl10 (C-X-C motif chemokine ligand 10) LPS macrophage	s_c4f8d4e8	2026-09-25T15:45:43Z	10	PMC10594718	CXCL10 deficiency limits macrophage infiltration, preserves lung matrix, and enables lung growth in bronchopulmonary dysplasia	no	ok
Cxcl10	Cxcl10 (C-X-C motif chemokine ligand 10) LPS macrophage	s_c4f8d4e8	2026-09-25T15:45:43Z	11	PMC2275409	Identification of the Molecular Mechanism by which TLR Ligation and IFN-γ Synergize to Induce Mig	no	ok
Cxcl10	Cxcl10 (C-X-C motif chemokine ligand 10) LPS macrophage	s_c4f8d4e8	2026-09-25T15:45:43Z	12	PMC5518115	Pathogenic roles of CXCL10 signaling through CXCR3 and TLR4 in macrophages and T cells: relevance for arthritis	yes	ok
Cxcl10	Cxcl10 (C-X-C motif chemokine ligand 10) LPS macrophage	s_c4f8d4e8	2026-09-25T15:45:43Z	13	PMC4923862	CXCL10-Mediates Macrophage, but not Other Innate Immune Cells-Associated Inflammation in Murine Nonalcoholic Steatohepatitis	no	ok
Cxcl10	Cxcl10 (C-X-C motif chemokine ligand 10) LPS macrophage	s_c4f8d4e8	2026-09-25T15:45:43Z	14	PMC5530548	Protection mediated by chemokine CXCL10 in BALB/c mice infected by Leishmania infantum	no	ok
Cxcl10	Cxcl10 (C-X-C motif chemokine ligand 10) LPS macrophage	s_c4f8d4e8	2026-09-25T15:45:43Z	15	PMC7025113	Role of Chemokine (C–X–C Motif) Ligand 10 (CXCL10) in Renal Diseases	no	ok
Cxcl10	Cxcl10 (C-X-C motif chemokine ligand 10) LPS macrophage	s_c4f8d4e8	2026-09-25T15:45:43Z	16	PMC3986408	CXCL10 Controls Inflammatory Pain via Opioid Peptide-Containing Macrophages in Electroacupuncture	no	ok
Cxcl10	Cxcl10 (C-X-C motif chemokine ligand 10) LPS macrophage	s_c4f8d4e8	2026-09-25T15:45:43Z	17	PMC4095607	Therapeutic effect of anti-C-X-C motif chemokine 10 (CXCL10) antibody on C protein-induced myositis mouse	no	ok
Cxcl10	Cxcl10 (C-X-C motif chemokine ligand 10) LPS macrophage	s_c4f8d4e8	2026-09-25T15:45:43Z	18	PMC5996269	Data on the expression of CXCR3 ligands and pro-inflammatory cytokines in macrophages and CD4+ T cells after stimuli of CXCR3 ligands	no	ok
Cxcl10	Cxcl10 (C-X-C motif chemokine ligand 10) LPS macrophage	s_c4f8d4e8	2026-09-25T15:45:43Z	19	PMC9810995	Neuroprotection by Preconditioning in Mice is Dependent on MyD88-Mediated CXCL10 Expression in Endothelial Cells	no	ok
Cxcl10	Cxcl10 (C-X-C motif chemokine ligand 10) LPS macrophage	s_c4f8d4e8	2026-09-25T15:45:43Z	20	PMC12321389	CXCL10 secreted by SPRY1-deficient epidermal keratinocytes fuels joint inflammation in psoriatic arthritis via CD14 signaling	no	ok
Cxcl10	Cxcl10 (C-X-C motif chemokine ligand 10) LPS macrophage	s_c4f8d4e8	2026-09-25T15:45:43Z	21	PMC9077289	Myometrial‐derived CXCL12 promotes lipopolysaccharide induced preterm labour by regulating macrophage migration, polarization and function in mice	no	ok
Cxcl10	Cxcl10 (C-X-C motif chemokine ligand 10) LPS macrophage	s_c4f8d4e8	2026-09-25T15:45:43Z	22	PMC7566605	Dietary fats suppress the peritoneal seeding of colorectal cancer cells through the TLR4/Cxcl10 axis in adipose tissue macrophages	yes	ok
Cxcl10	Cxcl10 (C-X-C motif chemokine ligand 10) LPS macrophage	s_c4f8d4e8	2026-09-25T15:45:43Z	23	PMC13137287	The role of CXCL10 in high‐fat diet–induced skeletal muscle inflammation and atrophy	yes	ok
Cxcl10	Cxcl10 (C-X-C motif chemokine ligand 10) LPS macrophage	s_c4f8d4e8	2026-09-25T15:45:43Z	24	PMC12796076	CXCL10/CXCR3 axis facilitates the M2 polarization of macrophages in colorectal cancer via activating RAF	no	ok
Cxcl10	Cxcl10 (C-X-C motif chemokine ligand 10) LPS macrophage	s_c4f8d4e8	2026-09-25T15:45:43Z	25	PMC9225349	Anti-Inflammatory Effects of Cicadidae Periostracum Extract and Oleic Acid through Inhibiting Inflammatory Chemokines Using PCR Arrays in LPS-Induced Lung inflammation In Vitro	yes	ok
Acod1	Acod1 (aconitate decarboxylase 1) LPS macrophage	s_ad1d55b9	2026-09-25T15:45:51Z	1	PMC11531657	Immunometabolism: signaling pathways, homeostasis, and therapeutic targets	yes	ok
Acod1	Acod1 (aconitate decarboxylase 1) LPS macrophage	s_ad1d55b9	2026-09-25T15:45:51Z	2	PMC13033549	ACOD1 regulates microglial arginine metabolism and inflammatory responses	yes	ok
Acod1	Acod1 (aconitate decarboxylase 1) LPS macrophage	s_ad1d55b9	2026-09-25T15:45:51Z	3	bio_349c238c6ccf	Metabolic Reprogramming via targeting ACOD1 promotes polarization and anti-tumor activity of human CAR-iMACs in solid tumors	yes	ok
Acod1	Acod1 (aconitate decarboxylase 1) LPS macrophage	s_ad1d55b9	2026-09-25T15:45:51Z	4	PMC11967830	Elevated GFI1 in Alveolar Macrophages Suppresses ACOD1 Expression and Exacerbates Lipopolysaccharide‐Induced Lung Injury in Obesity	yes	ok
Acod1	Acod1 (aconitate decarboxylase 1) LPS macrophage	s_ad1d55b9	2026-09-25T15:45:51Z	5	bio_80a036707fd2	A robust structural, kinetic and biophysical characterization of human ACOD1 to support novel chemotherapeutic development	no	ok
Acod1	Acod1 (aconitate decarboxylase 1) LPS macrophage	s_ad1d55b9	2026-09-25T15:45:51Z	6	PMC8759771	The role of itaconate in host defense and inflammation	no	ok
Acod1	Acod1 (aconitate decarboxylase 1) LPS macrophage	s_ad1d55b9	2026-09-25T15:45:51Z	7	PMC9920045	Cepharanthine Alleviates DSS-Induced Ulcerative Colitis via Regulating Aconitate Decarboxylase 1 Expression and Macrophage Infiltration	yes	ok
Acod1	Acod1 (aconitate decarboxylase 1) LPS macrophage	s_ad1d55b9	2026-09-25T15:45:51Z	8	bio_e9fc7e337070	Human iPSC derived alveolar macrophages reveal macrophage subtype specific functions of itaconate in  M. tuberculosis  host defense	yes	ok
Acod1	Acod1 (aconitate decarboxylase 1) LPS macrophage	s_ad1d55b9	2026-09-25T15:45:51Z	9	PMC9234224	The STING1-MYD88 complex drives ACOD1/IRG1 expression and function in lethal innate immunity	yes	ok
Acod1	Acod1 (aconitate decarboxylase 1) LPS macrophage	s_ad1d55b9	2026-09-25T15:45:51Z	10	bio_8c10d61e7291	Acod1 negatively impacts osteoclastogenesis via GPR91-mediated NFATc1 activation	yes	ok
Acod1	Acod1 (aconitate decarboxylase 1) LPS macrophage	s_ad1d55b9	2026-09-25T15:45:51Z	11	PMC11551151	Protective role of aconitate decarboxylase 1 in neuroinflammation-induced dysfunctions of the paraventricular thalamus and sleepiness	yes	ok
Acod1	Acod1 (aconitate decarboxylase 1) LPS macrophage	s_ad1d55b9	2026-09-25T15:45:51Z	12	bio_28cf1b287b4e	Sustained Antigen Stimulation to Evoke and Study Negative feedback Systems responsible for Self-Tolerance/Tumor Immune Escape and transition to the M2 macrophage	no	ok
Acod1	Acod1 (aconitate decarboxylase 1) LPS macrophage	s_ad1d55b9	2026-09-25T15:45:51Z	13	PMC12283268	Dopamine as an endogenous regulator of innate immunity in sepsis	yes	ok
Acod1	Acod1 (aconitate decarboxylase 1) LPS macrophage	s_ad1d55b9	2026-09-25T15:45:51Z	14	PMC13041677	Human iPSC-derived alveolar macrophages reveal macrophage subtype functions of itaconate in M. tuberculosis defense	yes	ok
Acod1	Acod1 (aconitate decarboxylase 1) LPS macrophage	s_ad1d55b9	2026-09-25T15:45:51Z	15	PMC13324752	Identification of a metabolic–immune crosstalk in Still’s disease: monocyte/macrophage-derived immunometabolite itaconate dictates hepatic immunopathology via the CXCL10–CD8 T cell axis	no	ok
Acod1	Acod1 (aconitate decarboxylase 1) LPS macrophage	s_ad1d55b9	2026-09-25T15:45:51Z	16	bio_ed41946f7176	Inflammation-associated monocytes express ACOD1 to curtail inflammatory behaviour in IBD and experimental colitis	yes	ok
Acod1	Acod1 (aconitate decarboxylase 1) LPS macrophage	s_ad1d55b9	2026-09-25T15:45:51Z	17	PMC12576133	Identification of novel protein biomarkers of macrophage polarization using comparative proteomic analyses of murine primary macrophages	yes	ok
Acod1	Acod1 (aconitate decarboxylase 1) LPS macrophage	s_ad1d55b9	2026-09-25T15:45:51Z	18	PMC10938597	Control of immune cell signaling by the immuno-metabolite itaconate	yes	ok
Acod1	Acod1 (aconitate decarboxylase 1) LPS macrophage	s_ad1d55b9	2026-09-25T15:45:51Z	19	bio_3de035726f50	Macrophages inhibit  Coxiella burnetii  by the ACOD1-itaconate pathway for containment of Q fever	yes	ok
Acod1	Acod1 (aconitate decarboxylase 1) LPS macrophage	s_ad1d55b9	2026-09-25T15:45:51Z	20	PMC12047438	A neuroimmune pathway drives bacterial infection	yes	ok
Acod1	Acod1 (aconitate decarboxylase 1) LPS macrophage	s_ad1d55b9	2026-09-25T15:45:51Z	21	PMC12969035	Stromal cell-derived itaconate promotes endometriosis via macrophage NRF2 and lysosomal pH modulation	no	ok
Acod1	Acod1 (aconitate decarboxylase 1) LPS macrophage	s_ad1d55b9	2026-09-25T15:45:51Z	22	PMC10783791	Borrelia burgdorferi initiates early transcriptional re-programming in macrophages that supports long-term suppression of inflammation	yes	ok
Acod1	Acod1 (aconitate decarboxylase 1) LPS macrophage	s_ad1d55b9	2026-09-25T15:45:51Z	23	PMC10849764	Itaconate suppresses atherosclerosis by activating a Nrf2-dependent antiinflammatory response in macrophages in mice	no	ok
Acod1	Acod1 (aconitate decarboxylase 1) LPS macrophage	s_ad1d55b9	2026-09-25T15:45:51Z	24	PMC7185992	Endogenous itaconate is not required for particulate matter-induced NRF2 expression or inflammatory response	yes	ok
Acod1	Acod1 (aconitate decarboxylase 1) LPS macrophage	s_ad1d55b9	2026-09-25T15:45:51Z	25	PMC12268792	Itaconate suppresses neonatal intestinal inflammation via metabolic reprogramming of M1 macrophage	yes	ok
Gbp5	Gbp5 (guanylate binding protein 5) LPS macrophage	s_d5f2de0d	2026-09-25T15:45:59Z	1	bio_c92a84737104	Golgi-localised Guanylate-binding protein 5 enhances glycolysis in macrophages	no	ok
Gbp5	Gbp5 (guanylate binding protein 5) LPS macrophage	s_d5f2de0d	2026-09-25T15:45:59Z	2	PMC13200375	M1 macrophage-derived migrasomes exacerbate post-myocardial infarction injury via guanylate binding protein 5	yes	ok
Gbp5	Gbp5 (guanylate binding protein 5) LPS macrophage	s_d5f2de0d	2026-09-25T15:45:59Z	3	PMC7327485	Direct binding of polymeric GBP1 to LPS disrupts bacterial cell envelope functions	no	ok
Gbp5	Gbp5 (guanylate binding protein 5) LPS macrophage	s_d5f2de0d	2026-09-25T15:45:59Z	4	PMC5133363	Guanylate-binding protein 5 is a marker of interferon-γ-induced classically activated macrophages	yes	ok
Gbp5	Gbp5 (guanylate binding protein 5) LPS macrophage	s_d5f2de0d	2026-09-25T15:45:59Z	5	bio_ea6f8a3b6c58	A hierarchical GBP network promotes cytosolic LPS recognition and sepsis	yes	ok
Gbp5	Gbp5 (guanylate binding protein 5) LPS macrophage	s_d5f2de0d	2026-09-25T15:45:59Z	6	bio_56e9957f6d01	Pattern Recognition Receptor for Bacterial Lipopolysaccharide in the Cytosol of Human Macrophages	no	ok
Gbp5	Gbp5 (guanylate binding protein 5) LPS macrophage	s_d5f2de0d	2026-09-25T15:45:59Z	7	PMC10684074	Inhibitory effects of polysaccharides from Korean ginseng berries on LPS-induced RAW264.7 macrophages	no	ok
Gbp5	Gbp5 (guanylate binding protein 5) LPS macrophage	s_d5f2de0d	2026-09-25T15:45:59Z	8	PMC6113620	NADPH Oxidase and Guanylate Binding Protein 5 Restrict Survival of Avirulent Type III Strains of Toxoplasma gondii in Naive Macrophages	yes	ok
Gbp5	Gbp5 (guanylate binding protein 5) LPS macrophage	s_d5f2de0d	2026-09-25T15:45:59Z	9	PMC6326519	Guanylate-binding protein 5 licenses caspase-11 for Gasdermin-D mediated host resistance to Brucella abortus infection	yes	ok
Gbp5	Gbp5 (guanylate binding protein 5) LPS macrophage	s_d5f2de0d	2026-09-25T15:45:59Z	10	bio_b19262096ce3	GBP2 aggregates LPS and activates the caspase-4 inflammasome independent of the bacterial encapsulation factor GBP1	no	ok
Gbp5	Gbp5 (guanylate binding protein 5) LPS macrophage	s_d5f2de0d	2026-09-25T15:45:59Z	11	PMC13375705	GBP5 Aggravates Acute Lung Injury Via NLRP3 Inflammasome Activation While Inducing a HIF-1α–CD73–adenosine Feedback Loop	yes	ok
Gbp5	Gbp5 (guanylate binding protein 5) LPS macrophage	s_d5f2de0d	2026-09-25T15:45:59Z	12	PMC11628326	Bile acid derivatives from gut microbiota promote GBPs-mediated activation of caspase-4/11 by LPS through lncRNA57RIK	no	ok
Gbp5	Gbp5 (guanylate binding protein 5) LPS macrophage	s_d5f2de0d	2026-09-25T15:45:59Z	13	PMC6400534	Interferon-induced guanylate-binding proteins: Guardians of host defense in health and disease	yes	ok
Gbp5	Gbp5 (guanylate binding protein 5) LPS macrophage	s_d5f2de0d	2026-09-25T15:45:59Z	14	PMC10104521	LPS-aggregating proteins GBP1 and GBP2 are each sufficient to enhance caspase-4 activation both in cellulo and in vitro	no	ok
Gbp5	Gbp5 (guanylate binding protein 5) LPS macrophage	s_d5f2de0d	2026-09-25T15:45:59Z	15	PMC6600649	Human GBP1 is a microbe‐specific gatekeeper of macrophage apoptosis and pyroptosis	no	ok
Gbp5	Gbp5 (guanylate binding protein 5) LPS macrophage	s_d5f2de0d	2026-09-25T15:45:59Z	16	PMC3333514	Monocyte normal immune response to LPS stimulation	no	ok
Gbp5	Gbp5 (guanylate binding protein 5) LPS macrophage	s_d5f2de0d	2026-09-25T15:45:59Z	17	PMC7381384	Guanylate-Binding Proteins (GBPs) convert cytosolic bacteria into caspase-4 signaling platforms	no	ok
Gbp5	Gbp5 (guanylate binding protein 5) LPS macrophage	s_d5f2de0d	2026-09-25T15:45:59Z	18	PMC13485055	Correction: Genomic and functional adaptations in the guanylate-binding protein GBP5 highlight specificities of bat antiviral innate immunity	no	ok
Gbp5	Gbp5 (guanylate binding protein 5) LPS macrophage	s_d5f2de0d	2026-09-25T15:45:59Z	19	PMC11134437	Immunoreactive Microenvironment Modulator GBP5 Suppresses Ovarian Cancer Progression by Inducing Canonical Pyroptosis	no	ok
Gbp5	Gbp5 (guanylate binding protein 5) LPS macrophage	s_d5f2de0d	2026-09-25T15:45:59Z	20	PMC6063733	Constitutive Interferon Maintains GBP Expression Required for Release of Bacterial Components Upstream of Pyroptosis and Anti-DNA Responses	no	ok
Gbp5	Gbp5 (guanylate binding protein 5) LPS macrophage	s_d5f2de0d	2026-09-25T15:45:59Z	21	PMC10885698	Guanylate-binding protein-5 is involved in inflammasome activation by bacterial DNA but only the cooperation of multiple GBPs accounts for control of Brucella abortus infection	yes	ok
Gbp5	Gbp5 (guanylate binding protein 5) LPS macrophage	s_d5f2de0d	2026-09-25T15:45:59Z	22	PMC4568307	Guanylate-binding proteins promote AIM2 inflammasome activation during Francisella novicida infection by inducing cytosolic bacteriolysis and DNA release	yes	ok
Gbp5	Gbp5 (guanylate binding protein 5) LPS macrophage	s_d5f2de0d	2026-09-25T15:45:59Z	23	PMC5626967	Inflammasome Activation by Bacterial Outer Membrane Vesicles Requires Guanylate Binding Proteins	no	ok
Gbp5	Gbp5 (guanylate binding protein 5) LPS macrophage	s_d5f2de0d	2026-09-25T15:45:59Z	24	bio_0ddf65ba9122	GBP1 recruitment to actin-rich pedestals induced by extracellular Gram-negative bacteria promotes pyroptosis	no	ok
Gbp5	Gbp5 (guanylate binding protein 5) LPS macrophage	s_d5f2de0d	2026-09-25T15:45:59Z	25	PMC13396069	Aberrant expression of GBP5 in tumor-infiltrating immune cells as an onco-immunological biomarker in pan-cancer	no	ok
Il12b	Il12b (interleukin 12b) LPS macrophage	s_3142adf7	2026-09-25T15:46:10Z	1	PMC10949775	Lipopolysaccharide regulation of antiinflammatory tristetraprolin family and proinflammatory gene expression in mouse macrophages	no	ok
Il12b	Il12b (interleukin 12b) LPS macrophage	s_3142adf7	2026-09-25T15:46:10Z	2	PMC4754024	Regulation of IL-10 and IL-12 production and function in macrophages and dendritic cells	yes	ok
Il12b	Il12b (interleukin 12b) LPS macrophage	s_3142adf7	2026-09-25T15:46:10Z	3	PMC10049321	Mycobacterium vaccae NCTC 11659, a Soil-Derived Bacterium with Stress Resilience Properties, Modulates the Proinflammatory Effects of LPS in Macrophages	yes	ok
Il12b	Il12b (interleukin 12b) LPS macrophage	s_3142adf7	2026-09-25T15:46:10Z	4	PMC11760456	NF-κB-Inducing Kinase Is Essential for Effective c-Rel Transactivation and Binding to the Il12b Promoter in Macrophages	yes	ok
Il12b	Il12b (interleukin 12b) LPS macrophage	s_3142adf7	2026-09-25T15:46:10Z	5	PMC5527282	Natural variation of macrophage activation as disease-relevant phenotype predictive of inflammation and cancer survival	no	ok
Il12b	Il12b (interleukin 12b) LPS macrophage	s_3142adf7	2026-09-25T15:46:10Z	6	PMC4904125	Inhibition of Extracellular Calcium Influx Results in Enhanced IL-12 Production in LPS-Treated Murine Macrophages by Downregulation of the CaMKKβ-AMPK-SIRT1 Signaling Pathway	yes	ok
Il12b	Il12b (interleukin 12b) LPS macrophage	s_3142adf7	2026-09-25T15:46:10Z	7	PMC3976374	Nucleosomes Are Stably Evicted from Enhancers but Not Promoters upon Induction of Certain Pro-Inflammatory Genes in Mouse Macrophages	yes	ok
Il12b	Il12b (interleukin 12b) LPS macrophage	s_3142adf7	2026-09-25T15:46:10Z	8	PMC6543837	Macrophage Polarization: Different Gene Signatures in M1(LPS+) vs. Classically and M2(LPS–) vs. Alternatively Activated Macrophages	no	ok
Il12b	Il12b (interleukin 12b) LPS macrophage	s_3142adf7	2026-09-25T15:46:10Z	9	PMC11911130	The Impacts of Lactobacillus delbrueckii and Lactobacillus rhamnosus to Promote In Vitro Anti‐Inflammatory Profile of RA‐Macrophages	no	ok
Il12b	Il12b (interleukin 12b) LPS macrophage	s_3142adf7	2026-09-25T15:46:10Z	10	PMC2192016	Early interleukin 12 production by macrophages in response to mycobacterial infection depends on interferon gamma and tumor necrosis factor alpha	no	ok
Il12b	Il12b (interleukin 12b) LPS macrophage	s_3142adf7	2026-09-25T15:46:10Z	11	PMC2773416	Azithromycin suppresses interleukin-12p40 expression in lipopolysaccharide and interferon-γ stimulated macrophages	yes	ok
Il12b	Il12b (interleukin 12b) LPS macrophage	s_3142adf7	2026-09-25T15:46:10Z	12	PMC3313977	A Cell Permeable Peptide Inhibitor of NFAT Inhibits Macrophage Cytokine Expression and Ameliorates Experimental Colitis	yes	ok
Il12b	Il12b (interleukin 12b) LPS macrophage	s_3142adf7	2026-09-25T15:46:10Z	13	PMC4433692	IL-12 Inhibits Lipopolysaccharide Stimulated Osteoclastogenesis in Mice	no	ok
Il12b	Il12b (interleukin 12b) LPS macrophage	s_3142adf7	2026-09-25T15:46:10Z	14	PMC3664618	Lipopolysaccharide-Induced M2 to M1 Macrophage Transformation for IL-12p70 Production Is Blocked by Candida albicans Mediated Up-Regulation of EBI3 Expression	no	ok
Il12b	Il12b (interleukin 12b) LPS macrophage	s_3142adf7	2026-09-25T15:46:10Z	15	PMC2196339	Selective Suppression of Interleukin-12 Induction after Macrophage Receptor Ligation	no	ok
Il12b	Il12b (interleukin 12b) LPS macrophage	s_3142adf7	2026-09-25T15:46:10Z	16	PMC10575927	MEK inhibitors increase the mortality rate in mice with LPS-induced inflammation through IL-12-NO signaling	no	ok
Il12b	Il12b (interleukin 12b) LPS macrophage	s_3142adf7	2026-09-25T15:46:10Z	17	PMC3299705	Nfkb1 Inhibits LPS-Induced IFN-β and IL-12 p40 Production in Macrophages by Distinct Mechanisms	yes	ok
Il12b	Il12b (interleukin 12b) LPS macrophage	s_3142adf7	2026-09-25T15:46:10Z	18	PMC2949756	Motif prediction to distinguish LPS-stimulated pro-inflammatory  vs . antibacterial macrophage genes	no	ok
Il12b	Il12b (interleukin 12b) LPS macrophage	s_3142adf7	2026-09-25T15:46:10Z	19	PMC2194226	Differential Regulation of Interleukin (IL)-12 p35 and p40 Gene Expression and Interferon (IFN)-γ–primed IL-12 Production by IFN Regulatory Factor 1	yes	ok
Il12b	Il12b (interleukin 12b) LPS macrophage	s_3142adf7	2026-09-25T15:46:10Z	20	PMC3660024	Comparative Study of The Effect of LPS on The Function of BALB/c and C57BL/6 Peritoneal Macrophages	no	ok
Il12b	Il12b (interleukin 12b) LPS macrophage	s_3142adf7	2026-09-25T15:46:10Z	21	PMC4907655	The Correlation of Serum IL-12B Expression With Disease Activity in Patients With Inflammatory Bowel Disease	no	ok
Il12b	Il12b (interleukin 12b) LPS macrophage	s_3142adf7	2026-09-25T15:46:10Z	22	PMC7804107	Co-stimulation with opposing macrophage polarization cues leads to orthogonal secretion programs in individual cells	yes	ok
Il12b	Il12b (interleukin 12b) LPS macrophage	s_3142adf7	2026-09-25T15:46:10Z	23	PMC9523082	IL-12p40 deletion aggravates lipopolysaccharide-induced cardiac dysfunction in mice	yes	ok
Il12b	Il12b (interleukin 12b) LPS macrophage	s_3142adf7	2026-09-25T15:46:10Z	24	bio_d255d3a76d7a	HLJ1 amplifies endotoxin–induced sepsis severity by promoting IL-12 heterodimerization in macrophages	no	ok
Il12b	Il12b (interleukin 12b) LPS macrophage	s_3142adf7	2026-09-25T15:46:10Z	25	PMC2824668	Suppression of LPS-induced inflammatory responses in macrophages infected with Leishmania	yes	ok
Serpinb2	Serpinb2 (serine (or cysteine) peptidase inhibitor, clade B, member 2) LPS macrophage	s_bfd7ede5	2026-09-25T15:46:14Z	1	PMC3317238	LPS Counter Regulates RNA Expression of Extracellular Proteases and Their Inhibitors in Murine Macrophages	yes	ok
Serpinb2	Serpinb2 (serine (or cysteine) peptidase inhibitor, clade B, member 2) LPS macrophage	s_bfd7ede5	2026-09-25T15:46:14Z	2	PMC2817383	Comparative Analyses of Transcriptional Profiles in Mouse Organs Using a Pneumonic Plague Model after Infection with Wild-Type Yersinia pestis CO92 and Its Braun Lipoprotein Mutant	no	ok
Serpinb2	Serpinb2 (serine (or cysteine) peptidase inhibitor, clade B, member 2) LPS macrophage	s_bfd7ede5	2026-09-25T15:46:14Z	3	PMC7123840	Regulation of Neutrophil Serine Proteases by Intracellular Serpins	no	ok
Serpinb2	Serpinb2 (serine (or cysteine) peptidase inhibitor, clade B, member 2) LPS macrophage	s_bfd7ede5	2026-09-25T15:46:14Z	4	PMC13090332	Author Correction: Tissue-resident macrophage survival depends on mitochondrial function regulated by SerpinB2 in chronic inflammation	no	ok
Serpinb2	Serpinb2 (serine (or cysteine) peptidase inhibitor, clade B, member 2) LPS macrophage	s_bfd7ede5	2026-09-25T15:46:14Z	5	PMC10638313	Transcriptomic analysis reveals that RasGEF1b deletion alters basal and LPS-induced expression of genes involved in chemotaxis and cytokine responses in macrophages	yes	ok
Serpinb2	Serpinb2 (serine (or cysteine) peptidase inhibitor, clade B, member 2) LPS macrophage	s_bfd7ede5	2026-09-25T15:46:14Z	6	PMC6712035	SerpinB2 inhibits migration and promotes a resolution phase signature in large peritoneal macrophages	no	ok
Serpinb2	Serpinb2 (serine (or cysteine) peptidase inhibitor, clade B, member 2) LPS macrophage	s_bfd7ede5	2026-09-25T15:46:14Z	7	PMC5332009	Genome-wide siRNA screen of genes regulating the LPS-induced TNF-α response in human macrophages	no	ok
Serpinb2	Serpinb2 (serine (or cysteine) peptidase inhibitor, clade B, member 2) LPS macrophage	s_bfd7ede5	2026-09-25T15:46:14Z	8	PMC11221169	SerpinB2 deficiency is associated with delayed mammary tumor development and decreased pro-tumorigenic macrophage polarization	yes	ok
Serpinb2	Serpinb2 (serine (or cysteine) peptidase inhibitor, clade B, member 2) LPS macrophage	s_bfd7ede5	2026-09-25T15:46:14Z	9	PMC12902017	Tissue-resident macrophage survival depends on mitochondrial function regulated by SerpinB2 in chronic inflammation	no	ok
Serpinb2	Serpinb2 (serine (or cysteine) peptidase inhibitor, clade B, member 2) LPS macrophage	s_bfd7ede5	2026-09-25T15:46:14Z	10	PMC3589482	The Transcription Factor C/EBP-β Mediates Constitutive and LPS-Inducible Transcription of Murine SerpinB2	yes	ok
Serpinb2	Serpinb2 (serine (or cysteine) peptidase inhibitor, clade B, member 2) LPS macrophage	s_bfd7ede5	2026-09-25T15:46:14Z	11	PMC4378362	Analysis of the transcriptional networks underpinning the activation of murine macrophages by inflammatory mediators	no	ok
Serpinb2	Serpinb2 (serine (or cysteine) peptidase inhibitor, clade B, member 2) LPS macrophage	s_bfd7ede5	2026-09-25T15:46:14Z	12	PMC7053374	Corrigendum: Macrophage Polarization: Different Gene Signatures in M1(LPS+) vs. Classically and M2(LPS–) vs. Alternatively Activated Macrophages	no	ok
Serpinb2	Serpinb2 (serine (or cysteine) peptidase inhibitor, clade B, member 2) LPS macrophage	s_bfd7ede5	2026-09-25T15:46:14Z	13	PMC6277787	A Novel Lipopolysaccharide Recognition Mechanism Mediated by Internalization in Teleost Macrophages	no	ok
Serpinb2	Serpinb2 (serine (or cysteine) peptidase inhibitor, clade B, member 2) LPS macrophage	s_bfd7ede5	2026-09-25T15:46:14Z	14	PMC3953056	Epigenetic profile in lipopolysaccharide-stimulated macrophages	no	ok
Serpinb2	Serpinb2 (serine (or cysteine) peptidase inhibitor, clade B, member 2) LPS macrophage	s_bfd7ede5	2026-09-25T15:46:14Z	15	PMC5358891	Analysis of the human monocyte-derived macrophage transcriptome and response to lipopolysaccharide provides new insights into genetic aetiology of inflammatory bowel disease	no	ok
Serpinb2	Serpinb2 (serine (or cysteine) peptidase inhibitor, clade B, member 2) LPS macrophage	s_bfd7ede5	2026-09-25T15:46:14Z	16	PMC12183897	SPI1 upregulated LILRB2 to enhance the immunosuppressive phenotype of LPS-tolerant macrophages by inhibiting TLR8-mediated MyD88/NF-κB signaling	no	ok
Serpinb2	Serpinb2 (serine (or cysteine) peptidase inhibitor, clade B, member 2) LPS macrophage	s_bfd7ede5	2026-09-25T15:46:14Z	17	PMC3333514	Monocyte normal immune response to LPS stimulation	no	ok
Serpinb2	Serpinb2 (serine (or cysteine) peptidase inhibitor, clade B, member 2) LPS macrophage	s_bfd7ede5	2026-09-25T15:46:14Z	18	PMC5332015	Genome-wide siRNA screen of genes regulating the LPS-induced NF-κB and TNF-α responses in mouse macrophages	no	ok
Serpinb2	Serpinb2 (serine (or cysteine) peptidase inhibitor, clade B, member 2) LPS macrophage	s_bfd7ede5	2026-09-25T15:46:14Z	19	PMC10604266	Saikosaponin-b2 Inhibits Primary Liver Cancer by Regulating the STK4/IRAK1/NF-κB Pathway	no	ok
Serpinb2	Serpinb2 (serine (or cysteine) peptidase inhibitor, clade B, member 2) LPS macrophage	s_bfd7ede5	2026-09-25T15:46:14Z	20	PMC5892728	Inhibitor of serine peptidase 2 enhances Leishmania major survival in the skin through control of monocytes and monocyte-derived cells	no	ok
Serpinb2	Serpinb2 (serine (or cysteine) peptidase inhibitor, clade B, member 2) LPS macrophage	s_bfd7ede5	2026-09-25T15:46:14Z	21	PMC5627409	Selection of reliable reference genes for the normalisation of gene expression levels following time course LPS stimulation of murine bone marrow derived macrophages	no	ok
Serpinb2	Serpinb2 (serine (or cysteine) peptidase inhibitor, clade B, member 2) LPS macrophage	s_bfd7ede5	2026-09-25T15:46:14Z	22	PMC6952955	Upregulation of Mitochondrial Redox Sensitive Proteins in LPS-Treated Stefin B-Deficient Macrophages	no	ok
Serpinb2	Serpinb2 (serine (or cysteine) peptidase inhibitor, clade B, member 2) LPS macrophage	s_bfd7ede5	2026-09-25T15:46:14Z	23	PMC4470529	Macrophage phenotype in sepsis immunosuppression	no	ok
Serpinb2	Serpinb2 (serine (or cysteine) peptidase inhibitor, clade B, member 2) LPS macrophage	s_bfd7ede5	2026-09-25T15:46:14Z	24	PMC6543837	Macrophage Polarization: Different Gene Signatures in M1(LPS+) vs. Classically and M2(LPS–) vs. Alternatively Activated Macrophages	no	ok
Serpinb2	Serpinb2 (serine (or cysteine) peptidase inhibitor, clade B, member 2) LPS macrophage	s_bfd7ede5	2026-09-25T15:46:14Z	25	PMC7481448	Serine Supports IL-1β Production in Macrophages Through mTOR Signaling	no	ok
Itgb8	Itgb8 (integrin beta 8) LPS macrophage	s_21093ae7	2026-09-25T15:46:21Z	1	PMC11697059	Specifically blocking αvβ8-mediated TGF-β signaling to reverse immunosuppression by modulating macrophage polarization	no	ok
Itgb8	Itgb8 (integrin beta 8) LPS macrophage	s_21093ae7	2026-09-25T15:46:21Z	2	PMC6219736	Human monocytes and macrophages regulate immune tolerance via integrin αvβ8–mediated TGFβ activation	no	ok
Itgb8	Itgb8 (integrin beta 8) LPS macrophage	s_21093ae7	2026-09-25T15:46:21Z	3	PMC7053374	Corrigendum: Macrophage Polarization: Different Gene Signatures in M1(LPS+) vs. Classically and M2(LPS–) vs. Alternatively Activated Macrophages	no	ok
Itgb8	Itgb8 (integrin beta 8) LPS macrophage	s_21093ae7	2026-09-25T15:46:21Z	4	PMC6543837	Macrophage Polarization: Different Gene Signatures in M1(LPS+) vs. Classically and M2(LPS–) vs. Alternatively Activated Macrophages	no	ok
Itgb8	Itgb8 (integrin beta 8) LPS macrophage	s_21093ae7	2026-09-25T15:46:21Z	5	PMC11727125	Integrin β8 Facilitates Macrophage Infiltration and Polarization by Regulating CCL5 to Promote LUAD Progression	no	ok
Itgb8	Itgb8 (integrin beta 8) LPS macrophage	s_21093ae7	2026-09-25T15:46:21Z	6	PMC4378362	Analysis of the transcriptional networks underpinning the activation of murine macrophages by inflammatory mediators	no	ok
Itgb8	Itgb8 (integrin beta 8) LPS macrophage	s_21093ae7	2026-09-25T15:46:21Z	7	PMC5358891	Analysis of the human monocyte-derived macrophage transcriptome and response to lipopolysaccharide provides new insights into genetic aetiology of inflammatory bowel disease	no	ok
Itgb8	Itgb8 (integrin beta 8) LPS macrophage	s_21093ae7	2026-09-25T15:46:21Z	8	PMC4951018	Full Spectrum of LPS Activation in Alveolar Macrophages of Healthy Volunteers by Whole Transcriptomic Profiling	no	ok
Itgb8	Itgb8 (integrin beta 8) LPS macrophage	s_21093ae7	2026-09-25T15:46:21Z	9	PMC5439516	Inflammatory cues enhance TGFβ activation by distinct subsets of human intestinal dendritic cells via integrin αvβ8	no	ok
Itgb8	Itgb8 (integrin beta 8) LPS macrophage	s_21093ae7	2026-09-25T15:46:21Z	10	PMC3953056	Epigenetic profile in lipopolysaccharide-stimulated macrophages	no	ok
Itgb8	Itgb8 (integrin beta 8) LPS macrophage	s_21093ae7	2026-09-25T15:46:21Z	11	PMC13372918	Lipopolysaccharide-mediated macrophage polarization, conserved pathogenesis, and implications for peripheral neuropathy: a systematic review	no	ok
Itgb8	Itgb8 (integrin beta 8) LPS macrophage	s_21093ae7	2026-09-25T15:46:21Z	12	PMC3333514	Monocyte normal immune response to LPS stimulation	no	ok
Itgb8	Itgb8 (integrin beta 8) LPS macrophage	s_21093ae7	2026-09-25T15:46:21Z	13	PMC12605410	Targeting the LPS-STING axis: neomycin restores STING-mediated anti-tumor immune suppression and inhibits tumor growth	no	ok
Itgb8	Itgb8 (integrin beta 8) LPS macrophage	s_21093ae7	2026-09-25T15:46:21Z	14	PMC3660024	Comparative Study of The Effect of LPS on The Function of BALB/c and C57BL/6 Peritoneal Macrophages	no	ok
Itgb8	Itgb8 (integrin beta 8) LPS macrophage	s_21093ae7	2026-09-25T15:46:21Z	15	PMC5627409	Selection of reliable reference genes for the normalisation of gene expression levels following time course LPS stimulation of murine bone marrow derived macrophages	no	ok
Itgb8	Itgb8 (integrin beta 8) LPS macrophage	s_21093ae7	2026-09-25T15:46:21Z	16	PMC12346749	Lipopolysaccharide-Activated Macrophages Suppress Cellular Senescence and Promote Rejuvenation in Human Dermal Fibroblasts	no	ok
Itgb8	Itgb8 (integrin beta 8) LPS macrophage	s_21093ae7	2026-09-25T15:46:21Z	17	PMC5527282	Natural variation of macrophage activation as disease-relevant phenotype predictive of inflammation and cancer survival	no	ok
Itgb8	Itgb8 (integrin beta 8) LPS macrophage	s_21093ae7	2026-09-25T15:46:21Z	18	PMC3217009	Pre-Treatment of Recombinant Mouse MFG-E8 Downregulates LPS-Induced TNF-α Production in Macrophages via STAT3-Mediated SOCS3 Activation	no	ok
Itgb8	Itgb8 (integrin beta 8) LPS macrophage	s_21093ae7	2026-09-25T15:46:21Z	19	PMC7927794	Surface‐bound matrix metalloproteinase‐8 on macrophages: Contributions to macrophage pericellular proteolysis and migration through tissue barriers	no	ok
Itgb8	Itgb8 (integrin beta 8) LPS macrophage	s_21093ae7	2026-09-25T15:46:21Z	20	PMC3333518	LPS activation of leukocytes attenuates adhesion to endothelial cells under shear stress	no	ok
Itgb8	Itgb8 (integrin beta 8) LPS macrophage	s_21093ae7	2026-09-25T15:46:21Z	21	PMC11994614	Oral and transdermal administration of lipopolysaccharide safely enhances self-healing ability through the macrophage network	no	ok
Itgb8	Itgb8 (integrin beta 8) LPS macrophage	s_21093ae7	2026-09-25T15:46:21Z	22	PMC3317238	LPS Counter Regulates RNA Expression of Extracellular Proteases and Their Inhibitors in Murine Macrophages	no	ok
Itgb8	Itgb8 (integrin beta 8) LPS macrophage	s_21093ae7	2026-09-25T15:46:21Z	23	PMC8159967	Targeting Gα13-integrin interaction ameliorates systemic inflammation	no	ok
Itgb8	Itgb8 (integrin beta 8) LPS macrophage	s_21093ae7	2026-09-25T15:46:21Z	24	PMC6527387	Quercetin inhibits LPS-induced macrophage migration by suppressing the iNOS/FAK/paxillin pathway and modulating the cytoskeleton	no	ok
Itgb8	Itgb8 (integrin beta 8) LPS macrophage	s_21093ae7	2026-09-25T15:46:21Z	25	PMC9076897	Overabundance of Veillonella parvula promotes intestinal inflammation by activating macrophages via LPS-TLR4 pathway	no	ok
Cd69	Cd69 (CD69 antigen) LPS macrophage	s_2c0f04b2	2026-09-25T15:46:33Z	1	PMC10339090	The pro‐inflammatory signature of lipopolysaccharide in spontaneous contracting embryoid bodies differentiated from mouse embryonic stem cells	yes	ok
Cd69	Cd69 (CD69 antigen) LPS macrophage	s_2c0f04b2	2026-09-25T15:46:33Z	2	PMC2196347	T Cell Stimulation In Vivo by Lipopolysaccharide (LPS)	yes	ok
Cd69	Cd69 (CD69 antigen) LPS macrophage	s_2c0f04b2	2026-09-25T15:46:33Z	3	PMC6274997	Transcriptome Analysis Provides Insights into the Markers of Resting and LPS-Activated Macrophages in Grass Carp (Ctenopharyngodon idella)	yes	ok
Cd69	Cd69 (CD69 antigen) LPS macrophage	s_2c0f04b2	2026-09-25T15:46:33Z	4	PMC3198935	Attenuation of lung inflammation and fibrosis in CD69-deficient mice after intratracheal bleomycin	no	ok
Cd69	Cd69 (CD69 antigen) LPS macrophage	s_2c0f04b2	2026-09-25T15:46:33Z	5	PMC9977534	Corydalis decumbens Alleviates the Migration, Phagocytosis, and Inflammatory Response of Macrophages	no	ok
Cd69	Cd69 (CD69 antigen) LPS macrophage	s_2c0f04b2	2026-09-25T15:46:33Z	6	PMC2191715	Triggering of human monocyte activation through CD69, a member of the natural killer cell gene complex family of signal transducing receptors	no	ok
Cd69	Cd69 (CD69 antigen) LPS macrophage	s_2c0f04b2	2026-09-25T15:46:33Z	7	PMC9456100	Lipopolysaccharide from Porphyromonas gingivalis, but Not from Porphyromonas endodontalis, Induces Macrophage M1 Profile	no	ok
Cd69	Cd69 (CD69 antigen) LPS macrophage	s_2c0f04b2	2026-09-25T15:46:33Z	8	PMC4378362	Analysis of the transcriptional networks underpinning the activation of murine macrophages by inflammatory mediators	no	ok
Cd69	Cd69 (CD69 antigen) LPS macrophage	s_2c0f04b2	2026-09-25T15:46:33Z	9	PMC3660024	Comparative Study of The Effect of LPS on The Function of BALB/c and C57BL/6 Peritoneal Macrophages	no	ok
Cd69	Cd69 (CD69 antigen) LPS macrophage	s_2c0f04b2	2026-09-25T15:46:33Z	10	PMC10123955	CD169+ macrophage intrinsic IL-10 production regulates immune homeostasis during sepsis	no	ok
Cd69	Cd69 (CD69 antigen) LPS macrophage	s_2c0f04b2	2026-09-25T15:46:33Z	11	PMC2234390	Ginger extract inhibits LPS induced macrophage activation and function	no	ok
Cd69	Cd69 (CD69 antigen) LPS macrophage	s_2c0f04b2	2026-09-25T15:46:33Z	12	PMC11422137	Establishment and characterization of an immortalized red river hog blood-derived macrophage cell line	no	ok
Cd69	Cd69 (CD69 antigen) LPS macrophage	s_2c0f04b2	2026-09-25T15:46:33Z	13	PMC13398632	Lipopolysaccharide uptake is augmented in lipopolysaccharide‐tolerant mouse macrophage‐like cells via increased CD14 expression	no	ok
Cd69	Cd69 (CD69 antigen) LPS macrophage	s_2c0f04b2	2026-09-25T15:46:33Z	14	PMC3484127	CD69 Does Not Affect the Extent of T Cell Priming	yes	ok
Cd69	Cd69 (CD69 antigen) LPS macrophage	s_2c0f04b2	2026-09-25T15:46:33Z	15	PMC3953056	Epigenetic profile in lipopolysaccharide-stimulated macrophages	no	ok
Cd69	Cd69 (CD69 antigen) LPS macrophage	s_2c0f04b2	2026-09-25T15:46:33Z	16	PMC8994779	ICA69 aggravates ferroptosis causing septic cardiac dysfunction via STING trafficking	no	ok
Cd69	Cd69 (CD69 antigen) LPS macrophage	s_2c0f04b2	2026-09-25T15:46:33Z	17	PMC10167635	Induction of unique macrophage subset by simultaneous stimulation with LPS and IL-4	no	ok
Cd69	Cd69 (CD69 antigen) LPS macrophage	s_2c0f04b2	2026-09-25T15:46:33Z	18	PMC7053374	Corrigendum: Macrophage Polarization: Different Gene Signatures in M1(LPS+) vs. Classically and M2(LPS–) vs. Alternatively Activated Macrophages	no	ok
Cd69	Cd69 (CD69 antigen) LPS macrophage	s_2c0f04b2	2026-09-25T15:46:33Z	19	PMC1781469	Transcriptional profiling of the LPS induced NF-κB response in macrophages	no	ok
Cd69	Cd69 (CD69 antigen) LPS macrophage	s_2c0f04b2	2026-09-25T15:46:33Z	20	PMC6333739	Expression of Tmem119/Sall1 and Ccr2/CD69 in FACS-Sorted Microglia- and Monocyte/Macrophage-Enriched Cell Populations After Intracerebral Hemorrhage	no	ok
Cd69	Cd69 (CD69 antigen) LPS macrophage	s_2c0f04b2	2026-09-25T15:46:33Z	21	PMC10091190	LPS combined with CD47mAb enhances the anti‑osteosarcoma ability of macrophages	no	ok
Cd69	Cd69 (CD69 antigen) LPS macrophage	s_2c0f04b2	2026-09-25T15:46:33Z	22	PMC3333514	Monocyte normal immune response to LPS stimulation	no	ok
Cd69	Cd69 (CD69 antigen) LPS macrophage	s_2c0f04b2	2026-09-25T15:46:33Z	23	PMC4779537	CD97/ADGRE5 Inhibits LPS Induced NF-κB Activation through PPAR-γ Upregulation in Macrophages	no	ok
Cd69	Cd69 (CD69 antigen) LPS macrophage	s_2c0f04b2	2026-09-25T15:46:33Z	24	PMC7887231	89Zr anti-CD44 immuno-PET monitors CD44 expression on splenic myeloid cells and HT29 colon cancer cells	no	ok
Cd69	Cd69 (CD69 antigen) LPS macrophage	s_2c0f04b2	2026-09-25T15:46:33Z	25	PMC5627409	Selection of reliable reference genes for the normalisation of gene expression levels following time course LPS stimulation of murine bone marrow derived macrophages	no	ok
Ptgs2	Ptgs2 (prostaglandin-endoperoxide synthase 2) LPS macrophage	s_b4b9be4b	2026-09-25T15:46:39Z	1	PMC13078257	Downregulated PLAU alleviates acute rejection after liver transplantation by targeting Ptgs2 in macrophages	yes	ok
Ptgs2	Ptgs2 (prostaglandin-endoperoxide synthase 2) LPS macrophage	s_b4b9be4b	2026-09-25T15:46:39Z	2	bio_374dd4d36e7b	Robust, sensitive, and quantitative single-cell proteomics based on ion mobility filtering	yes	ok
Ptgs2	Ptgs2 (prostaglandin-endoperoxide synthase 2) LPS macrophage	s_b4b9be4b	2026-09-25T15:46:39Z	3	bio_bc9546606c31	Integrating Network Pharmacology And Experimental Verification To Explore The Mechanism Of Qionggui Power Against Atherosclerosis	yes	ok
Ptgs2	Ptgs2 (prostaglandin-endoperoxide synthase 2) LPS macrophage	s_b4b9be4b	2026-09-25T15:46:39Z	4	PMC2188197	Bacterial lipopolysaccharides prime macrophages for enhanced release of arachidonic acid metabolites	no	ok
Ptgs2	Ptgs2 (prostaglandin-endoperoxide synthase 2) LPS macrophage	s_b4b9be4b	2026-09-25T15:46:39Z	5	PMC12083002	Curcumin alleviates LPS-induced WI-38 cell inflammation injury by regulating PTGS2 expression	yes	ok
Ptgs2	Ptgs2 (prostaglandin-endoperoxide synthase 2) LPS macrophage	s_b4b9be4b	2026-09-25T15:46:39Z	6	PMC12083000	Dynamic changes in macrophage populations and resulting alterations in Prostaglandin E2 sensitivity in mice with diet-induced MASH	yes	ok
Ptgs2	Ptgs2 (prostaglandin-endoperoxide synthase 2) LPS macrophage	s_b4b9be4b	2026-09-25T15:46:39Z	7	PMC3511480	Lipopolysaccharide-Induced Expression of Microsomal Prostaglandin E Synthase-1 Mediates Late-Phase PGE2 Production in Bone Marrow Derived Macrophages	yes	ok
Ptgs2	Ptgs2 (prostaglandin-endoperoxide synthase 2) LPS macrophage	s_b4b9be4b	2026-09-25T15:46:39Z	8	PMC5489520	Macrophage responses to lipopolysaccharide are modulated by a feedback loop involving prostaglandin E2, dual specificity phosphatase 1 and tristetraprolin	yes	ok
Ptgs2	Ptgs2 (prostaglandin-endoperoxide synthase 2) LPS macrophage	s_b4b9be4b	2026-09-25T15:46:39Z	9	PMC12722496	PTGS2 Silencing Inhibits Ferroptosis in Staphylococcus Aureus-induced Osteomyelitis By Blocking the IL-17A Signaling Pathway	yes	ok
Ptgs2	Ptgs2 (prostaglandin-endoperoxide synthase 2) LPS macrophage	s_b4b9be4b	2026-09-25T15:46:39Z	10	bio_523ca8418f4e	Lapatinib Suppressed the Expression of Proinflammatory Cytokines and Alleviated Pain Behavior in a Mouse Model of Postoperative Pain	yes	ok
Ptgs2	Ptgs2 (prostaglandin-endoperoxide synthase 2) LPS macrophage	s_b4b9be4b	2026-09-25T15:46:39Z	11	PMC9130483	The Bradykinin System Contributes to the Regulation of Prostaglandin-Endoperoxide Synthase 2 Expression in Human Amnion Fibroblasts: Implications for Term and Preterm Birth	yes	ok
Ptgs2	Ptgs2 (prostaglandin-endoperoxide synthase 2) LPS macrophage	s_b4b9be4b	2026-09-25T15:46:39Z	12	PMC11163068	Nicotinic acetylcholine receptor-mediated effects of varenicline on LPS-elevated prostaglandin and cyclooxygenase levels in RAW 264.7 macrophages	yes	ok
Ptgs2	Ptgs2 (prostaglandin-endoperoxide synthase 2) LPS macrophage	s_b4b9be4b	2026-09-25T15:46:39Z	13	PMC2949756	Motif prediction to distinguish LPS-stimulated pro-inflammatory  vs . antibacterial macrophage genes	no	ok
Ptgs2	Ptgs2 (prostaglandin-endoperoxide synthase 2) LPS macrophage	s_b4b9be4b	2026-09-25T15:46:39Z	14	bio_bcc561746c3c	Phagocytosis is differentially regulated by LPS in M1- and M2-like macrophages via PGE 2  formation and EP4 signaling	yes	ok
Ptgs2	Ptgs2 (prostaglandin-endoperoxide synthase 2) LPS macrophage	s_b4b9be4b	2026-09-25T15:46:39Z	15	PMC1781814	Prostaglandin E2 affects differently the release of inflammatory mediators from resident macrophages by LPS and muramyl tripeptides.	yes	ok
Ptgs2	Ptgs2 (prostaglandin-endoperoxide synthase 2) LPS macrophage	s_b4b9be4b	2026-09-25T15:46:39Z	16	PMC6226547	Lipocalin-Like Prostaglandin D Synthase but Not Hemopoietic Prostaglandin D Synthase Deletion Causes Hypertension and Accelerates Thrombogenesis in Mice	no	ok
Ptgs2	Ptgs2 (prostaglandin-endoperoxide synthase 2) LPS macrophage	s_b4b9be4b	2026-09-25T15:46:39Z	17	PMC4284740	Pheophytin a Inhibits Inflammation via Suppression of LPS-Induced Nitric Oxide Synthase-2, Prostaglandin E2, and Interleukin-1β of Macrophages	yes	ok
Ptgs2	Ptgs2 (prostaglandin-endoperoxide synthase 2) LPS macrophage	s_b4b9be4b	2026-09-25T15:46:39Z	18	PMC7053374	Corrigendum: Macrophage Polarization: Different Gene Signatures in M1(LPS+) vs. Classically and M2(LPS–) vs. Alternatively Activated Macrophages	no	ok
Ptgs2	Ptgs2 (prostaglandin-endoperoxide synthase 2) LPS macrophage	s_b4b9be4b	2026-09-25T15:46:39Z	19	PMC3756181	Suppression of Heme Oxygenase-1 by Prostaglandin E2-Protein Kinase A-A-Kinase Anchoring Protein Signaling Is Central for Augmented Cyclooxygenase-2 Expression in Lipopolysaccharide-Stimulated RAW 264.7 Macrophages	yes	ok
Ptgs2	Ptgs2 (prostaglandin-endoperoxide synthase 2) LPS macrophage	s_b4b9be4b	2026-09-25T15:46:39Z	20	PMC8945100	15-F2t-Isoprostane Favors an Anti-Inflammatory Phenotype in RAW 264.7 Macrophages during Endotoxin Challenge	no	ok
Ptgs2	Ptgs2 (prostaglandin-endoperoxide synthase 2) LPS macrophage	s_b4b9be4b	2026-09-25T15:46:39Z	21	PMC8146495	Lipopolysaccharide-Induced Nitric Oxide and Prostaglandin E2 Production Is Inhibited by Tellimagrandin II in Mouse and Human Macrophages	yes	ok
Ptgs2	Ptgs2 (prostaglandin-endoperoxide synthase 2) LPS macrophage	s_b4b9be4b	2026-09-25T15:46:39Z	22	PMC2365800	Cyclooxygenase-2 and its regulation in inflammation	no	ok
Ptgs2	Ptgs2 (prostaglandin-endoperoxide synthase 2) LPS macrophage	s_b4b9be4b	2026-09-25T15:46:39Z	23	PMC5234110	Differential expression of E-type prostanoid receptors 2 and 4 in microglia stimulated with lipopolysaccharide	yes	ok
Ptgs2	Ptgs2 (prostaglandin-endoperoxide synthase 2) LPS macrophage	s_b4b9be4b	2026-09-25T15:46:39Z	24	PMC3592834	Integrated Analysis of COX-2 and iNOS Derived Inflammatory Mediators in LPS-Stimulated RAW Macrophages Pre-Exposed to Echium plantagineum L. Bee Pollen Extract	no	ok
Ptgs2	Ptgs2 (prostaglandin-endoperoxide synthase 2) LPS macrophage	s_b4b9be4b	2026-09-25T15:46:39Z	25	PMC6651843	2-Carba cyclic phosphatidic acid inhibits lipopolysaccharide-induced prostaglandin E2 production in a human macrophage cell line	yes	ok
Steap4	Steap4 (STEAP family member 4) LPS macrophage	s_febe8111	2026-09-25T15:46:58Z	1	PMC8576732	The expression of STEAP4 in peripheral blood predicts the outcome of septic patients	yes	ok
Steap4	Steap4 (STEAP family member 4) LPS macrophage	s_febe8111	2026-09-25T15:46:58Z	2	PMC10494559	Immune responses of six-transmembrane epithelial antigen of the prostate 4 functions as a novel biomarker in gastric cancer	no	ok
Steap4	Steap4 (STEAP family member 4) LPS macrophage	s_febe8111	2026-09-25T15:46:58Z	3	PMC11346062	Six transmembrane epithelial antigens of the prostate to illustrate inflammatory response in gastrointestinal cancers	no	ok
Steap4	Steap4 (STEAP family member 4) LPS macrophage	s_febe8111	2026-09-25T15:46:58Z	4	PMC7053374	Corrigendum: Macrophage Polarization: Different Gene Signatures in M1(LPS+) vs. Classically and M2(LPS–) vs. Alternatively Activated Macrophages	no	ok
Steap4	Steap4 (STEAP family member 4) LPS macrophage	s_febe8111	2026-09-25T15:46:58Z	5	PMC13364855	STEAP4 drives immune dysregulation in myocardial infarction–NSCLC comorbidity	no	ok
Steap4	Steap4 (STEAP family member 4) LPS macrophage	s_febe8111	2026-09-25T15:46:58Z	6	PMC10823946	Inflammatory response in gastrointestinal cancers: Overview of six transmembrane epithelial antigens of the prostate in pathophysiology and clinical implications	no	ok
Steap4	Steap4 (STEAP family member 4) LPS macrophage	s_febe8111	2026-09-25T15:46:58Z	7	PMC7021685	Inflammation mobilizes copper metabolism to promote colon tumorigenesis via an IL-17-STEAP4-XIAP axis	no	ok
Steap4	Steap4 (STEAP family member 4) LPS macrophage	s_febe8111	2026-09-25T15:46:58Z	8	PMC3333514	Monocyte normal immune response to LPS stimulation	no	ok
Steap4	Steap4 (STEAP family member 4) LPS macrophage	s_febe8111	2026-09-25T15:46:58Z	9	PMC12035103	Lipopolysaccharide preconditioning augments the antibacterial activity of renal macrophages and ameliorates acute kidney injury caused by Staphylococcus aureus bacteremia in mice	no	ok
Steap4	Steap4 (STEAP family member 4) LPS macrophage	s_febe8111	2026-09-25T15:46:58Z	10	PMC13480316	Hepatic STEAP4 promotes liver regeneration by regulating lysosomal iron homeostasis and membrane integrity in acetaminophen-induced liver injury	no	ok
Steap4	Steap4 (STEAP family member 4) LPS macrophage	s_febe8111	2026-09-25T15:46:58Z	11	PMC6194020	Cryo-EM structures of human STEAP4 reveal mechanism of iron(III) reduction	no	ok
Steap4	Steap4 (STEAP family member 4) LPS macrophage	s_febe8111	2026-09-25T15:46:58Z	12	PMC7386301	Species-Specificity of Transcriptional Regulation and the Response to Lipopolysaccharide in Mammalian Macrophages	no	ok
Steap4	Steap4 (STEAP family member 4) LPS macrophage	s_febe8111	2026-09-25T15:46:58Z	13	PMC12605410	Targeting the LPS-STING axis: neomycin restores STING-mediated anti-tumor immune suppression and inhibits tumor growth	no	ok
Steap4	Steap4 (STEAP family member 4) LPS macrophage	s_febe8111	2026-09-25T15:46:58Z	14	PMC4459839	Steap4 attenuates high glucose and S100B-induced effects in mesangial cells	no	ok
Steap4	Steap4 (STEAP family member 4) LPS macrophage	s_febe8111	2026-09-25T15:46:58Z	15	PMC8059164	STEAP4 expression in CNS resident cells promotes Th17 cell-induced autoimmune encephalomyelitis	no	ok
Steap4	Steap4 (STEAP family member 4) LPS macrophage	s_febe8111	2026-09-25T15:46:58Z	16	PMC11851923	Diabetes-Mediated STEAP4 Enhances Retinal Oxidative Stress and Impacts the Development of Diabetic Retinopathy	no	ok
Steap4	Steap4 (STEAP family member 4) LPS macrophage	s_febe8111	2026-09-25T15:46:58Z	17	PMC11394647	Correction: Trstenjak Prebanda et al. Upregulation of Mitochondrial Redox Sensitive Proteins in LPS-Treated Stefin B-Deficient Macrophages. Cells 2019, 8, 1476	no	ok
Steap4	Steap4 (STEAP family member 4) LPS macrophage	s_febe8111	2026-09-25T15:46:58Z	18	PMC2196288	Lipopolysaccharide (LPS)-induced Macrophage Activation and Signal Transduction in the Absence of Src-Family Kinases Hck, Fgr, and Lyn	no	ok
Steap4	Steap4 (STEAP family member 4) LPS macrophage	s_febe8111	2026-09-25T15:46:58Z	19	PMC9406800	STEAP1–4 (Six-Transmembrane Epithelial Antigen of the Prostate 1–4) and Their Clinical Implications for Prostate Cancer	no	ok
Steap4	Steap4 (STEAP family member 4) LPS macrophage	s_febe8111	2026-09-25T15:46:58Z	20	PMC13359901	STEAP4–Mediated ROS–TERT–TP53 Signaling Promotes Granulosa Cell Dysfunction in Experimental Models of Polycystic Ovary Syndrome	no	ok
Steap4	Steap4 (STEAP family member 4) LPS macrophage	s_febe8111	2026-09-25T15:46:58Z	21	PMC3317238	LPS Counter Regulates RNA Expression of Extracellular Proteases and Their Inhibitors in Murine Macrophages	no	ok
Steap4	Steap4 (STEAP family member 4) LPS macrophage	s_febe8111	2026-09-25T15:46:58Z	22	PMC11994614	Oral and transdermal administration of lipopolysaccharide safely enhances self-healing ability through the macrophage network	no	ok
Steap4	Steap4 (STEAP family member 4) LPS macrophage	s_febe8111	2026-09-25T15:46:58Z	23	PMC7288959	BRD4 contributes to LPS-induced macrophage senescence and promotes progression of atherosclerosis-associated lipid uptake	no	ok
Steap4	Steap4 (STEAP family member 4) LPS macrophage	s_febe8111	2026-09-25T15:46:58Z	24	PMC6543837	Macrophage Polarization: Different Gene Signatures in M1(LPS+) vs. Classically and M2(LPS–) vs. Alternatively Activated Macrophages	no	ok
Steap4	Steap4 (STEAP family member 4) LPS macrophage	s_febe8111	2026-09-25T15:46:58Z	25	PMC5627409	Selection of reliable reference genes for the normalisation of gene expression levels following time course LPS stimulation of murine bone marrow derived macrophages	no	ok
Serpina3g	Serpina3g (serine (or cysteine) peptidase inhibitor, clade A, member 3G) LPS macrophage	s_3cacaac7	2026-09-25T15:47:04Z	1	PMC2817383	Comparative Analyses of Transcriptional Profiles in Mouse Organs Using a Pneumonic Plague Model after Infection with Wild-Type Yersinia pestis CO92 and Its Braun Lipoprotein Mutant	yes	ok
Serpina3g	Serpina3g (serine (or cysteine) peptidase inhibitor, clade A, member 3G) LPS macrophage	s_3cacaac7	2026-09-25T15:47:04Z	2	bio_582891fd6ece	Adventitial macrophage accumulation impairs perivascular nerve function in mesenteric arteries with inflammatory bowel disease	no	ok
Serpina3g	Serpina3g (serine (or cysteine) peptidase inhibitor, clade A, member 3G) LPS macrophage	s_3cacaac7	2026-09-25T15:47:04Z	3	bio_182dc4406e54	The renal inflammatory network of nephronophthisis	no	ok
Serpina3g	Serpina3g (serine (or cysteine) peptidase inhibitor, clade A, member 3G) LPS macrophage	s_3cacaac7	2026-09-25T15:47:04Z	4	PMC5332009	Genome-wide siRNA screen of genes regulating the LPS-induced TNF-α response in human macrophages	no	ok
Serpina3g	Serpina3g (serine (or cysteine) peptidase inhibitor, clade A, member 3G) LPS macrophage	s_3cacaac7	2026-09-25T15:47:04Z	5	PMC6543837	Macrophage Polarization: Different Gene Signatures in M1(LPS+) vs. Classically and M2(LPS–) vs. Alternatively Activated Macrophages	no	ok
Serpina3g	Serpina3g (serine (or cysteine) peptidase inhibitor, clade A, member 3G) LPS macrophage	s_3cacaac7	2026-09-25T15:47:04Z	6	PMC3654373	Hepatic Gene Expression Profiling in Nrf2 Knockout Mice after Long-Term High-Fat Diet-Induced Obesity	no	ok
Serpina3g	Serpina3g (serine (or cysteine) peptidase inhibitor, clade A, member 3G) LPS macrophage	s_3cacaac7	2026-09-25T15:47:04Z	7	PMC3317238	LPS Counter Regulates RNA Expression of Extracellular Proteases and Their Inhibitors in Murine Macrophages	no	ok
Serpina3g	Serpina3g (serine (or cysteine) peptidase inhibitor, clade A, member 3G) LPS macrophage	s_3cacaac7	2026-09-25T15:47:04Z	8	PMC4378362	Analysis of the transcriptional networks underpinning the activation of murine macrophages by inflammatory mediators	no	ok
Serpina3g	Serpina3g (serine (or cysteine) peptidase inhibitor, clade A, member 3G) LPS macrophage	s_3cacaac7	2026-09-25T15:47:04Z	9	PMC7053374	Corrigendum: Macrophage Polarization: Different Gene Signatures in M1(LPS+) vs. Classically and M2(LPS–) vs. Alternatively Activated Macrophages	no	ok
Serpina3g	Serpina3g (serine (or cysteine) peptidase inhibitor, clade A, member 3G) LPS macrophage	s_3cacaac7	2026-09-25T15:47:04Z	10	PMC1781469	Transcriptional profiling of the LPS induced NF-κB response in macrophages	no	ok
Serpina3g	Serpina3g (serine (or cysteine) peptidase inhibitor, clade A, member 3G) LPS macrophage	s_3cacaac7	2026-09-25T15:47:04Z	11	PMC9979126	N6-methyladenosine of Spi2a attenuates inflammation and sepsis-associated myocardial dysfunction in mice	yes	ok
Serpina3g	Serpina3g (serine (or cysteine) peptidase inhibitor, clade A, member 3G) LPS macrophage	s_3cacaac7	2026-09-25T15:47:04Z	12	PMC6406460	Relationship between Circulating Serpina3g, Matrix Metalloproteinase-9, and Tissue Inhibitor of Metalloproteinase-1 and -2 with Chronic Obstructive Pulmonary Disease Severity	no	ok
Serpina3g	Serpina3g (serine (or cysteine) peptidase inhibitor, clade A, member 3G) LPS macrophage	s_3cacaac7	2026-09-25T15:47:04Z	13	PMC3333514	Monocyte normal immune response to LPS stimulation	no	ok
Serpina3g	Serpina3g (serine (or cysteine) peptidase inhibitor, clade A, member 3G) LPS macrophage	s_3cacaac7	2026-09-25T15:47:04Z	14	PMC3589482	The Transcription Factor C/EBP-β Mediates Constitutive and LPS-Inducible Transcription of Murine SerpinB2	no	ok
Serpina3g	Serpina3g (serine (or cysteine) peptidase inhibitor, clade A, member 3G) LPS macrophage	s_3cacaac7	2026-09-25T15:47:04Z	15	PMC3953056	Epigenetic profile in lipopolysaccharide-stimulated macrophages	no	ok
Serpina3g	Serpina3g (serine (or cysteine) peptidase inhibitor, clade A, member 3G) LPS macrophage	s_3cacaac7	2026-09-25T15:47:04Z	16	PMC7481448	Serine Supports IL-1β Production in Macrophages Through mTOR Signaling	no	ok
Serpina3g	Serpina3g (serine (or cysteine) peptidase inhibitor, clade A, member 3G) LPS macrophage	s_3cacaac7	2026-09-25T15:47:04Z	17	PMC5627409	Selection of reliable reference genes for the normalisation of gene expression levels following time course LPS stimulation of murine bone marrow derived macrophages	no	ok
Serpina3g	Serpina3g (serine (or cysteine) peptidase inhibitor, clade A, member 3G) LPS macrophage	s_3cacaac7	2026-09-25T15:47:04Z	18	PMC6667695	Cooperative and distinct functions of MK2 and MK3 in the regulation of the macrophage transcriptional response to lipopolysaccharide	yes	ok
Serpina3g	Serpina3g (serine (or cysteine) peptidase inhibitor, clade A, member 3G) LPS macrophage	s_3cacaac7	2026-09-25T15:47:04Z	19	PMC4470529	Macrophage phenotype in sepsis immunosuppression	no	ok
Serpina3g	Serpina3g (serine (or cysteine) peptidase inhibitor, clade A, member 3G) LPS macrophage	s_3cacaac7	2026-09-25T15:47:04Z	20	bio_8463ddc16c3c	Semaphorin 3G exacerbates joint inflammation through the accumulation and proliferation of macrophages in the synovium	no	ok
Serpina3g	Serpina3g (serine (or cysteine) peptidase inhibitor, clade A, member 3G) LPS macrophage	s_3cacaac7	2026-09-25T15:47:04Z	21	PMC4446742	Endotoxin-Binding Peptides Derived from Casein Glycomacropeptide Inhibit Lipopolysaccharide-Stimulated Inflammatory Responses via Blockade of NF-κB activation in macrophages	no	ok
Serpina3g	Serpina3g (serine (or cysteine) peptidase inhibitor, clade A, member 3G) LPS macrophage	s_3cacaac7	2026-09-25T15:47:04Z	22	bio_78de31c56fc5	Sex differences in nociceptor translatomes contribute to divergent prostaglandin signaling in male and female mice	no	ok
Serpina3g	Serpina3g (serine (or cysteine) peptidase inhibitor, clade A, member 3G) LPS macrophage	s_3cacaac7	2026-09-25T15:47:04Z	23	PMC12149117	Endogenous SLPI contributes to the regulation of inflammatory responses in peritoneal macrophages by modulating MMP-9 production	no	ok
Serpina3g	Serpina3g (serine (or cysteine) peptidase inhibitor, clade A, member 3G) LPS macrophage	s_3cacaac7	2026-09-25T15:47:04Z	24	PMC13062519	Serglycin modulates inflammation and metabolism in macrophages	no	ok
Serpina3g	Serpina3g (serine (or cysteine) peptidase inhibitor, clade A, member 3G) LPS macrophage	s_3cacaac7	2026-09-25T15:47:04Z	25	PMC5613137	Recombinant Trichinella pseudospiralis Serine Protease Inhibitors Alter Macrophage Polarization In Vitro	no	ok
Adamts4	Adamts4 (ADAM metallopeptidase with thrombospondin type 1 motif 4) LPS macrophage	s_ee990bcb	2026-09-25T15:47:05Z	1	PMC13149992	ADAMTS4 elicits myeloid-derived immune cell recruitment and liver fibrogenesis in metabolic dysfunction-associated steatotic liver disease	no	ok
Adamts4	Adamts4 (ADAM metallopeptidase with thrombospondin type 1 motif 4) LPS macrophage	s_ee990bcb	2026-09-25T15:47:05Z	2	bio_aec0e8f76c09	Effect of Thrombospondin-4 on Pro-inflammatory Phenotype Differentiation and Apoptosis in Macrophages	no	ok
Adamts4	Adamts4 (ADAM metallopeptidase with thrombospondin type 1 motif 4) LPS macrophage	s_ee990bcb	2026-09-25T15:47:05Z	3	PMC6978349	Effects of thrombospondin-4 on pro-inflammatory phenotype differentiation and apoptosis in macrophages	no	ok
Adamts4	Adamts4 (ADAM metallopeptidase with thrombospondin type 1 motif 4) LPS macrophage	s_ee990bcb	2026-09-25T15:47:05Z	4	PMC5617887	Critical Role of ADAMTS-4 in the Development of Sporadic Aortic Aneurysm and Dissection in Mice	no	ok
Adamts4	Adamts4 (ADAM metallopeptidase with thrombospondin type 1 motif 4) LPS macrophage	s_ee990bcb	2026-09-25T15:47:05Z	5	PMC10671186	A Disintegrin and Metalloproteinase with Thrombospondin Motifs 4 Regulates Pulmonary Vascular Hyperpermeability through Destruction of Glycocalyx in Acute Respiratory Distress Syndrome	yes	ok
Adamts4	Adamts4 (ADAM metallopeptidase with thrombospondin type 1 motif 4) LPS macrophage	s_ee990bcb	2026-09-25T15:47:05Z	6	PMC3779352	Regulation of ADAMTS-1, -4 and -5 expression in human macrophages: Differential regulation by key cytokines implicated in atherosclerosis and novel synergism between TL1A and IL-17☆	no	ok
Adamts4	Adamts4 (ADAM metallopeptidase with thrombospondin type 1 motif 4) LPS macrophage	s_ee990bcb	2026-09-25T15:47:05Z	7	PMC11418412	A Disintegrin and Metalloproteinase with Thrombospondin Motifs-4 Levels in Chondrocytes of Different Morphology within Nondegenerate and Early Osteoarthritic Human Femoral Head Cartilage	no	ok
Adamts4	Adamts4 (ADAM metallopeptidase with thrombospondin type 1 motif 4) LPS macrophage	s_ee990bcb	2026-09-25T15:47:05Z	8	PMC3081072	The expression of a disintegrin and metalloproteinase with thrombospondin motifs 4 in human macrophages is inhibited by the anti-atherogenic cytokine transforming growth factor-β and requires Smads, p38 mitogen-activated protein kinase and c-Jun	no	ok
Adamts4	Adamts4 (ADAM metallopeptidase with thrombospondin type 1 motif 4) LPS macrophage	s_ee990bcb	2026-09-25T15:47:05Z	9	PMC4974561	Loss of ADAMTS4 reduces high fat diet-induced atherosclerosis and enhances plaque stability in ApoE−/− mice	no	ok
Adamts4	Adamts4 (ADAM metallopeptidase with thrombospondin type 1 motif 4) LPS macrophage	s_ee990bcb	2026-09-25T15:47:05Z	10	PMC3945733	Thrombospondin-1 triggers macrophage IL-10 production and promotes resolution of experimental lung injury	no	ok
Adamts4	Adamts4 (ADAM metallopeptidase with thrombospondin type 1 motif 4) LPS macrophage	s_ee990bcb	2026-09-25T15:47:05Z	11	PMC13443130	ADAMTS4 mediates LPS‐induced cardiac injury and myocardial fibrosis through proteolytic cleavage of TSP1	yes	ok
Adamts4	Adamts4 (ADAM metallopeptidase with thrombospondin type 1 motif 4) LPS macrophage	s_ee990bcb	2026-09-25T15:47:05Z	12	PMC9507754	ADAM-10 Regulates MMP-12 during Lipopolysaccharide-Induced Inflammatory Response in Macrophages	no	ok
Adamts4	Adamts4 (ADAM metallopeptidase with thrombospondin type 1 motif 4) LPS macrophage	s_ee990bcb	2026-09-25T15:47:05Z	13	PMC13372918	Lipopolysaccharide-mediated macrophage polarization, conserved pathogenesis, and implications for peripheral neuropathy: a systematic review	no	ok
Adamts4	Adamts4 (ADAM metallopeptidase with thrombospondin type 1 motif 4) LPS macrophage	s_ee990bcb	2026-09-25T15:47:05Z	14	PMC13096709	ADAMTS2 Modulates Inflammation, Autophagy, and Barrier Integrity Through PI3K/AKT/mTOR Signaling in LPS‐Induced Acute Respiratory Distress Syndrome	no	ok
Adamts4	Adamts4 (ADAM metallopeptidase with thrombospondin type 1 motif 4) LPS macrophage	s_ee990bcb	2026-09-25T15:47:05Z	15	PMC9656053	A Global Picture of Molecular Changes Associated to LPS Treatment in THP-1 Derived Human Macrophages by Fourier Transform Infrared Microspectroscopy	no	ok
Adamts4	Adamts4 (ADAM metallopeptidase with thrombospondin type 1 motif 4) LPS macrophage	s_ee990bcb	2026-09-25T15:47:05Z	16	PMC6120467	Interaction with macrophages attenuates equine fibroblast‐like synoviocyte ADAMTS5 (aggrecanase‐2) gene expression following inflammatory stimulation	yes	ok
Adamts4	Adamts4 (ADAM metallopeptidase with thrombospondin type 1 motif 4) LPS macrophage	s_ee990bcb	2026-09-25T15:47:05Z	17	PMC3317238	LPS Counter Regulates RNA Expression of Extracellular Proteases and Their Inhibitors in Murine Macrophages	no	ok
Adamts4	Adamts4 (ADAM metallopeptidase with thrombospondin type 1 motif 4) LPS macrophage	s_ee990bcb	2026-09-25T15:47:05Z	18	PMC3953056	Epigenetic profile in lipopolysaccharide-stimulated macrophages	no	ok
Adamts4	Adamts4 (ADAM metallopeptidase with thrombospondin type 1 motif 4) LPS macrophage	s_ee990bcb	2026-09-25T15:47:05Z	19	PMC3333514	Monocyte normal immune response to LPS stimulation	no	ok
Adamts4	Adamts4 (ADAM metallopeptidase with thrombospondin type 1 motif 4) LPS macrophage	s_ee990bcb	2026-09-25T15:47:05Z	20	PMC5627409	Selection of reliable reference genes for the normalisation of gene expression levels following time course LPS stimulation of murine bone marrow derived macrophages	no	ok
Adamts4	Adamts4 (ADAM metallopeptidase with thrombospondin type 1 motif 4) LPS macrophage	s_ee990bcb	2026-09-25T15:47:05Z	21	PMC2359863	The Activation of Macrophage and Upregulation of CD40 Costimulatory Molecule in Lipopolysaccharide-Induced Acute Lung Injury	no	ok
Adamts4	Adamts4 (ADAM metallopeptidase with thrombospondin type 1 motif 4) LPS macrophage	s_ee990bcb	2026-09-25T15:47:05Z	22	PMC11994614	Oral and transdermal administration of lipopolysaccharide safely enhances self-healing ability through the macrophage network	no	ok
Adamts4	Adamts4 (ADAM metallopeptidase with thrombospondin type 1 motif 4) LPS macrophage	s_ee990bcb	2026-09-25T15:47:05Z	23	PMC10439713	Inhibition of the extracellular enzyme A disintegrin and metalloprotease with thrombospondin motif 4 prevents cardiac fibrosis and dysfunction	no	ok
Adamts4	Adamts4 (ADAM metallopeptidase with thrombospondin type 1 motif 4) LPS macrophage	s_ee990bcb	2026-09-25T15:47:05Z	24	PMC8486773	Spatiotemporal proteomic profiling of the pro-inflammatory response to lipopolysaccharide in the THP-1 human leukaemia cell line	no	ok
Adamts4	Adamts4 (ADAM metallopeptidase with thrombospondin type 1 motif 4) LPS macrophage	s_ee990bcb	2026-09-25T15:47:05Z	25	PMC4264871	Thrombospondin-1 Production Is Enhanced by Porphyromonas gingivalis Lipopolysaccharide in THP-1 Cells	no	ok
Socs3	Socs3 (suppressor of cytokine signaling 3) LPS macrophage	s_44f2cd59	2026-09-25T15:47:05Z	1	PMC4621458	Regulation of Macrophage, Dendritic Cell, and Microglial Phenotype and Function by the SOCS Proteins	no	ok
Socs3	Socs3 (suppressor of cytokine signaling 3) LPS macrophage	s_44f2cd59	2026-09-25T15:47:05Z	2	PMC4112788	SOCS Proteins in Macrophage Polarization and Function	no	ok
Socs3	Socs3 (suppressor of cytokine signaling 3) LPS macrophage	s_44f2cd59	2026-09-25T15:47:05Z	3	PMC3876435	SOCS3	no	ok
Socs3	Socs3 (suppressor of cytokine signaling 3) LPS macrophage	s_44f2cd59	2026-09-25T15:47:05Z	4	bio_a7f4b83d6e8b	Suppressor of Cytokine Signaling 3 Derived Peptide as a Therapeutic for Inflammatory, and Oxidative Stress Induced Damage to the Retina	no	ok
Socs3	Socs3 (suppressor of cytokine signaling 3) LPS macrophage	s_44f2cd59	2026-09-25T15:47:05Z	5	PMC3775441	SOCS3 Expression Correlates with Severity of Inflammation, Expression of Proinflammatory Cytokines, and Activation of STAT3 and p38 MAPK in LPS-Induced Inflammation In Vivo	yes	ok
Socs3	Socs3 (suppressor of cytokine signaling 3) LPS macrophage	s_44f2cd59	2026-09-25T15:47:05Z	6	PMC10049283	The Regulatory Roles of Ezh2 in Response to Lipopolysaccharide (LPS) in Macrophages and Mice with Conditional Ezh2 Deletion with LysM-Cre System	yes	ok
Socs3	Socs3 (suppressor of cytokine signaling 3) LPS macrophage	s_44f2cd59	2026-09-25T15:47:05Z	7	PMC7781909	Anti-inflammatory mechanisms of suppressors of cytokine signaling target ROS via NRF-2/thioredoxin induction and inflammasome activation in macrophages	yes	ok
Socs3	Socs3 (suppressor of cytokine signaling 3) LPS macrophage	s_44f2cd59	2026-09-25T15:47:05Z	8	PMC3928676	SOCS3, a Major Regulator of Infection and Inflammation	yes	ok
Socs3	Socs3 (suppressor of cytokine signaling 3) LPS macrophage	s_44f2cd59	2026-09-25T15:47:05Z	9	PMC5747159	Lack of SOCS3 increases LPS-induced murine acute lung injury through modulation of Ly6C(+) macrophages	no	ok
Socs3	Socs3 (suppressor of cytokine signaling 3) LPS macrophage	s_44f2cd59	2026-09-25T15:47:05Z	10	PMC10179427	SOCS3 Protein Mediates the Therapeutic Efficacy of Mesenchymal Stem Cells against Acute Lung Injury	yes	ok
Socs3	Socs3 (suppressor of cytokine signaling 3) LPS macrophage	s_44f2cd59	2026-09-25T15:47:05Z	11	PMC7837818	Paeoniflorin inhibits the macrophage-related rosacea-like inflammatory reaction through the suppressor of cytokine signaling 3-apoptosis signal-regulating kinase 1-p38 pathway	yes	ok
Socs3	Socs3 (suppressor of cytokine signaling 3) LPS macrophage	s_44f2cd59	2026-09-25T15:47:05Z	12	PMC6850919	Resveratrol decreases CD45+CD206− subtype macrophages in LPS‐induced murine acute lung injury by SOCS3 signalling pathway	yes	ok
Socs3	Socs3 (suppressor of cytokine signaling 3) LPS macrophage	s_44f2cd59	2026-09-25T15:47:05Z	13	PMC3217009	Pre-Treatment of Recombinant Mouse MFG-E8 Downregulates LPS-Induced TNF-α Production in Macrophages via STAT3-Mediated SOCS3 Activation	yes	ok
Socs3	Socs3 (suppressor of cytokine signaling 3) LPS macrophage	s_44f2cd59	2026-09-25T15:47:05Z	14	PMC5686055	Suppressor of Cytokine Signaling 3 in Macrophages Prevents Exacerbated Interleukin-6-Dependent Arginase-1 Activity and Early Permissiveness to Experimental Tuberculosis	yes	ok
Socs3	Socs3 (suppressor of cytokine signaling 3) LPS macrophage	s_44f2cd59	2026-09-25T15:47:05Z	15	PMC8169872	Interleukin-6 deficiency modulates testicular function by increasing the expression of suppressor of cytokine signaling 3 (SOCS3) in mice	no	ok
Socs3	Socs3 (suppressor of cytokine signaling 3) LPS macrophage	s_44f2cd59	2026-09-25T15:47:05Z	16	PMC3142066	Macrophage Deletion of SOCS1 Increases Sensitivity to LPS and Palmitic Acid and Results in Systemic Inflammation and Hepatic Insulin Resistance	no	ok
Socs3	Socs3 (suppressor of cytokine signaling 3) LPS macrophage	s_44f2cd59	2026-09-25T15:47:05Z	17	PMC2744869	SOCS2 Influences LPS Induced Human Monocyte-Derived Dendritic Cell Maturation	yes	ok
Socs3	Socs3 (suppressor of cytokine signaling 3) LPS macrophage	s_44f2cd59	2026-09-25T15:47:05Z	18	PMC3893853	A critical role for suppressor of cytokine signalling 3 in promoting M1 macrophage activation and function in vitro and in vivo		error
Socs3	Socs3 (suppressor of cytokine signaling 3) LPS macrophage	s_44f2cd59	2026-09-25T15:47:05Z	19	PMC1174965	Negative regulation of cytokine signaling and immune responses by SOCS proteins	yes	ok
Socs3	Socs3 (suppressor of cytokine signaling 3) LPS macrophage	s_44f2cd59	2026-09-25T15:47:05Z	20	PMC5850160	Role of Macrophage Socs3 in the Pathogenesis of Aortic Dissection	no	ok
Socs3	Socs3 (suppressor of cytokine signaling 3) LPS macrophage	s_44f2cd59	2026-09-25T15:47:05Z	21	PMC7688919	Reducing Suppressors of Cytokine Signaling-3 (SOCS3) Expression Promotes M2 Macrophage Polarization and Functional Recovery After Intracerebral Hemorrhage	no	ok
Socs3	Socs3 (suppressor of cytokine signaling 3) LPS macrophage	s_44f2cd59	2026-09-25T15:47:05Z	22	PMC5008821	Rapid Inflammation in Mice Lacking Both SOCS1 and SOCS3 in Hematopoietic Cells	no	ok
Socs3	Socs3 (suppressor of cytokine signaling 3) LPS macrophage	s_44f2cd59	2026-09-25T15:47:05Z	23	PMC5940261	Macrophage/microglial Ezh2 facilitates autoimmune inflammation through inhibition of Socs3	yes	ok
Socs3	Socs3 (suppressor of cytokine signaling 3) LPS macrophage	s_44f2cd59	2026-09-25T15:47:05Z	24	PMC5733031	SOCS Proteins as Regulators of Inflammatory Responses Induced by Bacterial Infections: A Review	yes	ok
Socs3	Socs3 (suppressor of cytokine signaling 3) LPS macrophage	s_44f2cd59	2026-09-25T15:47:05Z	25	PMC10030509	Socs3b regulates the development and function of innate immune cells in zebrafish	no	ok
Ifi205	Ifi205 (interferon activated gene 205) LPS macrophage	s_d6771f90	2026-09-25T15:47:29Z	1	PMC4163629	An essential role for IFN-β in the induction of IFN-stimulated gene expression by LPS in macrophages	no	ok
Ifi205	Ifi205 (interferon activated gene 205) LPS macrophage	s_d6771f90	2026-09-25T15:47:29Z	2	PMC4951018	Full Spectrum of LPS Activation in Alveolar Macrophages of Healthy Volunteers by Whole Transcriptomic Profiling	no	ok
Ifi205	Ifi205 (interferon activated gene 205) LPS macrophage	s_d6771f90	2026-09-25T15:47:29Z	3	PMC12518975	Six Interferon-Stimulated Genes as Biomarkers of M1 Macrophage Polarization in Psoriasis	no	ok
Ifi205	Ifi205 (interferon activated gene 205) LPS macrophage	s_d6771f90	2026-09-25T15:47:29Z	4	PMC6543837	Macrophage Polarization: Different Gene Signatures in M1(LPS+) vs. Classically and M2(LPS–) vs. Alternatively Activated Macrophages	no	ok
Ifi205	Ifi205 (interferon activated gene 205) LPS macrophage	s_d6771f90	2026-09-25T15:47:29Z	5	PMC4378362	Analysis of the transcriptional networks underpinning the activation of murine macrophages by inflammatory mediators	yes	ok
Ifi205	Ifi205 (interferon activated gene 205) LPS macrophage	s_d6771f90	2026-09-25T15:47:29Z	6	PMC11023693	Type I Interferon, Induced by Adenovirus or Adenoviral Vector Infection, Regulates the Cytokine Response to Lipopolysaccharide in a Macrophage Type-Specific Manner	no	ok
Ifi205	Ifi205 (interferon activated gene 205) LPS macrophage	s_d6771f90	2026-09-25T15:47:29Z	7	PMC9669445	Single cell analysis of docosahexaenoic acid suppression of sequential LPS-induced proinflammatory and interferon-regulated gene expression in the macrophage	no	ok
Ifi205	Ifi205 (interferon activated gene 205) LPS macrophage	s_d6771f90	2026-09-25T15:47:29Z	8	PMC2632614	Forced IFIT-2 expression represses LPS induced TNF-alpha expression at posttranscriptional levels	no	ok
Ifi205	Ifi205 (interferon activated gene 205) LPS macrophage	s_d6771f90	2026-09-25T15:47:29Z	9	PMC6492923	IFIT1 Exerts Opposing Regulatory Effects on the Inflammatory and Interferon Gene Programs in LPS-Activated Human Macrophages	no	ok
Ifi205	Ifi205 (interferon activated gene 205) LPS macrophage	s_d6771f90	2026-09-25T15:47:29Z	10	PMC5627409	Selection of reliable reference genes for the normalisation of gene expression levels following time course LPS stimulation of murine bone marrow derived macrophages	no	ok
Ifi205	Ifi205 (interferon activated gene 205) LPS macrophage	s_d6771f90	2026-09-25T15:47:29Z	11	PMC3953056	Epigenetic profile in lipopolysaccharide-stimulated macrophages	no	ok
Ifi205	Ifi205 (interferon activated gene 205) LPS macrophage	s_d6771f90	2026-09-25T15:47:29Z	12	PMC3019512	Effect of LPS, dsRNA or interferons on the phagocytosis of dying cells or mycobacteria by macrophages	no	ok
Ifi205	Ifi205 (interferon activated gene 205) LPS macrophage	s_d6771f90	2026-09-25T15:47:29Z	13	PMC1781469	Transcriptional profiling of the LPS induced NF-κB response in macrophages	no	ok
Ifi205	Ifi205 (interferon activated gene 205) LPS macrophage	s_d6771f90	2026-09-25T15:47:29Z	14	PMC8034242	Knockdown of lncRNA TapSAKI alleviates LPS-induced injury in HK-2 cells through the miR-205/IRF3 pathway	no	ok
Ifi205	Ifi205 (interferon activated gene 205) LPS macrophage	s_d6771f90	2026-09-25T15:47:29Z	15	PMC13372918	Lipopolysaccharide-mediated macrophage polarization, conserved pathogenesis, and implications for peripheral neuropathy: a systematic review	no	ok
Ifi205	Ifi205 (interferon activated gene 205) LPS macrophage	s_d6771f90	2026-09-25T15:47:29Z	16	PMC6658531	IFN-γ selectively suppresses a subset of TLR4-activated genes and enhancers to potentiate macrophage activation	no	ok
Ifi205	Ifi205 (interferon activated gene 205) LPS macrophage	s_d6771f90	2026-09-25T15:47:29Z	17	PMC1187927	Delayed polarization of mononuclear phagocyte transcriptional program by type I interferon isoforms	no	ok
Ifi205	Ifi205 (interferon activated gene 205) LPS macrophage	s_d6771f90	2026-09-25T15:47:29Z	18	PMC5358891	Analysis of the human monocyte-derived macrophage transcriptome and response to lipopolysaccharide provides new insights into genetic aetiology of inflammatory bowel disease	no	ok
Ifi205	Ifi205 (interferon activated gene 205) LPS macrophage	s_d6771f90	2026-09-25T15:47:29Z	19	bio_641727ea6fc4	Chronic Interferon Stimulated Gene Transcription Promotes Oncogene Induced Breast Cancer	no	ok
Ifi205	Ifi205 (interferon activated gene 205) LPS macrophage	s_d6771f90	2026-09-25T15:47:29Z	20	PMC7053374	Corrigendum: Macrophage Polarization: Different Gene Signatures in M1(LPS+) vs. Classically and M2(LPS–) vs. Alternatively Activated Macrophages	no	ok
Ifi205	Ifi205 (interferon activated gene 205) LPS macrophage	s_d6771f90	2026-09-25T15:47:29Z	21	PMC5925582	p204 Is Required for Canonical Lipopolysaccharide-induced TLR4 Signaling in Mice	no	ok
Ifi205	Ifi205 (interferon activated gene 205) LPS macrophage	s_d6771f90	2026-09-25T15:47:29Z	22	PMC3660024	Comparative Study of The Effect of LPS on The Function of BALB/c and C57BL/6 Peritoneal Macrophages	no	ok
Ifi205	Ifi205 (interferon activated gene 205) LPS macrophage	s_d6771f90	2026-09-25T15:47:29Z	23	PMC5527282	Natural variation of macrophage activation as disease-relevant phenotype predictive of inflammation and cancer survival	no	ok
Ifi205	Ifi205 (interferon activated gene 205) LPS macrophage	s_d6771f90	2026-09-25T15:47:29Z	24	PMC11829414	Tumour-derived exosomal miR-205 promotes ovarian cancer cell progression through M2 macrophage polarization via the PI3K/Akt/mTOR pathway	no	ok
Ifi205	Ifi205 (interferon activated gene 205) LPS macrophage	s_d6771f90	2026-09-25T15:47:29Z	25	PMC9916340	Lipopolysaccharide Tolerance Enhances Murine Norovirus Reactivation: An Impact of Macrophages Mainly Evaluated by Proteomic Analysis	no	ok
Ccl12	Ccl12 (C-C motif chemokine ligand 12) LPS macrophage	s_7e8c0d49	2026-09-25T15:47:33Z	1	PMC9077289	Myometrial‐derived CXCL12 promotes lipopolysaccharide induced preterm labour by regulating macrophage migration, polarization and function in mice	no	ok
Ccl12	Ccl12 (C-C motif chemokine ligand 12) LPS macrophage	s_7e8c0d49	2026-09-25T15:47:33Z	2	PMC6154519	TLR4/MyD88 -mediated CCL2 production by lipopolysaccharide (endotoxin): Implications for metabolic inflammation	no	ok
Ccl12	Ccl12 (C-C motif chemokine ligand 12) LPS macrophage	s_7e8c0d49	2026-09-25T15:47:33Z	3	PMC5818454	Transcriptional and translational‐uncoupling in regulation of the CXCL12 and its receptors CXCR4, 7 in THP‐1 monocytes and macrophages	no	ok
Ccl12	Ccl12 (C-C motif chemokine ligand 12) LPS macrophage	s_7e8c0d49	2026-09-25T15:47:33Z	4	PMC2196157	C–C Chemokines Released by Lipopolysaccharide (LPS)-stimulated Human Macrophages Suppress HIV-1 Infection in Both Macrophages and T Cells	no	ok
Ccl12	Ccl12 (C-C motif chemokine ligand 12) LPS macrophage	s_7e8c0d49	2026-09-25T15:47:33Z	5	PMC6543837	Macrophage Polarization: Different Gene Signatures in M1(LPS+) vs. Classically and M2(LPS–) vs. Alternatively Activated Macrophages	no	ok
Ccl12	Ccl12 (C-C motif chemokine ligand 12) LPS macrophage	s_7e8c0d49	2026-09-25T15:47:33Z	6	PMC7053374	Corrigendum: Macrophage Polarization: Different Gene Signatures in M1(LPS+) vs. Classically and M2(LPS–) vs. Alternatively Activated Macrophages	no	ok
Ccl12	Ccl12 (C-C motif chemokine ligand 12) LPS macrophage	s_7e8c0d49	2026-09-25T15:47:33Z	7	PMC4378362	Analysis of the transcriptional networks underpinning the activation of murine macrophages by inflammatory mediators	no	ok
Ccl12	Ccl12 (C-C motif chemokine ligand 12) LPS macrophage	s_7e8c0d49	2026-09-25T15:47:33Z	8	PMC2905940	Rhizoma Coptidis Inhibits LPS-Induced MCP-1/CCL2 Production in Murine Macrophages via an AP-1 and NFκB-Dependent Pathway	no	ok
Ccl12	Ccl12 (C-C motif chemokine ligand 12) LPS macrophage	s_7e8c0d49	2026-09-25T15:47:33Z	9	PMC3953056	Epigenetic profile in lipopolysaccharide-stimulated macrophages	no	ok
Ccl12	Ccl12 (C-C motif chemokine ligand 12) LPS macrophage	s_7e8c0d49	2026-09-25T15:47:33Z	10	PMC2196159	Bacterial Lipopolysaccharide Rapidly Inhibits Expression of C–C Chemokine Receptors in Human Monocytes	no	ok
Ccl12	Ccl12 (C-C motif chemokine ligand 12) LPS macrophage	s_7e8c0d49	2026-09-25T15:47:33Z	11	PMC8052121	LXA4 Inhibits Lipopolysaccharide-Induced Inflammatory Cell Accumulation by Resident Macrophages in Mice	no	ok
Ccl12	Ccl12 (C-C motif chemokine ligand 12) LPS macrophage	s_7e8c0d49	2026-09-25T15:47:33Z	12	PMC3333514	Monocyte normal immune response to LPS stimulation	no	ok
Ccl12	Ccl12 (C-C motif chemokine ligand 12) LPS macrophage	s_7e8c0d49	2026-09-25T15:47:33Z	13	PMC3169595	A Novel Compound C12 Inhibits Inflammatory Cytokine Production and Protects from Inflammatory Injury In Vivo	no	ok
Ccl12	Ccl12 (C-C motif chemokine ligand 12) LPS macrophage	s_7e8c0d49	2026-09-25T15:47:33Z	14	PMC11784258	IRF3 Promotes Production of IL-6 and Nitric Oxide but Represses CCL22 in RAW264.7 Macrophage Cells Exposed to Lipopolysaccharides in Culture	no	ok
Ccl12	Ccl12 (C-C motif chemokine ligand 12) LPS macrophage	s_7e8c0d49	2026-09-25T15:47:33Z	15	PMC12800274	Bone marrow-derived CD169+ macrophages promote autoimmune hepatitis by recruiting CCR2+ monocytes via secreting CCL12	no	ok
Ccl12	Ccl12 (C-C motif chemokine ligand 12) LPS macrophage	s_7e8c0d49	2026-09-25T15:47:33Z	16	PMC5436279	SCRG1 suppresses LPS-induced CCL22 production through ERK1/2 activation in mouse macrophage Raw264.7 cells	yes	ok
Ccl12	Ccl12 (C-C motif chemokine ligand 12) LPS macrophage	s_7e8c0d49	2026-09-25T15:47:33Z	17	PMC9456100	Lipopolysaccharide from Porphyromonas gingivalis, but Not from Porphyromonas endodontalis, Induces Macrophage M1 Profile	no	ok
Ccl12	Ccl12 (C-C motif chemokine ligand 12) LPS macrophage	s_7e8c0d49	2026-09-25T15:47:33Z	18	PMC4682375	Investigation of microRNAs in mouse macrophage responses to lipopolysaccharide-stimulation by combining gene expression with microRNA-target information	no	ok
Ccl12	Ccl12 (C-C motif chemokine ligand 12) LPS macrophage	s_7e8c0d49	2026-09-25T15:47:33Z	19	PMC10940789	LPS-Induced Modifications in Macrophage Transcript and Secretion Profiles Are Linked to Muscle Wasting and Glucose Intolerance	no	ok
Ccl12	Ccl12 (C-C motif chemokine ligand 12) LPS macrophage	s_7e8c0d49	2026-09-25T15:47:33Z	20	PMC2196339	Selective Suppression of Interleukin-12 Induction after Macrophage Receptor Ligation	no	ok
Ccl12	Ccl12 (C-C motif chemokine ligand 12) LPS macrophage	s_7e8c0d49	2026-09-25T15:47:33Z	21	PMC4470529	Macrophage phenotype in sepsis immunosuppression	no	ok
Ccl12	Ccl12 (C-C motif chemokine ligand 12) LPS macrophage	s_7e8c0d49	2026-09-25T15:47:33Z	22	PMC10167364	CCL12 induces trabecular bone loss by stimulating RANKL production in BMSCs during acute lung injury	no	ok
Ccl12	Ccl12 (C-C motif chemokine ligand 12) LPS macrophage	s_7e8c0d49	2026-09-25T15:47:33Z	23	PMC3660024	Comparative Study of The Effect of LPS on The Function of BALB/c and C57BL/6 Peritoneal Macrophages	no	ok
Ccl12	Ccl12 (C-C motif chemokine ligand 12) LPS macrophage	s_7e8c0d49	2026-09-25T15:47:33Z	24	PMC5627409	Selection of reliable reference genes for the normalisation of gene expression levels following time course LPS stimulation of murine bone marrow derived macrophages	no	ok
Ccl12	Ccl12 (C-C motif chemokine ligand 12) LPS macrophage	s_7e8c0d49	2026-09-25T15:47:33Z	25	PMC9159647	Deficiency of Lactoferrin aggravates lipopolysaccharide-induced acute inflammation via recruitment macrophage in mice	no	ok
Ptx3	Ptx3 (pentraxin related gene) LPS macrophage	s_b77a67c4	2026-09-25T15:47:42Z	1	PMC11638432	Pentraxin-3 modulates hepatocyte ferroptosis and the innate immune response in LPS-induced liver injury	yes	ok
Ptx3	Ptx3 (pentraxin related gene) LPS macrophage	s_b77a67c4	2026-09-25T15:47:42Z	2	PMC3337627	Pentraxin 3(PTX 3): An Endogenous Modulator of the Inflammatory Response	no	ok
Ptx3	Ptx3 (pentraxin related gene) LPS macrophage	s_b77a67c4	2026-09-25T15:47:42Z	3	PMC12060373	Pentraxin 3 promotes the expression of pro-inflammatory cytokines and the migration of macrophages in myocarditis	yes	ok
Ptx3	Ptx3 (pentraxin related gene) LPS macrophage	s_b77a67c4	2026-09-25T15:47:42Z	4	PMC5600337	Pentraxin-3 regulates the inflammatory activity of macrophages	no	ok
Ptx3	Ptx3 (pentraxin related gene) LPS macrophage	s_b77a67c4	2026-09-25T15:47:42Z	5	PMC8089539	Unraveling Secretory Mechanisms that Control Pentraxin 3 Secretion in Adipocytes During Inflammation	yes	ok
Ptx3	Ptx3 (pentraxin related gene) LPS macrophage	s_b77a67c4	2026-09-25T15:47:42Z	6	PMC7204119	Soluble PTX3 of Human Umbilical Cord Blood-Derived Mesenchymal Stem Cells Attenuates Hyperoxic Lung Injury by Activating Macrophage Polarization in Neonatal Rat Model	yes	ok
Ptx3	Ptx3 (pentraxin related gene) LPS macrophage	s_b77a67c4	2026-09-25T15:47:42Z	7	PMC3649691	Long Pentraxin 3: Experimental and Clinical Relevance in Cardiovascular Diseases	no	ok
Ptx3	Ptx3 (pentraxin related gene) LPS macrophage	s_b77a67c4	2026-09-25T15:47:42Z	8	PMC7000368	Silencing of PTX3 alleviates LPS-induced inflammatory pain by regulating TLR4/NF-κB signaling pathway in mice	yes	ok
Ptx3	Ptx3 (pentraxin related gene) LPS macrophage	s_b77a67c4	2026-09-25T15:47:42Z	9	PMC9704837	PTX3 in Granuloma Formation and Sarcoidosis: Helping Macrophages Accept a “Complement”	no	ok
Ptx3	Ptx3 (pentraxin related gene) LPS macrophage	s_b77a67c4	2026-09-25T15:47:42Z	10	PMC3118294	Pathogen Recognition by the Long Pentraxin PTX3	no	ok
Ptx3	Ptx3 (pentraxin related gene) LPS macrophage	s_b77a67c4	2026-09-25T15:47:42Z	11	PMC8748251	High PTX3 expression is associated with a poor prognosis in diffuse large B‐cell lymphoma	no	ok
Ptx3	Ptx3 (pentraxin related gene) LPS macrophage	s_b77a67c4	2026-09-25T15:47:42Z	12	PMC9532932	PTX3 mediates the infiltration, migration, and inflammation‐resolving‐polarization of macrophages in glioblastoma	no	ok
Ptx3	Ptx3 (pentraxin related gene) LPS macrophage	s_b77a67c4	2026-09-25T15:47:42Z	13	PMC2934436	Early persisting elevation of plasma Pentraxin 3 is associated with mortality and with coagulation impairment in severe sepsis and septic shock	no	ok
Ptx3	Ptx3 (pentraxin related gene) LPS macrophage	s_b77a67c4	2026-09-25T15:47:42Z	14	PMC7950208	A Proteomics-Based Assessment of Inflammation Signatures in Endotoxemia	yes	ok
Ptx3	Ptx3 (pentraxin related gene) LPS macrophage	s_b77a67c4	2026-09-25T15:47:42Z	15	PMC10799366	Inactivation of pentraxin 3 suppresses M2-like macrophage activity and immunosuppression in colon cancer	no	ok
Ptx3	Ptx3 (pentraxin related gene) LPS macrophage	s_b77a67c4	2026-09-25T15:47:42Z	16	PMC3053378	High Plasma Level of Long Pentraxin 3 (PTX3) Is Associated with Fatal Disease in Bacteremic Patients: A Prospective Cohort Study	no	ok
Ptx3	Ptx3 (pentraxin related gene) LPS macrophage	s_b77a67c4	2026-09-25T15:47:42Z	17	PMC8173212	The Long Pentraxin PTX3 Controls Klebsiella Pneumoniae Severe Infection		error
Ptx3	Ptx3 (pentraxin related gene) LPS macrophage	s_b77a67c4	2026-09-25T15:47:42Z	18	PMC3521240	Host-protective effect of circulating pentraxin 3 (PTX3) and complex formation with neutrophil extracellular traps	no	ok
Ptx3	Ptx3 (pentraxin related gene) LPS macrophage	s_b77a67c4	2026-09-25T15:47:42Z	19	PMC5472910	Monocyte differentiation and macrophage priming are regulated differentially by pentraxins and their ligands	no	ok
Ptx3	Ptx3 (pentraxin related gene) LPS macrophage	s_b77a67c4	2026-09-25T15:47:42Z	20	PMC3767672	Pentraxin-3 Serum Levels Are Associated with Disease Severity and Mortality in Patients with Systemic Inflammatory Response Syndrome	no	ok
Ptx3	Ptx3 (pentraxin related gene) LPS macrophage	s_b77a67c4	2026-09-25T15:47:42Z	21	PMC6459138	The Long Pentraxin PTX3 as a Link Between Innate Immunity, Tissue Remodeling, and Cancer	no	ok
Ptx3	Ptx3 (pentraxin related gene) LPS macrophage	s_b77a67c4	2026-09-25T15:47:42Z	22	PMC5656716	Prenatal Exposure to Lipopolysaccharide Induces PTX3 Expression and Results in Obesity in Mouse Offspring	yes	ok
Ptx3	Ptx3 (pentraxin related gene) LPS macrophage	s_b77a67c4	2026-09-25T15:47:42Z	23	PMC2118544	The humoral pattern recognition receptor PTX3 is stored in neutrophil granules and localizes in extracellular traps	yes	ok
Ptx3	Ptx3 (pentraxin related gene) LPS macrophage	s_b77a67c4	2026-09-25T15:47:42Z	24	PMC4741535	PTX3 orchestrates tissue repair	no	ok
Ptx3	Ptx3 (pentraxin related gene) LPS macrophage	s_b77a67c4	2026-09-25T15:47:42Z	25	PMC6317801	Role of a fluid-phase PRR in fighting an intracellular pathogen: PTX3 in Shigella infection	yes	ok
Ccl5	Ccl5 (C-C motif chemokine ligand 5) LPS macrophage	s_b300fa89	2026-09-25T15:47:48Z	1	PMC12945651	PP4 modulates macrophage-neutrophil crosstalk to restrict CCL5 -driven NETosis in sepsis	yes	ok
Ccl5	Ccl5 (C-C motif chemokine ligand 5) LPS macrophage	s_b300fa89	2026-09-25T15:47:48Z	2	PMC1781469	Transcriptional profiling of the LPS induced NF-κB response in macrophages	no	ok
Ccl5	Ccl5 (C-C motif chemokine ligand 5) LPS macrophage	s_b300fa89	2026-09-25T15:47:48Z	3	PMC6000219	The effect of down-regulation of CCL5 on lipopolysaccharide-induced WI-38 fibroblast injury: a potential role for infantile pneumonia	yes	ok
Ccl5	Ccl5 (C-C motif chemokine ligand 5) LPS macrophage	s_b300fa89	2026-09-25T15:47:48Z	4	PMC7883330	CCR5 signaling promotes lipopolysaccharide-induced macrophage recruitment and alveolar developmental arrest	yes	ok
Ccl5	Ccl5 (C-C motif chemokine ligand 5) LPS macrophage	s_b300fa89	2026-09-25T15:47:48Z	5	PMC9880418	Metabolic effects of CCL5 deficiency in lean and obese mice	no	ok
Ccl5	Ccl5 (C-C motif chemokine ligand 5) LPS macrophage	s_b300fa89	2026-09-25T15:47:48Z	6	PMC2196157	C–C Chemokines Released by Lipopolysaccharide (LPS)-stimulated Human Macrophages Suppress HIV-1 Infection in Both Macrophages and T Cells	no	ok
Ccl5	Ccl5 (C-C motif chemokine ligand 5) LPS macrophage	s_b300fa89	2026-09-25T15:47:48Z	7	PMC9225349	Anti-Inflammatory Effects of Cicadidae Periostracum Extract and Oleic Acid through Inhibiting Inflammatory Chemokines Using PCR Arrays in LPS-Induced Lung inflammation In Vitro	yes	ok
Ccl5	Ccl5 (C-C motif chemokine ligand 5) LPS macrophage	s_b300fa89	2026-09-25T15:47:48Z	8	bio_e87507fc7271	Role Of The C-C Motif Chemokine Ligand 5 (CCL5) And Its Receptor, C-C Motif Chemokine Receptor 5 (CCR5) In The Genesis Of Aldosterone-induced Hypertension, Vascular Dysfunction, And End-organ Damage	no	ok
Ccl5	Ccl5 (C-C motif chemokine ligand 5) LPS macrophage	s_b300fa89	2026-09-25T15:47:48Z	9	PMC2196159	Bacterial Lipopolysaccharide Rapidly Inhibits Expression of C–C Chemokine Receptors in Human Monocytes	no	ok
Ccl5	Ccl5 (C-C motif chemokine ligand 5) LPS macrophage	s_b300fa89	2026-09-25T15:47:48Z	10	PMC8219307	Blocking the CCL5–CCR5 Axis Using Maraviroc Promotes M1 Polarization of Macrophages Cocultured with Irradiated Hepatoma Cells	no	ok
Ccl5	Ccl5 (C-C motif chemokine ligand 5) LPS macrophage	s_b300fa89	2026-09-25T15:47:48Z	11	PMC9159647	Deficiency of Lactoferrin aggravates lipopolysaccharide-induced acute inflammation via recruitment macrophage in mice	yes	ok
Ccl5	Ccl5 (C-C motif chemokine ligand 5) LPS macrophage	s_b300fa89	2026-09-25T15:47:48Z	12	PMC12643500	CCL5 paradoxically regulates glomerular injury by skewing macrophage polarization	no	ok
Ccl5	Ccl5 (C-C motif chemokine ligand 5) LPS macrophage	s_b300fa89	2026-09-25T15:47:48Z	13	PMC6154519	TLR4/MyD88 -mediated CCL2 production by lipopolysaccharide (endotoxin): Implications for metabolic inflammation	no	ok
Ccl5	Ccl5 (C-C motif chemokine ligand 5) LPS macrophage	s_b300fa89	2026-09-25T15:47:48Z	14	PMC6543837	Macrophage Polarization: Different Gene Signatures in M1(LPS+) vs. Classically and M2(LPS–) vs. Alternatively Activated Macrophages	no	ok
Ccl5	Ccl5 (C-C motif chemokine ligand 5) LPS macrophage	s_b300fa89	2026-09-25T15:47:48Z	15	PMC9790589	C‐C motif chemokine ligand 5 confines liver regeneration by down‐regulating reparative macrophage‐derived hepatocyte growth factor in a forkhead box O 3a–dependent manner	no	ok
Ccl5	Ccl5 (C-C motif chemokine ligand 5) LPS macrophage	s_b300fa89	2026-09-25T15:47:48Z	16	PMC6274997	Transcriptome Analysis Provides Insights into the Markers of Resting and LPS-Activated Macrophages in Grass Carp (Ctenopharyngodon idella)	no	ok
Ccl5	Ccl5 (C-C motif chemokine ligand 5) LPS macrophage	s_b300fa89	2026-09-25T15:47:48Z	17	PMC6478432	CCL5 promotes breast cancer recurrence through macrophage recruitment in residual tumors	no	ok
Ccl5	Ccl5 (C-C motif chemokine ligand 5) LPS macrophage	s_b300fa89	2026-09-25T15:47:48Z	18	PMC11619290	The CCL5/CCR5/SHP2 axis sustains Stat1 phosphorylation and activates NF-κB signaling promoting M1 macrophage polarization and exacerbating chronic prostatic inflammation	no	ok
Ccl5	Ccl5 (C-C motif chemokine ligand 5) LPS macrophage	s_b300fa89	2026-09-25T15:47:48Z	19	PMC13443700	Artesunate Alleviates Inflammatory Injury in Neonatal Acute Respiratory Distress Syndrome Through CCL5‐Mediated Pyroptosis of M2 Macrophage Subsets	yes	ok
Ccl5	Ccl5 (C-C motif chemokine ligand 5) LPS macrophage	s_b300fa89	2026-09-25T15:47:48Z	20	PMC9379407	Tumor-associated macrophage-derived chemokine CCL5 facilitates the progression and immunosuppressive tumor microenvironment of clear cell renal cell carcinoma	no	ok
Ccl5	Ccl5 (C-C motif chemokine ligand 5) LPS macrophage	s_b300fa89	2026-09-25T15:47:48Z	21	PMC6400500	Regulating G protein-coupled receptors by topological inversion	no	ok
Ccl5	Ccl5 (C-C motif chemokine ligand 5) LPS macrophage	s_b300fa89	2026-09-25T15:47:48Z	22	PMC9692513	Adipose Tissue-Derived CCL5 Enhances Local Pro-Inflammatory Monocytic MDSCs Accumulation and Inflammation via CCR5 Receptor in High-Fat Diet-Fed Mice	no	ok
Ccl5	Ccl5 (C-C motif chemokine ligand 5) LPS macrophage	s_b300fa89	2026-09-25T15:47:48Z	23	PMC3333514	Monocyte normal immune response to LPS stimulation	no	ok
Ccl5	Ccl5 (C-C motif chemokine ligand 5) LPS macrophage	s_b300fa89	2026-09-25T15:47:48Z	24	PMC10384579	Early-Life Exposure to Lipopolysaccharide Induces Persistent Changes in Gene Expression Profiles in the Liver and Spleen of Female FVB/N Mice	no	ok
Ccl5	Ccl5 (C-C motif chemokine ligand 5) LPS macrophage	s_b300fa89	2026-09-25T15:47:48Z	25	PMC5473895	C-C Chemokine Ligand-5 is critical for facilitating macrophage infiltration in the early phase of liver ischemia/reperfusion injury	no	ok
Col27a1	Col27a1 (collagen, type XXVII, alpha 1) LPS macrophage	s_d39a10b2	2026-09-25T15:47:57Z	1	PMC2107732	INVOLVEMENT OF MACROPHAGES IN COLLAGEN RESORPTION	no	ok
Col27a1	Col27a1 (collagen, type XXVII, alpha 1) LPS macrophage	s_d39a10b2	2026-09-25T15:47:57Z	2	PMC6543837	Macrophage Polarization: Different Gene Signatures in M1(LPS+) vs. Classically and M2(LPS–) vs. Alternatively Activated Macrophages	no	ok
Col27a1	Col27a1 (collagen, type XXVII, alpha 1) LPS macrophage	s_d39a10b2	2026-09-25T15:47:57Z	3	PMC7356036	Collagen Fibril Density Modulates Macrophage Activation and Cellular Functions during Tissue Repair	no	ok
Col27a1	Col27a1 (collagen, type XXVII, alpha 1) LPS macrophage	s_d39a10b2	2026-09-25T15:47:57Z	4	PMC10091190	LPS combined with CD47mAb enhances the anti‑osteosarcoma ability of macrophages	no	ok
Col27a1	Col27a1 (collagen, type XXVII, alpha 1) LPS macrophage	s_d39a10b2	2026-09-25T15:47:57Z	5	PMC11882325	Interleukins-27 Aggravates Liver Injury by Impairing the Antimicrobial Response of Macrophages via the Promotion of Mitochondrial Dysfunction in the Context of Sepsis	no	ok
Col27a1	Col27a1 (collagen, type XXVII, alpha 1) LPS macrophage	s_d39a10b2	2026-09-25T15:47:57Z	6	PMC6274997	Transcriptome Analysis Provides Insights into the Markers of Resting and LPS-Activated Macrophages in Grass Carp (Ctenopharyngodon idella)	no	ok
Col27a1	Col27a1 (collagen, type XXVII, alpha 1) LPS macrophage	s_d39a10b2	2026-09-25T15:47:57Z	7	bio_5e67bb726e21	IL-27 neutralization enhances macrophage polarization and improves immune checkpoint efficacy	no	ok
Col27a1	Col27a1 (collagen, type XXVII, alpha 1) LPS macrophage	s_d39a10b2	2026-09-25T15:47:57Z	8	PMC13199726	Exosomal miR-148a-3p from LPS-Activated Macrophages Promotes M1 Polarization and Ferroptosis-Related Characteristics of Recipient Macrophages by Reducing SLC7A11	no	ok
Col27a1	Col27a1 (collagen, type XXVII, alpha 1) LPS macrophage	s_d39a10b2	2026-09-25T15:47:57Z	9	PMC9138386	Osteocalcin Alleviates Lipopolysaccharide-Induced Acute Inflammation via Activation of GPR37 in Macrophages	no	ok
Col27a1	Col27a1 (collagen, type XXVII, alpha 1) LPS macrophage	s_d39a10b2	2026-09-25T15:47:57Z	10	PMC6135775	IL-27 amplifies cytokine responses to Gram-negative bacterial products and Salmonella typhimurium infection	no	ok
Col27a1	Col27a1 (collagen, type XXVII, alpha 1) LPS macrophage	s_d39a10b2	2026-09-25T15:47:57Z	11	PMC3660024	Comparative Study of The Effect of LPS on The Function of BALB/c and C57BL/6 Peritoneal Macrophages	no	ok
Col27a1	Col27a1 (collagen, type XXVII, alpha 1) LPS macrophage	s_d39a10b2	2026-09-25T15:47:57Z	12	PMC12967598	IL-27 Aggravates Sepsis-Induced ARDS by Driving Macrophage Ferroptosis Through Activation of NCOA4-Mediated Ferritinophagy	no	ok
Col27a1	Col27a1 (collagen, type XXVII, alpha 1) LPS macrophage	s_d39a10b2	2026-09-25T15:47:57Z	13	PMC5627409	Selection of reliable reference genes for the normalisation of gene expression levels following time course LPS stimulation of murine bone marrow derived macrophages	no	ok
Col27a1	Col27a1 (collagen, type XXVII, alpha 1) LPS macrophage	s_d39a10b2	2026-09-25T15:47:57Z	14	PMC3242791	Collagen XXVII Organises the Pericellular Matrix in the Growth Plate	no	ok
Col27a1	Col27a1 (collagen, type XXVII, alpha 1) LPS macrophage	s_d39a10b2	2026-09-25T15:47:57Z	15	PMC9609449	Effect of regulating macrophage polarization phenotype on intervertebral disc degeneration	no	ok
Col27a1	Col27a1 (collagen, type XXVII, alpha 1) LPS macrophage	s_d39a10b2	2026-09-25T15:47:57Z	16	PMC7689775	LPS‐Induced Inflammation Prior to Injury Exacerbates the Development of Post‐Traumatic Osteoarthritis in Mice	no	ok
Col27a1	Col27a1 (collagen, type XXVII, alpha 1) LPS macrophage	s_d39a10b2	2026-09-25T15:47:57Z	17	PMC3317238	LPS Counter Regulates RNA Expression of Extracellular Proteases and Their Inhibitors in Murine Macrophages	no	ok
Col27a1	Col27a1 (collagen, type XXVII, alpha 1) LPS macrophage	s_d39a10b2	2026-09-25T15:47:57Z	18	PMC7053374	Corrigendum: Macrophage Polarization: Different Gene Signatures in M1(LPS+) vs. Classically and M2(LPS–) vs. Alternatively Activated Macrophages	no	ok
Col27a1	Col27a1 (collagen, type XXVII, alpha 1) LPS macrophage	s_d39a10b2	2026-09-25T15:47:57Z	19	PMC11232647	LPS-induced senescence of macrophages aggravates calcification and senescence of vascular smooth muscle cells via IFITM3	no	ok
Col27a1	Col27a1 (collagen, type XXVII, alpha 1) LPS macrophage	s_d39a10b2	2026-09-25T15:47:57Z	20	PMC4765811	Biomimetic collagenous scaffold to tune inflammation by targeting macrophages	no	ok
Col27a1	Col27a1 (collagen, type XXVII, alpha 1) LPS macrophage	s_d39a10b2	2026-09-25T15:47:57Z	21	PMC3953056	Epigenetic profile in lipopolysaccharide-stimulated macrophages	no	ok
Col27a1	Col27a1 (collagen, type XXVII, alpha 1) LPS macrophage	s_d39a10b2	2026-09-25T15:47:57Z	22	PMC5778122	High-Resolution Mapping and Dynamics of the Transcriptome, Transcription Factors, and Transcription Co-Factor Networks in Classically and Alternatively Activated Macrophages	no	ok
Col27a1	Col27a1 (collagen, type XXVII, alpha 1) LPS macrophage	s_d39a10b2	2026-09-25T15:47:57Z	23	PMC4534598	Mmu-miR-27a-5p-Dependent Upregulation of MCPIP1 Inhibits the Inflammatory Response in LPS-Induced RAW264.7 Macrophage Cells	no	ok
Col27a1	Col27a1 (collagen, type XXVII, alpha 1) LPS macrophage	s_d39a10b2	2026-09-25T15:47:57Z	24	bio_206e5a356c66	Mathematical modelling of activation-induced heterogeneity reveals cell state transitions underpinning macrophage responses to LPS	no	ok
Col27a1	Col27a1 (collagen, type XXVII, alpha 1) LPS macrophage	s_d39a10b2	2026-09-25T15:47:57Z	25	PMC9411976	Mathematical modelling of activation-induced heterogeneity in TNF, IL6, NOS2, and IL1β expression reveals cell state transitions underpinning macrophage responses to LPS	no	ok
Slamf1	Slamf1 (signaling lymphocytic activation molecule family member 1) LPS macrophage	s_d7462ee0	2026-09-25T15:47:59Z	1	PMC4718992	Responses to Microbial Challenges by SLAMF Receptors	yes	ok
Slamf1	Slamf1 (signaling lymphocytic activation molecule family member 1) LPS macrophage	s_d7462ee0	2026-09-25T15:47:59Z	2	PMC2196288	Lipopolysaccharide (LPS)-induced Macrophage Activation and Signal Transduction in the Absence of Src-Family Kinases Hck, Fgr, and Lyn	no	ok
Slamf1	Slamf1 (signaling lymphocytic activation molecule family member 1) LPS macrophage	s_d7462ee0	2026-09-25T15:47:59Z	3	PMC2211908	The Cell Surface Receptor SLAM Controls T Cell and Macrophage Functions	no	ok
Slamf1	Slamf1 (signaling lymphocytic activation molecule family member 1) LPS macrophage	s_d7462ee0	2026-09-25T15:47:59Z	4	PMC2211906	SLAM Family Receptors Regulate Immunity with and without SAP-related Adaptors	no	ok
Slamf1	Slamf1 (signaling lymphocytic activation molecule family member 1) LPS macrophage	s_d7462ee0	2026-09-25T15:47:59Z	5	PMC5881497	SLAMF1 is required for TLR4-mediated TRAM-TRIF–dependent signaling in human macrophages	yes	ok
Slamf1	Slamf1 (signaling lymphocytic activation molecule family member 1) LPS macrophage	s_d7462ee0	2026-09-25T15:47:59Z	6	PMC12672276	The immune receptors TLR4 and SLAMF1 regulate TNF release by human metapneumovirus in human macrophages	no	ok
Slamf1	Slamf1 (signaling lymphocytic activation molecule family member 1) LPS macrophage	s_d7462ee0	2026-09-25T15:47:59Z	7	PMC10329007	Identification and elucidation of cross talk between SLAM Family Member 7 (SLAMF7) and Toll-like receptor (TLR) pathways in monocytes and macrophages	no	ok
Slamf1	Slamf1 (signaling lymphocytic activation molecule family member 1) LPS macrophage	s_d7462ee0	2026-09-25T15:47:59Z	8	PMC10547912	Peptide derived from SLAMF1 prevents TLR4-mediated inflammation in vitro and in vivo	no	ok
Slamf1	Slamf1 (signaling lymphocytic activation molecule family member 1) LPS macrophage	s_d7462ee0	2026-09-25T15:47:59Z	9	PMC6963180	SLAM Family Receptor Signaling in Viral Infections: HIV and Beyond	yes	ok
Slamf1	Slamf1 (signaling lymphocytic activation molecule family member 1) LPS macrophage	s_d7462ee0	2026-09-25T15:47:59Z	10	PMC6543837	Macrophage Polarization: Different Gene Signatures in M1(LPS+) vs. Classically and M2(LPS–) vs. Alternatively Activated Macrophages	no	ok
Slamf1	Slamf1 (signaling lymphocytic activation molecule family member 1) LPS macrophage	s_d7462ee0	2026-09-25T15:47:59Z	11	PMC7515593	Interaction of Signaling Lymphocytic Activation Molecule Family 1 (SLAMF1) receptor with Trypanosoma cruzi is strain-dependent and affects NADPH oxidase expression and activity	no	ok
Slamf1	Slamf1 (signaling lymphocytic activation molecule family member 1) LPS macrophage	s_d7462ee0	2026-09-25T15:47:59Z	12	PMC7053374	Corrigendum: Macrophage Polarization: Different Gene Signatures in M1(LPS+) vs. Classically and M2(LPS–) vs. Alternatively Activated Macrophages	no	ok
Slamf1	Slamf1 (signaling lymphocytic activation molecule family member 1) LPS macrophage	s_d7462ee0	2026-09-25T15:47:59Z	13	PMC9273976	SLAMF8 Downregulates Mouse Macrophage Microbicidal Mechanisms via PI3K Pathways	no	ok
Slamf1	Slamf1 (signaling lymphocytic activation molecule family member 1) LPS macrophage	s_d7462ee0	2026-09-25T15:47:59Z	14	PMC12399171	SLAMF7 Restrains Pro-Inflammatory Macrophage Activation to Counteract Doxorubicin-Induced Cardiotoxicity	no	ok
Slamf1	Slamf1 (signaling lymphocytic activation molecule family member 1) LPS macrophage	s_d7462ee0	2026-09-25T15:47:59Z	15	PMC10014109	SLAMF7 regulates the inflammatory response in macrophages during polymicrobial sepsis	no	ok
Slamf1	Slamf1 (signaling lymphocytic activation molecule family member 1) LPS macrophage	s_d7462ee0	2026-09-25T15:47:59Z	16	PMC4370648	Migration of Myeloid Cells during Inflammation Is Differentially Regulated by the Cell Surface Receptors Slamf1 and Slamf8	no	ok
Slamf1	Slamf1 (signaling lymphocytic activation molecule family member 1) LPS macrophage	s_d7462ee0	2026-09-25T15:47:59Z	17	PMC11242706	Quantitative Proteomic Analysis of Macrophages Infected with Trypanosoma cruzi Reveals Different Responses Dependent on the SLAMF1 Receptor and the Parasite Strain	no	ok
Slamf1	Slamf1 (signaling lymphocytic activation molecule family member 1) LPS macrophage	s_d7462ee0	2026-09-25T15:47:59Z	18	PMC3953056	Epigenetic profile in lipopolysaccharide-stimulated macrophages	no	ok
Slamf1	Slamf1 (signaling lymphocytic activation molecule family member 1) LPS macrophage	s_d7462ee0	2026-09-25T15:47:59Z	19	PMC5775731	Expression of Siglec-E Alters the Proteome of Lipopolysaccharide (LPS)-Activated Macrophages but Does Not Affect LPS-Driven Cytokine Production or Toll-Like Receptor 4 Endocytosis	no	ok
Slamf1	Slamf1 (signaling lymphocytic activation molecule family member 1) LPS macrophage	s_d7462ee0	2026-09-25T15:47:59Z	20	bio_9b25e00b6f70	SLAMF7 engagement super-activates macrophages in acute and chronic inflammation	no	ok
Slamf1	Slamf1 (signaling lymphocytic activation molecule family member 1) LPS macrophage	s_d7462ee0	2026-09-25T15:47:59Z	21	PMC10657885	Role of signaling lymphocytic activation molecule family of receptors in the pathogenesis of rheumatoid arthritis: insights and application	no	ok
Slamf1	Slamf1 (signaling lymphocytic activation molecule family member 1) LPS macrophage	s_d7462ee0	2026-09-25T15:47:59Z	22	PMC3333514	Monocyte normal immune response to LPS stimulation	no	ok
Slamf1	Slamf1 (signaling lymphocytic activation molecule family member 1) LPS macrophage	s_d7462ee0	2026-09-25T15:47:59Z	23	PMC2234390	Ginger extract inhibits LPS induced macrophage activation and function	no	ok
Slamf1	Slamf1 (signaling lymphocytic activation molecule family member 1) LPS macrophage	s_d7462ee0	2026-09-25T15:47:59Z	24	PMC12287521	Macrophage-T cell interactions promote SLAMF1 expression for enhanced TB defense	yes	ok
Slamf1	Slamf1 (signaling lymphocytic activation molecule family member 1) LPS macrophage	s_d7462ee0	2026-09-25T15:47:59Z	25	PMC12848806	Tumor‐Associated Macrophages as Therapeutic Targets: Deciphering Interaction Networks and Advancing Clinical Translation	no	ok
Ptges	Ptges (prostaglandin E synthase) LPS macrophage	s_8b4fe51f	2026-09-25T15:48:15Z	1	PMC7806836	Mechanism of action and potential applications of selective inhibition of microsomal prostaglandin E synthase-1-mediated PGE2 biosynthesis by sonlicromanol’s metabolite KH176m	yes	ok
Ptges	Ptges (prostaglandin E synthase) LPS macrophage	s_8b4fe51f	2026-09-25T15:48:15Z	2	PMC12083000	Dynamic changes in macrophage populations and resulting alterations in Prostaglandin E2 sensitivity in mice with diet-induced MASH	no	ok
Ptges	Ptges (prostaglandin E synthase) LPS macrophage	s_8b4fe51f	2026-09-25T15:48:15Z	3	PMC1551923	Cellular and Molecular Bases of the Initiation of Fever	no	ok
Ptges	Ptges (prostaglandin E synthase) LPS macrophage	s_8b4fe51f	2026-09-25T15:48:15Z	4	PMC5743848	Prostaglandin terminal synthases as novel therapeutic targets		error
Ptges	Ptges (prostaglandin E synthase) LPS macrophage	s_8b4fe51f	2026-09-25T15:48:15Z	5	PMC6226547	Lipocalin-Like Prostaglandin D Synthase but Not Hemopoietic Prostaglandin D Synthase Deletion Causes Hypertension and Accelerates Thrombogenesis in Mice	no	ok
Ptges	Ptges (prostaglandin E synthase) LPS macrophage	s_8b4fe51f	2026-09-25T15:48:15Z	6	PMC3511480	Lipopolysaccharide-Induced Expression of Microsomal Prostaglandin E Synthase-1 Mediates Late-Phase PGE2 Production in Bone Marrow Derived Macrophages	yes	ok
Ptges	Ptges (prostaglandin E synthase) LPS macrophage	s_8b4fe51f	2026-09-25T15:48:15Z	7	PMC3449139	Prostaglandin E2 and the Suppression of Phagocyte Innate Immune Responses in Different Organs	yes	ok
Ptges	Ptges (prostaglandin E synthase) LPS macrophage	s_8b4fe51f	2026-09-25T15:48:15Z	8	PMC5489520	Macrophage responses to lipopolysaccharide are modulated by a feedback loop involving prostaglandin E2, dual specificity phosphatase 1 and tristetraprolin	no	ok
Ptges	Ptges (prostaglandin E synthase) LPS macrophage	s_8b4fe51f	2026-09-25T15:48:15Z	9	bio_523ca8418f4e	Lapatinib Suppressed the Expression of Proinflammatory Cytokines and Alleviated Pain Behavior in a Mouse Model of Postoperative Pain	yes	ok
Ptges	Ptges (prostaglandin E synthase) LPS macrophage	s_8b4fe51f	2026-09-25T15:48:15Z	10	PMC1781814	Prostaglandin E2 affects differently the release of inflammatory mediators from resident macrophages by LPS and muramyl tripeptides.	no	ok
Ptges	Ptges (prostaglandin E synthase) LPS macrophage	s_8b4fe51f	2026-09-25T15:48:15Z	11	PMC3748320	PGE2 suppression of innate immunity during mucosal bacterial infection	no	ok
Ptges	Ptges (prostaglandin E synthase) LPS macrophage	s_8b4fe51f	2026-09-25T15:48:15Z	12	PMC8351447	Inhibition of microsomal prostaglandin E synthase-1 ameliorates acute lung injury in mice	yes	ok
Ptges	Ptges (prostaglandin E synthase) LPS macrophage	s_8b4fe51f	2026-09-25T15:48:15Z	13	PMC13216351	Migrasome-transported PTGES amplifies the PGE2 cascade in SPP1+ macrophages to drive oral leukoplakia carcinogenesis	no	ok
Ptges	Ptges (prostaglandin E synthase) LPS macrophage	s_8b4fe51f	2026-09-25T15:48:15Z	14	PMC8362890	A PGE2-MEF2A axis enables context-dependent control of inflammatory gene expression	no	ok
Ptges	Ptges (prostaglandin E synthase) LPS macrophage	s_8b4fe51f	2026-09-25T15:48:15Z	15	PMC4037220	Differences in PGE2 Production between Primary Human Monocytes and Differentiated Macrophages: Role of IL-1β and TRIF/IRF3	yes	ok
Ptges	Ptges (prostaglandin E synthase) LPS macrophage	s_8b4fe51f	2026-09-25T15:48:15Z	16	PMC6208405	Augmented liver inflammation in a microsomal prostaglandin E synthase 1 (mPGES-1)-deficient diet-induced mouse NASH model	no	ok
Ptges	Ptges (prostaglandin E synthase) LPS macrophage	s_8b4fe51f	2026-09-25T15:48:15Z	17	PMC8146495	Lipopolysaccharide-Induced Nitric Oxide and Prostaglandin E2 Production Is Inhibited by Tellimagrandin II in Mouse and Human Macrophages	no	ok
Ptges	Ptges (prostaglandin E synthase) LPS macrophage	s_8b4fe51f	2026-09-25T15:48:15Z	18	PMC13140139	Integrated Proteomics and Metabolomics Analyses Reveal That Phosphatidylethanolamine Reprograms Macrophage Immunometabolism and Attenuates LPS-Driven Inflammation	no	ok
Ptges	Ptges (prostaglandin E synthase) LPS macrophage	s_8b4fe51f	2026-09-25T15:48:15Z	19	PMC3311437	EP2 and EP4 receptors on muscularis resident macrophages mediate LPS-induced intestinal dysmotility via iNOS upregulation through cAMP/ERK signals	no	ok
Ptges	Ptges (prostaglandin E synthase) LPS macrophage	s_8b4fe51f	2026-09-25T15:48:15Z	20	bio_bcc561746c3c	Phagocytosis is differentially regulated by LPS in M1- and M2-like macrophages via PGE 2  formation and EP4 signaling	no	ok
Ptges	Ptges (prostaglandin E synthase) LPS macrophage	s_8b4fe51f	2026-09-25T15:48:15Z	21	PMC9856913	Regulation of Pro-Inflammatory Macrophage Polarization via Lipid Nanoparticles Mediated Delivery of Anti-Prostaglandin-E2 siRNA	no	ok
Ptges	Ptges (prostaglandin E synthase) LPS macrophage	s_8b4fe51f	2026-09-25T15:48:15Z	22	PMC5751240	Lipopolysaccharide-Induced Nitric Oxide, Prostaglandin E2, and Cytokine Production of Mouse and Human Macrophages Are Suppressed by Pheophytin-b	no	ok
Ptges	Ptges (prostaglandin E synthase) LPS macrophage	s_8b4fe51f	2026-09-25T15:48:15Z	23	PMC6220063	PGE2 Augments Inflammasome Activation and M1 Polarization in Macrophages Infected With Salmonella Typhimurium and Yersinia enterocolitica	no	ok
Ptges	Ptges (prostaglandin E synthase) LPS macrophage	s_8b4fe51f	2026-09-25T15:48:15Z	24	PMC13018494	Nuclear prostaglandin E synthase 3 promotes hepatocellular carcinoma growth with immunosuppressive macrophage polarization via the SP1/TGF-β axis	no	ok
Ptges	Ptges (prostaglandin E synthase) LPS macrophage	s_8b4fe51f	2026-09-25T15:48:15Z	25	PMC5234110	Differential expression of E-type prostanoid receptors 2 and 4 in microglia stimulated with lipopolysaccharide	no	ok
Il27	Il27 (interleukin 27) LPS macrophage	s_c00f0200	2026-09-25T15:48:21Z	1	PMC7867451	Gadolinium Chloride Inhibits the Production of Liver Interleukin-27 and Mitigates Liver Injury in the CLP Mouse Model	yes	ok
Il27	Il27 (interleukin 27) LPS macrophage	s_c00f0200	2026-09-25T15:48:21Z	2	PMC11882325	Interleukins-27 Aggravates Liver Injury by Impairing the Antimicrobial Response of Macrophages via the Promotion of Mitochondrial Dysfunction in the Context of Sepsis	no	ok
Il27	Il27 (interleukin 27) LPS macrophage	s_c00f0200	2026-09-25T15:48:21Z	3	bio_5e67bb726e21	IL-27 neutralization enhances macrophage polarization and improves immune checkpoint efficacy	yes	ok
Il27	Il27 (interleukin 27) LPS macrophage	s_c00f0200	2026-09-25T15:48:21Z	4	PMC4188125	Macrophage Cytokines: Involvement in Immunity and Infectious Diseases	yes	ok
Il27	Il27 (interleukin 27) LPS macrophage	s_c00f0200	2026-09-25T15:48:21Z	5	PMC7421895	IL-27 regulation of innate immunity and control of microbial growth	yes	ok
Il27	Il27 (interleukin 27) LPS macrophage	s_c00f0200	2026-09-25T15:48:21Z	6	PMC12967598	IL-27 Aggravates Sepsis-Induced ARDS by Driving Macrophage Ferroptosis Through Activation of NCOA4-Mediated Ferritinophagy	no	ok
Il27	Il27 (interleukin 27) LPS macrophage	s_c00f0200	2026-09-25T15:48:21Z	7	PMC12053911	STAT-3 is necessary for IL-27-mediated macrophage suppression but does not represent a therapeutic target for E. coli-induced neonatal sepsis	no	ok
Il27	Il27 (interleukin 27) LPS macrophage	s_c00f0200	2026-09-25T15:48:21Z	8	PMC6135775	IL-27 amplifies cytokine responses to Gram-negative bacterial products and Salmonella typhimurium infection	no	ok
Il27	Il27 (interleukin 27) LPS macrophage	s_c00f0200	2026-09-25T15:48:21Z	9	PMC8863767	Synergistic Effects of Toll-Like Receptor 1/2 and Toll-Like Receptor 3 Signaling Triggering Interleukin 27 Gene Expression in Chikungunya Virus-Infected Macrophages	yes	ok
Il27	Il27 (interleukin 27) LPS macrophage	s_c00f0200	2026-09-25T15:48:21Z	10	PMC3488816	IL-23 and IL-27 Levels in Macrophages Collected from Peripheral Blood of Patients with Healing Vs Non-Healing Form of Cutaneous Leishmaniasis	yes	ok
Il27	Il27 (interleukin 27) LPS macrophage	s_c00f0200	2026-09-25T15:48:21Z	11	PMC8165262	Interleukin-27 and Its Diverse Effects on Bacterial Infections	yes	ok
Il27	Il27 (interleukin 27) LPS macrophage	s_c00f0200	2026-09-25T15:48:21Z	12	PMC6164187	The interleukin-27 -964A>G polymorphism enhances sepsis-induced inflammatory responses and confers susceptibility to the development of sepsis	yes	ok
Il27	Il27 (interleukin 27) LPS macrophage	s_c00f0200	2026-09-25T15:48:21Z	13	PMC10985211	An updated advancement of bifunctional IL-27 in inflammatory autoimmune diseases	yes	ok
Il27	Il27 (interleukin 27) LPS macrophage	s_c00f0200	2026-09-25T15:48:21Z	14	PMC7035946	Elevated Levels of Interleukin-27 in Early Life Compromise Protective Immunity in a Mouse Model of Gram-Negative Neonatal Sepsis	yes	ok
Il27	Il27 (interleukin 27) LPS macrophage	s_c00f0200	2026-09-25T15:48:21Z	15	PMC5703457	Interleukin 27 is increased in carotid atherosclerosis and promotes NLRP3 inflammasome activation	no	ok
Il27	Il27 (interleukin 27) LPS macrophage	s_c00f0200	2026-09-25T15:48:21Z	16	PMC13061598	IL-27-Ucp2-FoxO3 axis mediating the polarization of alternatively activated macrophages and ameliorating inflammatory pain	yes	ok
Il27	Il27 (interleukin 27) LPS macrophage	s_c00f0200	2026-09-25T15:48:21Z	17	PMC2118415	Regulation of IL-27 p28 gene expression in macrophages through MyD88- and interferon-γ–mediated pathways	yes	ok
Il27	Il27 (interleukin 27) LPS macrophage	s_c00f0200	2026-09-25T15:48:21Z	18	PMC13025208	Integrated Functional and scRNA-Seq Analyses Reveal Convergence of M-CSF– and GM-CSF–Derived Macrophages Following IL-27 Polarization	no	ok
Il27	Il27 (interleukin 27) LPS macrophage	s_c00f0200	2026-09-25T15:48:21Z	19	PMC11931227	Interleukin-27-polarized HIV-resistant M2 macrophages are a novel subtype of macrophages that express distinct antiviral gene profiles in individual cells: implication for the antiviral effect via different mechanisms in the individual cell-dependent manner	no	ok
Il27	Il27 (interleukin 27) LPS macrophage	s_c00f0200	2026-09-25T15:48:21Z	20	PMC12481768	Interleukin-27-adipose-derived mesenchymal stromal cell-based gene therapy attenuates inflammation in lipopolysaccharide-induced acute respiratory distress syndrome	yes	ok
Il27	Il27 (interleukin 27) LPS macrophage	s_c00f0200	2026-09-25T15:48:21Z	21	PMC10157156	IL-27 induces an IFN-like signature in murine macrophages which in turn modulate colonic epithelium	no	ok
Il27	Il27 (interleukin 27) LPS macrophage	s_c00f0200	2026-09-25T15:48:21Z	22	PMC4567321	Anti-Inflammatory Effects of IL-27 in Zymosan-Induced Peritonitis: Inhibition of Neutrophil Recruitment Partially Explained by Impaired Mobilization from Bone Marrow and Reduced Chemokine Levels	no	ok
Il27	Il27 (interleukin 27) LPS macrophage	s_c00f0200	2026-09-25T15:48:21Z	23	PMC8803639	Interleukin-27 in Tuberculosis: A Sheep in Wolf’s Clothing?	yes	ok
Il27	Il27 (interleukin 27) LPS macrophage	s_c00f0200	2026-09-25T15:48:21Z	24	PMC10102607	Editorial: IL-27 in health and disease	no	ok
Il27	Il27 (interleukin 27) LPS macrophage	s_c00f0200	2026-09-25T15:48:21Z	25	PMC10052773	IL-27 Inhibits Anti-Mycobacterium tuberculosis Innate Immune Activity of Primary Human Macrophages	yes	ok
Rsad2	Rsad2 (radical S-adenosyl methionine domain containing 2) LPS macrophage	s_789a80a0	2026-09-25T15:48:31Z	1	PMC12357613	Downregulated RSAD2 Attenuates the Apoptosis of LPS-Stimulated RAW264.7 via NF-κB Signaling Pathway	yes	ok
Rsad2	Rsad2 (radical S-adenosyl methionine domain containing 2) LPS macrophage	s_789a80a0	2026-09-25T15:48:31Z	2	PMC3953056	Epigenetic profile in lipopolysaccharide-stimulated macrophages	no	ok
Rsad2	Rsad2 (radical S-adenosyl methionine domain containing 2) LPS macrophage	s_789a80a0	2026-09-25T15:48:31Z	3	PMC6543837	Macrophage Polarization: Different Gene Signatures in M1(LPS+) vs. Classically and M2(LPS–) vs. Alternatively Activated Macrophages	no	ok
Rsad2	Rsad2 (radical S-adenosyl methionine domain containing 2) LPS macrophage	s_789a80a0	2026-09-25T15:48:31Z	4	PMC11970327	RSAD2: A pathogenic interferon-stimulated gene at the maternal-fetal interface of patients with systemic lupus erythematosus	no	ok
Rsad2	Rsad2 (radical S-adenosyl methionine domain containing 2) LPS macrophage	s_789a80a0	2026-09-25T15:48:31Z	5	PMC7657527	Lipopolysaccharide-induced innate immune responses are exacerbated by Prohibitin 1 deficiency and mitigated by S-adenosylmethionine in murine macrophages	no	ok
Rsad2	Rsad2 (radical S-adenosyl methionine domain containing 2) LPS macrophage	s_789a80a0	2026-09-25T15:48:31Z	6	PMC12580130	LncRNA NRIR inhibits osteogenesis by promoting macrophage M1 polarization through RSAD2/NF-κB axis in peri-implantitis	no	ok
Rsad2	Rsad2 (radical S-adenosyl methionine domain containing 2) LPS macrophage	s_789a80a0	2026-09-25T15:48:31Z	7	PMC4951018	Full Spectrum of LPS Activation in Alveolar Macrophages of Healthy Volunteers by Whole Transcriptomic Profiling	no	ok
Rsad2	Rsad2 (radical S-adenosyl methionine domain containing 2) LPS macrophage	s_789a80a0	2026-09-25T15:48:31Z	8	PMC8289208	Lipopolysaccharide from biofilm-forming Pseudomonas aeruginosa PAO1 induces macrophage hyperinflammatory responses	no	ok
Rsad2	Rsad2 (radical S-adenosyl methionine domain containing 2) LPS macrophage	s_789a80a0	2026-09-25T15:48:31Z	9	PMC7053374	Corrigendum: Macrophage Polarization: Different Gene Signatures in M1(LPS+) vs. Classically and M2(LPS–) vs. Alternatively Activated Macrophages	no	ok
Rsad2	Rsad2 (radical S-adenosyl methionine domain containing 2) LPS macrophage	s_789a80a0	2026-09-25T15:48:31Z	10	PMC7379312	Histone deacetylase 2 is essential for LPS‐induced inflammatory responses in macrophages	no	ok
Rsad2	Rsad2 (radical S-adenosyl methionine domain containing 2) LPS macrophage	s_789a80a0	2026-09-25T15:48:31Z	11	PMC12346749	Lipopolysaccharide-Activated Macrophages Suppress Cellular Senescence and Promote Rejuvenation in Human Dermal Fibroblasts	no	ok
Rsad2	Rsad2 (radical S-adenosyl methionine domain containing 2) LPS macrophage	s_789a80a0	2026-09-25T15:48:31Z	12	PMC11001978	RSAD2 is abundant in atherosclerotic plaques and promotes interferon-induced CXCR3-chemokines in human smooth muscle cells	no	ok
Rsad2	Rsad2 (radical S-adenosyl methionine domain containing 2) LPS macrophage	s_789a80a0	2026-09-25T15:48:31Z	13	PMC7386301	Species-Specificity of Transcriptional Regulation and the Response to Lipopolysaccharide in Mammalian Macrophages	no	ok
Rsad2	Rsad2 (radical S-adenosyl methionine domain containing 2) LPS macrophage	s_789a80a0	2026-09-25T15:48:31Z	14	PMC6070531	Rsad2 is necessary for mouse dendritic cell maturation via the IRF7-mediated signaling pathway	yes	ok
Rsad2	Rsad2 (radical S-adenosyl methionine domain containing 2) LPS macrophage	s_789a80a0	2026-09-25T15:48:31Z	15	PMC4770305	Intracellular NAD+ levels are associated with LPS-induced TNF-α release in pro-inflammatory macrophages	no	ok
Rsad2	Rsad2 (radical S-adenosyl methionine domain containing 2) LPS macrophage	s_789a80a0	2026-09-25T15:48:31Z	16	PMC5627409	Selection of reliable reference genes for the normalisation of gene expression levels following time course LPS stimulation of murine bone marrow derived macrophages	no	ok
Rsad2	Rsad2 (radical S-adenosyl methionine domain containing 2) LPS macrophage	s_789a80a0	2026-09-25T15:48:31Z	17	PMC11994614	Oral and transdermal administration of lipopolysaccharide safely enhances self-healing ability through the macrophage network	no	ok
Rsad2	Rsad2 (radical S-adenosyl methionine domain containing 2) LPS macrophage	s_789a80a0	2026-09-25T15:48:31Z	18	PMC4905593	Expression Profiling of LPS Responsive miRNA in Primary Human Macrophages	no	ok
Rsad2	Rsad2 (radical S-adenosyl methionine domain containing 2) LPS macrophage	s_789a80a0	2026-09-25T15:48:31Z	19	PMC3494132	A potential role for macrophages in maintaining lipopolysaccharide-induced subacute airway inflammation in rats	no	ok
Rsad2	Rsad2 (radical S-adenosyl methionine domain containing 2) LPS macrophage	s_789a80a0	2026-09-25T15:48:31Z	20	PMC8226254	P23 Acts as Functional RBP in the Macrophage Inflammation Response	no	ok
Rsad2	Rsad2 (radical S-adenosyl methionine domain containing 2) LPS macrophage	s_789a80a0	2026-09-25T15:48:31Z	21	PMC3333514	Monocyte normal immune response to LPS stimulation	no	ok
Rsad2	Rsad2 (radical S-adenosyl methionine domain containing 2) LPS macrophage	s_789a80a0	2026-09-25T15:48:31Z	22	PMC3952185	Histone acetyltransferase and DNA methyltransferase expression in response to LPS stimulation	no	ok
Rsad2	Rsad2 (radical S-adenosyl methionine domain containing 2) LPS macrophage	s_789a80a0	2026-09-25T15:48:31Z	23	PMC3507808	A new metabolomic assay to examine inflammation and redox pathways following LPS challenge	no	ok
Rsad2	Rsad2 (radical S-adenosyl methionine domain containing 2) LPS macrophage	s_789a80a0	2026-09-25T15:48:31Z	24	bio_206e5a356c66	Mathematical modelling of activation-induced heterogeneity reveals cell state transitions underpinning macrophage responses to LPS	no	ok
Rsad2	Rsad2 (radical S-adenosyl methionine domain containing 2) LPS macrophage	s_789a80a0	2026-09-25T15:48:31Z	25	PMC6909656	Role and mechanism of miR-144-5p in LPS-induced macrophages	no	ok
Serpina3f	Serpina3f (serine (or cysteine) peptidase inhibitor, clade A, member 3F) LPS macrophage	s_20b0dead	2026-09-25T15:48:49Z	1	bio_582891fd6ece	Adventitial macrophage accumulation impairs perivascular nerve function in mesenteric arteries with inflammatory bowel disease	no	ok
Serpina3f	Serpina3f (serine (or cysteine) peptidase inhibitor, clade A, member 3F) LPS macrophage	s_20b0dead	2026-09-25T15:48:49Z	2	PMC3317238	LPS Counter Regulates RNA Expression of Extracellular Proteases and Their Inhibitors in Murine Macrophages	no	ok
Serpina3f	Serpina3f (serine (or cysteine) peptidase inhibitor, clade A, member 3F) LPS macrophage	s_20b0dead	2026-09-25T15:48:49Z	3	PMC9979126	N6-methyladenosine of Spi2a attenuates inflammation and sepsis-associated myocardial dysfunction in mice	yes	ok
Serpina3f	Serpina3f (serine (or cysteine) peptidase inhibitor, clade A, member 3F) LPS macrophage	s_20b0dead	2026-09-25T15:48:49Z	4	PMC5332009	Genome-wide siRNA screen of genes regulating the LPS-induced TNF-α response in human macrophages	no	ok
Serpina3f	Serpina3f (serine (or cysteine) peptidase inhibitor, clade A, member 3F) LPS macrophage	s_20b0dead	2026-09-25T15:48:49Z	5	PMC6543837	Macrophage Polarization: Different Gene Signatures in M1(LPS+) vs. Classically and M2(LPS–) vs. Alternatively Activated Macrophages	no	ok
Serpina3f	Serpina3f (serine (or cysteine) peptidase inhibitor, clade A, member 3F) LPS macrophage	s_20b0dead	2026-09-25T15:48:49Z	6	PMC4378362	Analysis of the transcriptional networks underpinning the activation of murine macrophages by inflammatory mediators	no	ok
Serpina3f	Serpina3f (serine (or cysteine) peptidase inhibitor, clade A, member 3F) LPS macrophage	s_20b0dead	2026-09-25T15:48:49Z	7	PMC7053374	Corrigendum: Macrophage Polarization: Different Gene Signatures in M1(LPS+) vs. Classically and M2(LPS–) vs. Alternatively Activated Macrophages	no	ok
Serpina3f	Serpina3f (serine (or cysteine) peptidase inhibitor, clade A, member 3F) LPS macrophage	s_20b0dead	2026-09-25T15:48:49Z	8	PMC3333514	Monocyte normal immune response to LPS stimulation	no	ok
Serpina3f	Serpina3f (serine (or cysteine) peptidase inhibitor, clade A, member 3F) LPS macrophage	s_20b0dead	2026-09-25T15:48:49Z	9	PMC3953056	Epigenetic profile in lipopolysaccharide-stimulated macrophages	no	ok
Serpina3f	Serpina3f (serine (or cysteine) peptidase inhibitor, clade A, member 3F) LPS macrophage	s_20b0dead	2026-09-25T15:48:49Z	10	PMC3589482	The Transcription Factor C/EBP-β Mediates Constitutive and LPS-Inducible Transcription of Murine SerpinB2	no	ok
Serpina3f	Serpina3f (serine (or cysteine) peptidase inhibitor, clade A, member 3F) LPS macrophage	s_20b0dead	2026-09-25T15:48:49Z	11	PMC7481448	Serine Supports IL-1β Production in Macrophages Through mTOR Signaling	no	ok
Serpina3f	Serpina3f (serine (or cysteine) peptidase inhibitor, clade A, member 3F) LPS macrophage	s_20b0dead	2026-09-25T15:48:49Z	12	bio_78de31c56fc5	Sex differences in nociceptor translatomes contribute to divergent prostaglandin signaling in male and female mice	no	ok
Serpina3f	Serpina3f (serine (or cysteine) peptidase inhibitor, clade A, member 3F) LPS macrophage	s_20b0dead	2026-09-25T15:48:49Z	13	PMC4470529	Macrophage phenotype in sepsis immunosuppression	no	ok
Serpina3f	Serpina3f (serine (or cysteine) peptidase inhibitor, clade A, member 3F) LPS macrophage	s_20b0dead	2026-09-25T15:48:49Z	14	PMC11202707	SRSF3 Knockdown Inhibits Lipopolysaccharide-Induced Inflammatory Response in Macrophages	no	ok
Serpina3f	Serpina3f (serine (or cysteine) peptidase inhibitor, clade A, member 3F) LPS macrophage	s_20b0dead	2026-09-25T15:48:49Z	15	PMC5627409	Selection of reliable reference genes for the normalisation of gene expression levels following time course LPS stimulation of murine bone marrow derived macrophages	no	ok
Serpina3f	Serpina3f (serine (or cysteine) peptidase inhibitor, clade A, member 3F) LPS macrophage	s_20b0dead	2026-09-25T15:48:49Z	16	PMC12346749	Lipopolysaccharide-Activated Macrophages Suppress Cellular Senescence and Promote Rejuvenation in Human Dermal Fibroblasts	no	ok
Serpina3f	Serpina3f (serine (or cysteine) peptidase inhibitor, clade A, member 3F) LPS macrophage	s_20b0dead	2026-09-25T15:48:49Z	17	PMC5892728	Inhibitor of serine peptidase 2 enhances Leishmania major survival in the skin through control of monocytes and monocyte-derived cells	no	ok
Serpina3f	Serpina3f (serine (or cysteine) peptidase inhibitor, clade A, member 3F) LPS macrophage	s_20b0dead	2026-09-25T15:48:49Z	18	PMC7918892	LPS Tolerance Inhibits Cellular Respiration and Induces Global Changes in the Macrophage Secretome	no	ok
Serpina3f	Serpina3f (serine (or cysteine) peptidase inhibitor, clade A, member 3F) LPS macrophage	s_20b0dead	2026-09-25T15:48:49Z	19	PMC12768378	Reversal of filarial serpin Wb123-urokinase plasminogen activator receptor mediated alternative macrophage activation by monoclonal antibody	no	ok
Serpina3f	Serpina3f (serine (or cysteine) peptidase inhibitor, clade A, member 3F) LPS macrophage	s_20b0dead	2026-09-25T15:48:49Z	20	PMC3019512	Effect of LPS, dsRNA or interferons on the phagocytosis of dying cells or mycobacteria by macrophages	no	ok
Serpina3f	Serpina3f (serine (or cysteine) peptidase inhibitor, clade A, member 3F) LPS macrophage	s_20b0dead	2026-09-25T15:48:49Z	21	PMC10940789	LPS-Induced Modifications in Macrophage Transcript and Secretion Profiles Are Linked to Muscle Wasting and Glucose Intolerance	no	ok
Serpina3f	Serpina3f (serine (or cysteine) peptidase inhibitor, clade A, member 3F) LPS macrophage	s_20b0dead	2026-09-25T15:48:49Z	22	bio_74c36375729f	MARCO is an IFN-restricted immunometabolic decoy LPS receptor	no	ok
Serpina3f	Serpina3f (serine (or cysteine) peptidase inhibitor, clade A, member 3F) LPS macrophage	s_20b0dead	2026-09-25T15:48:49Z	23	PMC7518957	CD163 deficiency facilitates lipopolysaccharide‐induced inflammatory responses and endotoxin shock in mice	no	ok
Serpina3f	Serpina3f (serine (or cysteine) peptidase inhibitor, clade A, member 3F) LPS macrophage	s_20b0dead	2026-09-25T15:48:49Z	24	PMC12813378	Serpina3c Mitigates Adipose Tissue Inflammation by Inhibiting the HIF1α-Mediated Endoplasmic Reticulum Overoxidation in Adipocytes	no	ok
Serpina3f	Serpina3f (serine (or cysteine) peptidase inhibitor, clade A, member 3F) LPS macrophage	s_20b0dead	2026-09-25T15:48:49Z	25	PMC3440592	Ecotin-like serine peptidase inhibitor ISP1 of Leishmania major plays a role in flagellar pocket dynamics and promastigote differentiation	no	ok
Cxcl9	Cxcl9 (C-X-C motif chemokine ligand 9) LPS macrophage	s_94ed41dd	2026-09-25T15:48:59Z	1	PMC7844264	Inhibition of the CXCL9-CXCR3 axis suppresses the progression of experimental apical periodontitis by blocking macrophage migration and activation	yes	ok
Cxcl9	Cxcl9 (C-X-C motif chemokine ligand 9) LPS macrophage	s_94ed41dd	2026-09-25T15:48:59Z	2	PMC12847007	Macrophage TRIM21 lactylation exacerbates infection-induced orchitis through enhancing STAT1-mediated CXCL9 and CXCL10 production	yes	ok
Cxcl9	Cxcl9 (C-X-C motif chemokine ligand 9) LPS macrophage	s_94ed41dd	2026-09-25T15:48:59Z	3	PMC4333760	CXCL9 Contributes to Antimicrobial Protection of the Gut during Citrobacter rodentium Infection Independent of Chemokine-Receptor Signaling	no	ok
Cxcl9	Cxcl9 (C-X-C motif chemokine ligand 9) LPS macrophage	s_94ed41dd	2026-09-25T15:48:59Z	4	PMC12634548	Reciprocal activation between M1 macrophages and trophoblasts through CXCL9/STAT1/ZEB1/CCL2 axis promotes recurrent spontaneous abortion	yes	ok
Cxcl9	Cxcl9 (C-X-C motif chemokine ligand 9) LPS macrophage	s_94ed41dd	2026-09-25T15:48:59Z	5	PMC12068771	Vagus nerve modulates acute-on-chronic liver failure progression via CXCL9	yes	ok
Cxcl9	Cxcl9 (C-X-C motif chemokine ligand 9) LPS macrophage	s_94ed41dd	2026-09-25T15:48:59Z	6	PMC10906808	Unraveling the role of M1 macrophage and CXCL9 in predicting immune checkpoint inhibitor efficacy through multicohort analysis and single‐cell RNA sequencing	no	ok
Cxcl9	Cxcl9 (C-X-C motif chemokine ligand 9) LPS macrophage	s_94ed41dd	2026-09-25T15:48:59Z	7	PMC12511401	Cxcl9high macrophages recruit circulating Cxcr3+ plasmablasts into kidneys to promote pathogenesis of lupus nephritis mice	no	ok
Cxcl9	Cxcl9 (C-X-C motif chemokine ligand 9) LPS macrophage	s_94ed41dd	2026-09-25T15:48:59Z	8	PMC12842884	Serum cytokines in periodontal diseases	no	ok
Cxcl9	Cxcl9 (C-X-C motif chemokine ligand 9) LPS macrophage	s_94ed41dd	2026-09-25T15:48:59Z	9	PMC2659747	ESAT6-Induced IFNγ and CXCL9 Can Differentiate Severity of Tuberculosis	yes	ok
Cxcl9	Cxcl9 (C-X-C motif chemokine ligand 9) LPS macrophage	s_94ed41dd	2026-09-25T15:48:59Z	10	PMC9181286	The Therapeutic Treatment with the GAG-Binding Chemokine Fragment CXCL9(74–103) Attenuates Neutrophilic Inflammation and Lung Dysfunction during Klebsiella pneumoniae Infection in Mice	no	ok
Cxcl9	Cxcl9 (C-X-C motif chemokine ligand 9) LPS macrophage	s_94ed41dd	2026-09-25T15:48:59Z	11	PMC6797974	Delay in hepatocyte proliferation and prostaglandin D2 synthase expression for cholestasis due to endotoxin during partial hepatectomy in rats	yes	ok
Cxcl9	Cxcl9 (C-X-C motif chemokine ligand 9) LPS macrophage	s_94ed41dd	2026-09-25T15:48:59Z	12	PMC9077289	Myometrial‐derived CXCL12 promotes lipopolysaccharide induced preterm labour by regulating macrophage migration, polarization and function in mice	no	ok
Cxcl9	Cxcl9 (C-X-C motif chemokine ligand 9) LPS macrophage	s_94ed41dd	2026-09-25T15:48:59Z	13	PMC6274997	Transcriptome Analysis Provides Insights into the Markers of Resting and LPS-Activated Macrophages in Grass Carp (Ctenopharyngodon idella)	no	ok
Cxcl9	Cxcl9 (C-X-C motif chemokine ligand 9) LPS macrophage	s_94ed41dd	2026-09-25T15:48:59Z	14	PMC13183869	Glucocorticoids induce a phagocytic C1Q+ macrophage phenotype primed for IFNγ-dependent CXCL9 secretion	no	ok
Cxcl9	Cxcl9 (C-X-C motif chemokine ligand 9) LPS macrophage	s_94ed41dd	2026-09-25T15:48:59Z	15	PMC10387083	CXCL9 inhibition does not ameliorate disease in murine models of both primary and secondary hemophagocytic lymphohistiocytosis	no	ok
Cxcl9	Cxcl9 (C-X-C motif chemokine ligand 9) LPS macrophage	s_94ed41dd	2026-09-25T15:48:59Z	16	PMC11022742	Pharmacological Polarization of Tumor‐Associated Macrophages Toward a CXCL9 Antitumor Phenotype	yes	ok
Cxcl9	Cxcl9 (C-X-C motif chemokine ligand 9) LPS macrophage	s_94ed41dd	2026-09-25T15:48:59Z	17	PMC6559950	LIF regulates CXCL9 in tumor-associated macrophages and prevents CD8+ T cell tumor-infiltration impairing anti-PD1 therapy	yes	ok
Cxcl9	Cxcl9 (C-X-C motif chemokine ligand 9) LPS macrophage	s_94ed41dd	2026-09-25T15:48:59Z	18	PMC5207674	CXCL10/IP-10 Neutralization Can Ameliorate Lipopolysaccharide-Induced Acute Respiratory Distress Syndrome in Rats	yes	ok
Cxcl9	Cxcl9 (C-X-C motif chemokine ligand 9) LPS macrophage	s_94ed41dd	2026-09-25T15:48:59Z	19	PMC12776223	The influence of CXCL9 on M2 macrophages in lung cancer development	no	ok
Cxcl9	Cxcl9 (C-X-C motif chemokine ligand 9) LPS macrophage	s_94ed41dd	2026-09-25T15:48:59Z	20	PMC8657559	C-X-C Motif Chemokine Ligand 9 and Its CXCR3 Receptor Are the Salt and Pepper for T Cells Trafficking in a Mouse Model of Gaucher Disease	no	ok
Cxcl9	Cxcl9 (C-X-C motif chemokine ligand 9) LPS macrophage	s_94ed41dd	2026-09-25T15:48:59Z	21	PMC12668484	Infiltration of CXCL9+ macrophages confers a favorable prognosis in breast cancer: Insights from an integrated single-cell RNA and bulk RNA sequencing study	no	ok
Cxcl9	Cxcl9 (C-X-C motif chemokine ligand 9) LPS macrophage	s_94ed41dd	2026-09-25T15:48:59Z	22	PMC6543837	Macrophage Polarization: Different Gene Signatures in M1(LPS+) vs. Classically and M2(LPS–) vs. Alternatively Activated Macrophages	yes	ok
Cxcl9	Cxcl9 (C-X-C motif chemokine ligand 9) LPS macrophage	s_94ed41dd	2026-09-25T15:48:59Z	23	PMC7919587	CXCL9-expressing tumor-associated macrophages: new players in the fight against cancer	no	ok
Cxcl9	Cxcl9 (C-X-C motif chemokine ligand 9) LPS macrophage	s_94ed41dd	2026-09-25T15:48:59Z	24	PMC12198043	Congestion Enriches Intra-hepatic Macrophages Through Reverse Zonation of CXCL9 in Liver Sinusoidal Endothelial Cells	no	ok
Cxcl9	Cxcl9 (C-X-C motif chemokine ligand 9) LPS macrophage	s_94ed41dd	2026-09-25T15:48:59Z	25	PMC5119981	CXCL9: evidence and contradictions for its role in tumor progression	no	ok
Hdc	Hdc (histidine decarboxylase) LPS macrophage	s_805a9c7a	2026-09-25T15:49:37Z	1	PMC7379312	Histone deacetylase 2 is essential for LPS‐induced inflammatory responses in macrophages	no	ok
Hdc	Hdc (histidine decarboxylase) LPS macrophage	s_805a9c7a	2026-09-25T15:49:37Z	2	PMC6359123	Histone Deacetylation Inhibitors as Therapy Concept in Sepsis	no	ok
Hdc	Hdc (histidine decarboxylase) LPS macrophage	s_805a9c7a	2026-09-25T15:49:37Z	3	PMC4199742	HDAC6 Deacetylase Activity Is Critical for Lipopolysaccharide-Induced Activation of Macrophages	no	ok
Hdc	Hdc (histidine decarboxylase) LPS macrophage	s_805a9c7a	2026-09-25T15:49:37Z	4	PMC11221109	Myeloid-specific Hdac10 deletion protects against LPS-induced acute lung injury via P62 acetylation at lysine 165	no	ok
Hdc	Hdc (histidine decarboxylase) LPS macrophage	s_805a9c7a	2026-09-25T15:49:37Z	5	PMC13493966	Sympathetic signaling activation alleviated acute respiratory distress syndrome via the HDC/SLC7A11 axis in lipopolysaccharide-induced macrophages	no	ok
Hdc	Hdc (histidine decarboxylase) LPS macrophage	s_805a9c7a	2026-09-25T15:49:37Z	6	PMC10096759	Inhibitory Effects of Ginsenoside Compound K on Lipopolysaccharide-Stimulated Inflammatory Responses in Macrophages by Regulating Sirtuin 1 and Histone Deacetylase 4	no	ok
Hdc	Hdc (histidine decarboxylase) LPS macrophage	s_805a9c7a	2026-09-25T15:49:37Z	7	PMC5763578	Histone deacetylase 2 (HDAC2) attenuates lipopolysaccharide (LPS)-induced inflammation by regulating PAI-1 expression	no	ok
Hdc	Hdc (histidine decarboxylase) LPS macrophage	s_805a9c7a	2026-09-25T15:49:37Z	8	PMC7573361	HDAC3 Mediates the Inflammatory Response and LPS Tolerance in Human Monocytes and Macrophages	no	ok
Hdc	Hdc (histidine decarboxylase) LPS macrophage	s_805a9c7a	2026-09-25T15:49:37Z	9	PMC6821885	Lipopolysaccharide-induced expansion of histidine decarboxylase-expressing Ly6G+ myeloid cells identified by exploiting histidine decarboxylase BAC-GFP transgenic mice	yes	ok
Hdc	Hdc (histidine decarboxylase) LPS macrophage	s_805a9c7a	2026-09-25T15:49:37Z	10	PMC7497259	Histamine and histidine decarboxylase: Immunomodulatory functions and regulatory mechanisms	yes	ok
Hdc	Hdc (histidine decarboxylase) LPS macrophage	s_805a9c7a	2026-09-25T15:49:37Z	11	PMC7725280	Dichotomous Engagement of HDAC3 Activity Governs Inflammatory Responses	no	ok
Hdc	Hdc (histidine decarboxylase) LPS macrophage	s_805a9c7a	2026-09-25T15:49:37Z	12	PMC12539210	Histone deacetylase 7 mediates lipopolysaccharide-inducible mitochondrial fission in macrophages	no	ok
Hdc	Hdc (histidine decarboxylase) LPS macrophage	s_805a9c7a	2026-09-25T15:49:37Z	13	PMC10316655	HDAC3 promotes macrophage pyroptosis via regulating histone deacetylation in acute lung injury	no	ok
Hdc	Hdc (histidine decarboxylase) LPS macrophage	s_805a9c7a	2026-09-25T15:49:37Z	14	PMC2588973	The regulation of histidine decarboxylase gene expression.	no	ok
Hdc	Hdc (histidine decarboxylase) LPS macrophage	s_805a9c7a	2026-09-25T15:49:37Z	15	PMC4568921	Histone deacetylase 5 regulates the inflammatory response of macrophages	no	ok
Hdc	Hdc (histidine decarboxylase) LPS macrophage	s_805a9c7a	2026-09-25T15:49:37Z	16	PMC9672892	Histamine Signaling Is Essential for Tissue Macrophage Differentiation and Suppression of Bacterial Overgrowth in the Stomach	no	ok
Hdc	Hdc (histidine decarboxylase) LPS macrophage	s_805a9c7a	2026-09-25T15:49:37Z	17	PMC10682073	Role of histamine-mediated macrophage differentiation in clearance of metastatic bacterial infection	no	ok
Hdc	Hdc (histidine decarboxylase) LPS macrophage	s_805a9c7a	2026-09-25T15:49:37Z	18	PMC12395717	HDAC2 mediates the activation of macrophage in sepsis induced lung injury via regulating the acetylation of SOX2 and the transcription of STAMP2	no	ok
Hdc	Hdc (histidine decarboxylase) LPS macrophage	s_805a9c7a	2026-09-25T15:49:37Z	19	PMC5535887	The Novel HDAC8 Inhibitor WK2-16 Attenuates Lipopolysaccharide-Activated Matrix Metalloproteinase-9 Expression in Human Monocytic Cells and Improves Hypercytokinemia In Vivo	no	ok
Hdc	Hdc (histidine decarboxylase) LPS macrophage	s_805a9c7a	2026-09-25T15:49:37Z	20	PMC6830127	Targeting Histone Deacetylases in Myeloid Cells Inhibits Their Maturation and Inflammatory Function With Limited Effects on Atherosclerosis	no	ok
Hdc	Hdc (histidine decarboxylase) LPS macrophage	s_805a9c7a	2026-09-25T15:49:37Z	21	PMC12925555	HDAC1 and SATB1 positively regulate immune responses in chicken macrophages	no	ok
Hdc	Hdc (histidine decarboxylase) LPS macrophage	s_805a9c7a	2026-09-25T15:49:37Z	22	PMC7730296	Anti-Allergic Potential of Cinnamaldehyde via the Inhibitory Effect of Histidine Decarboxylase (HDC) Producing Klebsiella pneumonia	no	ok
Hdc	Hdc (histidine decarboxylase) LPS macrophage	s_805a9c7a	2026-09-25T15:49:37Z	23	PMC8358884	Histone deacetylase 9 deficiency exaggerates uterine M2 macrophage polarization	no	ok
Hdc	Hdc (histidine decarboxylase) LPS macrophage	s_805a9c7a	2026-09-25T15:49:37Z	24	PMC2949756	Motif prediction to distinguish LPS-stimulated pro-inflammatory  vs . antibacterial macrophage genes	no	ok
Hdc	Hdc (histidine decarboxylase) LPS macrophage	s_805a9c7a	2026-09-25T15:49:37Z	25	PMC12035888	HDC/histamine Signaling Axis Drives Macrophage Reprogramming to Promote Angiogenesis in Hindlimb-Ischemic Mice	no	ok
Trim30c	Trim30c (tripartite motif-containing 30C) LPS macrophage	s_38f448a0	2026-09-25T15:49:41Z	1	PMC3953056	Epigenetic profile in lipopolysaccharide-stimulated macrophages	no	ok
Trim30c	Trim30c (tripartite motif-containing 30C) LPS macrophage	s_38f448a0	2026-09-25T15:49:41Z	2	PMC5332009	Genome-wide siRNA screen of genes regulating the LPS-induced TNF-α response in human macrophages	no	ok
Trim30c	Trim30c (tripartite motif-containing 30C) LPS macrophage	s_38f448a0	2026-09-25T15:49:41Z	3	PMC5332015	Genome-wide siRNA screen of genes regulating the LPS-induced NF-κB and TNF-α responses in mouse macrophages	no	ok
Trim30c	Trim30c (tripartite motif-containing 30C) LPS macrophage	s_38f448a0	2026-09-25T15:49:41Z	4	PMC6369361	RNA-Binding Proteins in the Control of LPS-Induced Macrophage Response	no	ok
Trim30c	Trim30c (tripartite motif-containing 30C) LPS macrophage	s_38f448a0	2026-09-25T15:49:41Z	5	PMC10068263	LPS inhibits TRIM65 expression in macrophages and C57BL/6J mouse by activating the ERK1/2 signaling pathway	no	ok
Trim30c	Trim30c (tripartite motif-containing 30C) LPS macrophage	s_38f448a0	2026-09-25T15:49:41Z	6	PMC7607666	Tripartite Motif Containing 52 Positively Regulates NF-κB Signaling by Promoting IκBα Ubiquitination in Lipopolysaccharide-Treated Microglial Cell Activation	no	ok
Trim30c	Trim30c (tripartite motif-containing 30C) LPS macrophage	s_38f448a0	2026-09-25T15:49:41Z	7	PMC7053374	Corrigendum: Macrophage Polarization: Different Gene Signatures in M1(LPS+) vs. Classically and M2(LPS–) vs. Alternatively Activated Macrophages	no	ok
Trim30c	Trim30c (tripartite motif-containing 30C) LPS macrophage	s_38f448a0	2026-09-25T15:49:41Z	8	PMC1781469	Transcriptional profiling of the LPS induced NF-κB response in macrophages	no	ok
Trim30c	Trim30c (tripartite motif-containing 30C) LPS macrophage	s_38f448a0	2026-09-25T15:49:41Z	9	PMC3377094	Regulation of innate immune signalling pathways by the tripartite motif (TRIM) family proteins	no	ok
Trim30c	Trim30c (tripartite motif-containing 30C) LPS macrophage	s_38f448a0	2026-09-25T15:49:41Z	10	PMC4378362	Analysis of the transcriptional networks underpinning the activation of murine macrophages by inflammatory mediators	no	ok
Trim30c	Trim30c (tripartite motif-containing 30C) LPS macrophage	s_38f448a0	2026-09-25T15:49:41Z	11	PMC4035330	Correction: Tripartite Motif-Containing Protein 30 Modulates TCR-Activated Proliferation and Effector Functions in CD4+ T Cells	no	ok
Trim30c	Trim30c (tripartite motif-containing 30C) LPS macrophage	s_38f448a0	2026-09-25T15:49:41Z	12	PMC5354896	Macrophage production and activation are dependent on TRIM33	no	ok
Trim30c	Trim30c (tripartite motif-containing 30C) LPS macrophage	s_38f448a0	2026-09-25T15:49:41Z	13	PMC3995923	Tripartite Motif-Containing Protein 30 Modulates TCR-Activated Proliferation and Effector Functions in CD4+ T Cells	no	ok
Trim30c	Trim30c (tripartite motif-containing 30C) LPS macrophage	s_38f448a0	2026-09-25T15:49:41Z	14	PMC7173094	InTRIMsic immunity: Positive and negative regulation of immune signaling by tripartite motif proteins	no	ok
Trim30c	Trim30c (tripartite motif-containing 30C) LPS macrophage	s_38f448a0	2026-09-25T15:49:41Z	15	PMC3333514	Monocyte normal immune response to LPS stimulation	no	ok
Trim30c	Trim30c (tripartite motif-containing 30C) LPS macrophage	s_38f448a0	2026-09-25T15:49:41Z	16	PMC4320810	Expression and regulation of long noncoding RNAs in TLR4 signaling in mouse macrophages	no	ok
Trim30c	Trim30c (tripartite motif-containing 30C) LPS macrophage	s_38f448a0	2026-09-25T15:49:41Z	17	PMC12283963	The Trim32-DPEP2 axis is an inflammatory switch in macrophages during intestinal inflammation	no	ok
Trim30c	Trim30c (tripartite motif-containing 30C) LPS macrophage	s_38f448a0	2026-09-25T15:49:41Z	18	PMC7011629	TRIM21 controls Toll‐like receptor 2 responses in bone‐marrow‐derived macrophages	no	ok
Trim30c	Trim30c (tripartite motif-containing 30C) LPS macrophage	s_38f448a0	2026-09-25T15:49:41Z	19	PMC3384629	DOK3 Negatively Regulates LPS Responses and Endotoxin Tolerance	no	ok
Trim30c	Trim30c (tripartite motif-containing 30C) LPS macrophage	s_38f448a0	2026-09-25T15:49:41Z	20	PMC7418211	Knockdown of TRIM52 alleviates LPS-induced inflammatory injury in human periodontal ligament cells through the TLR4/NF-κB pathway	no	ok
Trim30c	Trim30c (tripartite motif-containing 30C) LPS macrophage	s_38f448a0	2026-09-25T15:49:41Z	21	PMC8548118	The Emerging Roles of Tripartite Motif Proteins (TRIMs) in Acute Lung Injury	no	ok
Trim30c	Trim30c (tripartite motif-containing 30C) LPS macrophage	s_38f448a0	2026-09-25T15:49:41Z	22	PMC5314404	Expression profiling of TRIM protein family in THP1-derived macrophages following TLR stimulation	no	ok
Trim30c	Trim30c (tripartite motif-containing 30C) LPS macrophage	s_38f448a0	2026-09-25T15:49:41Z	23	PMC12847098	E3 ubiquitin ligase trim36 targets ddx3x for degradation to reprogram macrophage polarization and ameliorate tubal factor infertility in rats	no	ok
Trim30c	Trim30c (tripartite motif-containing 30C) LPS macrophage	s_38f448a0	2026-09-25T15:49:41Z	24	PMC12551140	TRIM16 Inhibits Inflammation by Interacting With and Ubiquitinating TRAF2 in a Colitis Model	no	ok
Trim30c	Trim30c (tripartite motif-containing 30C) LPS macrophage	s_38f448a0	2026-09-25T15:49:41Z	25	PMC2654144	Human TRIM Gene Expression in Response to Interferons	no	ok
Tmem200b	Tmem200b (transmembrane protein 200B) LPS macrophage	s_5ed74d4f	2026-09-25T15:50:02Z	1	PMC9656053	A Global Picture of Molecular Changes Associated to LPS Treatment in THP-1 Derived Human Macrophages by Fourier Transform Infrared Microspectroscopy	no	ok
Tmem200b	Tmem200b (transmembrane protein 200B) LPS macrophage	s_5ed74d4f	2026-09-25T15:50:02Z	2	PMC6543837	Macrophage Polarization: Different Gene Signatures in M1(LPS+) vs. Classically and M2(LPS–) vs. Alternatively Activated Macrophages	no	ok
Tmem200b	Tmem200b (transmembrane protein 200B) LPS macrophage	s_5ed74d4f	2026-09-25T15:50:02Z	3	PMC3953056	Epigenetic profile in lipopolysaccharide-stimulated macrophages	no	ok
Tmem200b	Tmem200b (transmembrane protein 200B) LPS macrophage	s_5ed74d4f	2026-09-25T15:50:02Z	4	PMC13372918	Lipopolysaccharide-mediated macrophage polarization, conserved pathogenesis, and implications for peripheral neuropathy: a systematic review	no	ok
Tmem200b	Tmem200b (transmembrane protein 200B) LPS macrophage	s_5ed74d4f	2026-09-25T15:50:02Z	5	PMC6369361	RNA-Binding Proteins in the Control of LPS-Induced Macrophage Response	no	ok
Tmem200b	Tmem200b (transmembrane protein 200B) LPS macrophage	s_5ed74d4f	2026-09-25T15:50:02Z	6	PMC5925582	p204 Is Required for Canonical Lipopolysaccharide-induced TLR4 Signaling in Mice	no	ok
Tmem200b	Tmem200b (transmembrane protein 200B) LPS macrophage	s_5ed74d4f	2026-09-25T15:50:02Z	7	PMC3333514	Monocyte normal immune response to LPS stimulation	no	ok
Tmem200b	Tmem200b (transmembrane protein 200B) LPS macrophage	s_5ed74d4f	2026-09-25T15:50:02Z	8	PMC7576310	LKB1‐MARK2 signalling mediates lipopolysaccharide‐induced production of cytokines in mouse macrophages	no	ok
Tmem200b	Tmem200b (transmembrane protein 200B) LPS macrophage	s_5ed74d4f	2026-09-25T15:50:02Z	9	PMC10110401	HuR modulation counteracts lipopolysaccharide response in murine macrophages	no	ok
Tmem200b	Tmem200b (transmembrane protein 200B) LPS macrophage	s_5ed74d4f	2026-09-25T15:50:02Z	10	PMC10315567	Recombinant human KAI1/CD82 attenuates M1 macrophage polarization on LPS-stimulated RAW264.7 cells via blocking TLR4/JNK/NF-κB signal pathway	no	ok
Tmem200b	Tmem200b (transmembrane protein 200B) LPS macrophage	s_5ed74d4f	2026-09-25T15:50:02Z	11	PMC12346749	Lipopolysaccharide-Activated Macrophages Suppress Cellular Senescence and Promote Rejuvenation in Human Dermal Fibroblasts	no	ok
Tmem200b	Tmem200b (transmembrane protein 200B) LPS macrophage	s_5ed74d4f	2026-09-25T15:50:02Z	12	PMC3660024	Comparative Study of The Effect of LPS on The Function of BALB/c and C57BL/6 Peritoneal Macrophages	no	ok
Tmem200b	Tmem200b (transmembrane protein 200B) LPS macrophage	s_5ed74d4f	2026-09-25T15:50:02Z	13	PMC6990626	Transmembrane TNFα-Expressed Macrophage Membrane-Coated Chitosan Nanoparticles as Cancer Therapeutics	no	ok
Tmem200b	Tmem200b (transmembrane protein 200B) LPS macrophage	s_5ed74d4f	2026-09-25T15:50:02Z	14	PMC11994614	Oral and transdermal administration of lipopolysaccharide safely enhances self-healing ability through the macrophage network	no	ok
Tmem200b	Tmem200b (transmembrane protein 200B) LPS macrophage	s_5ed74d4f	2026-09-25T15:50:02Z	15	PMC9456100	Lipopolysaccharide from Porphyromonas gingivalis, but Not from Porphyromonas endodontalis, Induces Macrophage M1 Profile	no	ok
Tmem200b	Tmem200b (transmembrane protein 200B) LPS macrophage	s_5ed74d4f	2026-09-25T15:50:02Z	16	PMC9916340	Lipopolysaccharide Tolerance Enhances Murine Norovirus Reactivation: An Impact of Macrophages Mainly Evaluated by Proteomic Analysis	no	ok
Tmem200b	Tmem200b (transmembrane protein 200B) LPS macrophage	s_5ed74d4f	2026-09-25T15:50:02Z	17	PMC7817350	Macrophage ICAM-1 functions as a regulator of phagocytosis in LPS induced endotoxemia	no	ok
Tmem200b	Tmem200b (transmembrane protein 200B) LPS macrophage	s_5ed74d4f	2026-09-25T15:50:02Z	18	PMC5627409	Selection of reliable reference genes for the normalisation of gene expression levels following time course LPS stimulation of murine bone marrow derived macrophages	no	ok
Tmem200b	Tmem200b (transmembrane protein 200B) LPS macrophage	s_5ed74d4f	2026-09-25T15:50:02Z	19	PMC7555432	gga-miR-200b-3p Promotes Macrophage Activation and Differentiation via Targeting Monocyte to Macrophage Differentiation-Associated in HD11 Cells	no	ok
Tmem200b	Tmem200b (transmembrane protein 200B) LPS macrophage	s_5ed74d4f	2026-09-25T15:50:02Z	20	PMC2196359	Mice Genetically Hyporesponsive to Lipopolysaccharide (LPS) Exhibit a Defect in Endocytic Uptake of LPS and Ceramide	no	ok
Tmem200b	Tmem200b (transmembrane protein 200B) LPS macrophage	s_5ed74d4f	2026-09-25T15:50:02Z	21	PMC2394514	Expression analysis of G Protein-Coupled Receptors in mouse macrophages	no	ok
Tmem200b	Tmem200b (transmembrane protein 200B) LPS macrophage	s_5ed74d4f	2026-09-25T15:50:02Z	22	PMC5775731	Expression of Siglec-E Alters the Proteome of Lipopolysaccharide (LPS)-Activated Macrophages but Does Not Affect LPS-Driven Cytokine Production or Toll-Like Receptor 4 Endocytosis	no	ok
Tmem200b	Tmem200b (transmembrane protein 200B) LPS macrophage	s_5ed74d4f	2026-09-25T15:50:02Z	23	PMC8278080	Fractalkine aggravates LPS‐induced macrophage activation and acute kidney injury via Wnt/β‐catenin signalling pathway	no	ok
Tmem200b	Tmem200b (transmembrane protein 200B) LPS macrophage	s_5ed74d4f	2026-09-25T15:50:02Z	24	bio_74c36375729f	MARCO is an IFN-restricted immunometabolic decoy LPS receptor	no	ok
Tmem200b	Tmem200b (transmembrane protein 200B) LPS macrophage	s_5ed74d4f	2026-09-25T15:50:02Z	25	PMC7275413	Progranulin inhibits LPS-induced macrophage M1 polarization via NF-кB and MAPK pathways	no	ok
Cxcl2	Cxcl2 (C-X-C motif chemokine ligand 2) LPS macrophage	s_3a9d9933	2026-09-25T15:50:07Z	1	PMC6154519	TLR4/MyD88 -mediated CCL2 production by lipopolysaccharide (endotoxin): Implications for metabolic inflammation	no	ok
Cxcl2	Cxcl2 (C-X-C motif chemokine ligand 2) LPS macrophage	s_3a9d9933	2026-09-25T15:50:07Z	2	PMC1781469	Transcriptional profiling of the LPS induced NF-κB response in macrophages	yes	ok
Cxcl2	Cxcl2 (C-X-C motif chemokine ligand 2) LPS macrophage	s_3a9d9933	2026-09-25T15:50:07Z	3	PMC9077289	Myometrial‐derived CXCL12 promotes lipopolysaccharide induced preterm labour by regulating macrophage migration, polarization and function in mice	no	ok
Cxcl2	Cxcl2 (C-X-C motif chemokine ligand 2) LPS macrophage	s_3a9d9933	2026-09-25T15:50:07Z	4	PMC5818454	Transcriptional and translational‐uncoupling in regulation of the CXCL12 and its receptors CXCR4, 7 in THP‐1 monocytes and macrophages	no	ok
Cxcl2	Cxcl2 (C-X-C motif chemokine ligand 2) LPS macrophage	s_3a9d9933	2026-09-25T15:50:07Z	5	PMC11049839	Anti-Neuroinflammatory Effects of a Macrocyclic Peptide-Peptoid Hybrid in Lipopolysaccharide-Stimulated BV2 Microglial Cells	yes	ok
Cxcl2	Cxcl2 (C-X-C motif chemokine ligand 2) LPS macrophage	s_3a9d9933	2026-09-25T15:50:07Z	6	PMC12139310	Macrophages generated in 3D mechanical microenvironment contribute to recruiting Peritonitis-associated neutrophils in vivo	yes	ok
Cxcl2	Cxcl2 (C-X-C motif chemokine ligand 2) LPS macrophage	s_3a9d9933	2026-09-25T15:50:07Z	7	PMC8052121	LXA4 Inhibits Lipopolysaccharide-Induced Inflammatory Cell Accumulation by Resident Macrophages in Mice	yes	ok
Cxcl2	Cxcl2 (C-X-C motif chemokine ligand 2) LPS macrophage	s_3a9d9933	2026-09-25T15:50:07Z	8	PMC12151196	Proinflammatory macrophages release CXCL5 to regulate T cell function and limit effects of αPD-1 in steatosis-driven liver cancer	no	ok
Cxcl2	Cxcl2 (C-X-C motif chemokine ligand 2) LPS macrophage	s_3a9d9933	2026-09-25T15:50:07Z	9	PMC9225349	Anti-Inflammatory Effects of Cicadidae Periostracum Extract and Oleic Acid through Inhibiting Inflammatory Chemokines Using PCR Arrays in LPS-Induced Lung inflammation In Vitro	yes	ok
Cxcl2	Cxcl2 (C-X-C motif chemokine ligand 2) LPS macrophage	s_3a9d9933	2026-09-25T15:50:07Z	10	PMC5423041	Macrophage inflammatory protein-2 as mediator of inflammation in acute liver injury	yes	ok
Cxcl2	Cxcl2 (C-X-C motif chemokine ligand 2) LPS macrophage	s_3a9d9933	2026-09-25T15:50:07Z	11	PMC13243519	Temporal expression of CXCR2 ligands in a rat model of LPS—induced pulpitis	no	ok
Cxcl2	Cxcl2 (C-X-C motif chemokine ligand 2) LPS macrophage	s_3a9d9933	2026-09-25T15:50:07Z	12	bio_2ffac20f6bff	Leishmania major  degrades murine CXCL1 – an immune evasion strategy	no	ok
Cxcl2	Cxcl2 (C-X-C motif chemokine ligand 2) LPS macrophage	s_3a9d9933	2026-09-25T15:50:07Z	13	PMC4378362	Analysis of the transcriptional networks underpinning the activation of murine macrophages by inflammatory mediators	yes	ok
Cxcl2	Cxcl2 (C-X-C motif chemokine ligand 2) LPS macrophage	s_3a9d9933	2026-09-25T15:50:07Z	14	PMC6274997	Transcriptome Analysis Provides Insights into the Markers of Resting and LPS-Activated Macrophages in Grass Carp (Ctenopharyngodon idella)	no	ok
Cxcl2	Cxcl2 (C-X-C motif chemokine ligand 2) LPS macrophage	s_3a9d9933	2026-09-25T15:50:07Z	15	PMC7053374	Corrigendum: Macrophage Polarization: Different Gene Signatures in M1(LPS+) vs. Classically and M2(LPS–) vs. Alternatively Activated Macrophages	no	ok
Cxcl2	Cxcl2 (C-X-C motif chemokine ligand 2) LPS macrophage	s_3a9d9933	2026-09-25T15:50:07Z	16	PMC3888770	IL-21 Modulates Release of Proinflammatory Cytokines in LPS-Stimulated Macrophages through Distinct Signaling Pathways	no	ok
Cxcl2	Cxcl2 (C-X-C motif chemokine ligand 2) LPS macrophage	s_3a9d9933	2026-09-25T15:50:07Z	17	PMC13111272	CXCL2 affects macrophage antitumor function and immunotherapy efficacy in esophageal squamous cell carcinoma through calcium signaling	no	ok
Cxcl2	Cxcl2 (C-X-C motif chemokine ligand 2) LPS macrophage	s_3a9d9933	2026-09-25T15:50:07Z	18	PMC10871588	Single-cell immune profiling of mouse liver aging reveals Cxcl2+ macrophages recruit neutrophils to aggravate liver injury	no	ok
Cxcl2	Cxcl2 (C-X-C motif chemokine ligand 2) LPS macrophage	s_3a9d9933	2026-09-25T15:50:07Z	19	PMC4170906	Nucleotides Regulate Secretion of the Inflammatory Chemokine CCL2 from Human Macrophages and Monocytes	no	ok
Cxcl2	Cxcl2 (C-X-C motif chemokine ligand 2) LPS macrophage	s_3a9d9933	2026-09-25T15:50:07Z	20	PMC3953056	Epigenetic profile in lipopolysaccharide-stimulated macrophages	no	ok
Cxcl2	Cxcl2 (C-X-C motif chemokine ligand 2) LPS macrophage	s_3a9d9933	2026-09-25T15:50:07Z	21	PMC3409161	Identification of 34 Novel Proinflammatory Proteins in a Genome-Wide Macrophage Functional Screen	yes	ok
Cxcl2	Cxcl2 (C-X-C motif chemokine ligand 2) LPS macrophage	s_3a9d9933	2026-09-25T15:50:07Z	22	PMC3333514	Monocyte normal immune response to LPS stimulation	no	ok
Cxcl2	Cxcl2 (C-X-C motif chemokine ligand 2) LPS macrophage	s_3a9d9933	2026-09-25T15:50:07Z	23	PMC7576310	LKB1‐MARK2 signalling mediates lipopolysaccharide‐induced production of cytokines in mouse macrophages	no	ok
Cxcl2	Cxcl2 (C-X-C motif chemokine ligand 2) LPS macrophage	s_3a9d9933	2026-09-25T15:50:07Z	24	PMC8155903	Differential mRNA and miRNA Profiles Reveal the Potential Roles of Genes and miRNAs Involved in LPS Infection in Chicken Macrophages	no	ok
Cxcl2	Cxcl2 (C-X-C motif chemokine ligand 2) LPS macrophage	s_3a9d9933	2026-09-25T15:50:07Z	25	PMC11018209	Effect of connexin 43 in LPS/IL-4-induced macrophage M1/M2 polarization: An observational study	no	ok
Rnd1	Rnd1 (Rho family GTPase 1) LPS macrophage	s_cc62c04f	2026-09-25T15:50:29Z	1	PMC9161769	Essential role of Rnd1 in innate immunity during viral and bacterial infections	yes	ok
Rnd1	Rnd1 (Rho family GTPase 1) LPS macrophage	s_cc62c04f	2026-09-25T15:50:29Z	2	PMC3420873	Rho GTPase Expression in Human Myeloid Cells	no	ok
Rnd1	Rnd1 (Rho family GTPase 1) LPS macrophage	s_cc62c04f	2026-09-25T15:50:29Z	3	PMC6696182	The RND1 Small GTPase: Main Functions and Emerging Role in Oncogenesis	no	ok
Rnd1	Rnd1 (Rho family GTPase 1) LPS macrophage	s_cc62c04f	2026-09-25T15:50:29Z	4	PMC4777421	Deletion of Rac1GTPase in the Myeloid Lineage Protects against Inflammation-Mediated Kidney Injury in Mice	no	ok
Rnd1	Rnd1 (Rho family GTPase 1) LPS macrophage	s_cc62c04f	2026-09-25T15:50:29Z	5	PMC2132722	A New Member of the Rho Family, Rnd1, Promotes Disassembly of Actin Filament Structures and Loss of Cell Adhesion	no	ok
Rnd1	Rnd1 (Rho family GTPase 1) LPS macrophage	s_cc62c04f	2026-09-25T15:50:29Z	6	PMC8575873	RvD1 accelerates the resolution of inflammation by promoting apoptosis of the recruited macrophages via the ALX/FasL-FasR/caspase-3 signaling pathway	no	ok
Rnd1	Rnd1 (Rho family GTPase 1) LPS macrophage	s_cc62c04f	2026-09-25T15:50:29Z	7	PMC3296313	Macrophage Migration and Its Regulation by CSF-1	no	ok
Rnd1	Rnd1 (Rho family GTPase 1) LPS macrophage	s_cc62c04f	2026-09-25T15:50:29Z	8	PMC9656053	A Global Picture of Molecular Changes Associated to LPS Treatment in THP-1 Derived Human Macrophages by Fourier Transform Infrared Microspectroscopy	no	ok
Rnd1	Rnd1 (Rho family GTPase 1) LPS macrophage	s_cc62c04f	2026-09-25T15:50:29Z	9	PMC3333514	Monocyte normal immune response to LPS stimulation	no	ok
Rnd1	Rnd1 (Rho family GTPase 1) LPS macrophage	s_cc62c04f	2026-09-25T15:50:29Z	10	PMC6531833	Data in support of Rap2a GTPase expression, activation and effects in LPS-mediated innate immune response and NF-κB activation	no	ok
Rnd1	Rnd1 (Rho family GTPase 1) LPS macrophage	s_cc62c04f	2026-09-25T15:50:29Z	11	PMC2196359	Mice Genetically Hyporesponsive to Lipopolysaccharide (LPS) Exhibit a Defect in Endocytic Uptake of LPS and Ceramide	no	ok
Rnd1	Rnd1 (Rho family GTPase 1) LPS macrophage	s_cc62c04f	2026-09-25T15:50:29Z	12	PMC7386301	Species-Specificity of Transcriptional Regulation and the Response to Lipopolysaccharide in Mammalian Macrophages	no	ok
Rnd1	Rnd1 (Rho family GTPase 1) LPS macrophage	s_cc62c04f	2026-09-25T15:50:29Z	13	PMC13199726	Exosomal miR-148a-3p from LPS-Activated Macrophages Promotes M1 Polarization and Ferroptosis-Related Characteristics of Recipient Macrophages by Reducing SLC7A11	no	ok
Rnd1	Rnd1 (Rho family GTPase 1) LPS macrophage	s_cc62c04f	2026-09-25T15:50:29Z	14	PMC12402336	Macrophages form dendrite-like pseudopods to enhance bacterial ingestion	no	ok
Rnd1	Rnd1 (Rho family GTPase 1) LPS macrophage	s_cc62c04f	2026-09-25T15:50:29Z	15	PMC5743190	Lipopolysaccharide-induced inflammation in monocytes/macrophages is blocked by liposomal delivery of Gi-protein inhibitor	no	ok
Rnd1	Rnd1 (Rho family GTPase 1) LPS macrophage	s_cc62c04f	2026-09-25T15:50:29Z	16	bio_206e5a356c66	Mathematical modelling of activation-induced heterogeneity reveals cell state transitions underpinning macrophage responses to LPS	no	ok
Rnd1	Rnd1 (Rho family GTPase 1) LPS macrophage	s_cc62c04f	2026-09-25T15:50:29Z	17	PMC9066768	Rho family GTPase 1 (RND1), a novel regulator of p53, enhances ferroptosis in glioblastoma	no	ok
Rnd1	Rnd1 (Rho family GTPase 1) LPS macrophage	s_cc62c04f	2026-09-25T15:50:29Z	18	PMC9456100	Lipopolysaccharide from Porphyromonas gingivalis, but Not from Porphyromonas endodontalis, Induces Macrophage M1 Profile	no	ok
Rnd1	Rnd1 (Rho family GTPase 1) LPS macrophage	s_cc62c04f	2026-09-25T15:50:29Z	19	PMC6909656	Role and mechanism of miR-144-5p in LPS-induced macrophages	no	ok
Rnd1	Rnd1 (Rho family GTPase 1) LPS macrophage	s_cc62c04f	2026-09-25T15:50:29Z	20	PMC3764041	Differential Regulation of Rab GTPase Expression in Monocyte-Derived Dendritic Cells upon Lipopolysaccharide Activation: A Correlation to Maturation-Dependent Functional Properties	no	ok
Rnd1	Rnd1 (Rho family GTPase 1) LPS macrophage	s_cc62c04f	2026-09-25T15:50:29Z	21	bio_eb0530776e54	Dynamic nucleosome redistribution and increases in nucleosome sensitivity underpin THP-1 macrophage response to LPS	no	ok
Rnd1	Rnd1 (Rho family GTPase 1) LPS macrophage	s_cc62c04f	2026-09-25T15:50:29Z	22	PMC10857877	RND3 Potentiates Proinflammatory Activation through NOTCH Signaling in Activated Macrophages	no	ok
Rnd1	Rnd1 (Rho family GTPase 1) LPS macrophage	s_cc62c04f	2026-09-25T15:50:29Z	23	PMC13398632	Lipopolysaccharide uptake is augmented in lipopolysaccharide‐tolerant mouse macrophage‐like cells via increased CD14 expression	no	ok
Rnd1	Rnd1 (Rho family GTPase 1) LPS macrophage	s_cc62c04f	2026-09-25T15:50:29Z	24	PMC3214256	Impaired Rho GTPase activation abrogates cell polarization and migration in macrophages with defective lipolysis	no	ok
Rnd1	Rnd1 (Rho family GTPase 1) LPS macrophage	s_cc62c04f	2026-09-25T15:50:29Z	25	PMC8486773	Spatiotemporal proteomic profiling of the pro-inflammatory response to lipopolysaccharide in the THP-1 human leukaemia cell line	no	ok
Cxcl1	Cxcl1 (C-X-C motif chemokine ligand 1) LPS macrophage	s_b4d5b980	2026-09-25T15:50:35Z	1	PMC9077289	Myometrial‐derived CXCL12 promotes lipopolysaccharide induced preterm labour by regulating macrophage migration, polarization and function in mice	no	ok
Cxcl1	Cxcl1 (C-X-C motif chemokine ligand 1) LPS macrophage	s_b4d5b980	2026-09-25T15:50:35Z	2	PMC2766614	Differential gene expression in LPS/IFNγ activated microglia and macrophages: in vitro versus in vivo	no	ok
Cxcl1	Cxcl1 (C-X-C motif chemokine ligand 1) LPS macrophage	s_b4d5b980	2026-09-25T15:50:35Z	3	PMC12151196	Proinflammatory macrophages release CXCL5 to regulate T cell function and limit effects of αPD-1 in steatosis-driven liver cancer	no	ok
Cxcl1	Cxcl1 (C-X-C motif chemokine ligand 1) LPS macrophage	s_b4d5b980	2026-09-25T15:50:35Z	4	PMC8776070	CXCL1 : Gene, Promoter, Regulation of Expression, mRNA Stability, Regulation of Activity in the Intercellular Space	no	ok
Cxcl1	Cxcl1 (C-X-C motif chemokine ligand 1) LPS macrophage	s_b4d5b980	2026-09-25T15:50:35Z	5	PMC7714238	A biomathematical model of immune response and barrier function in mice with pneumococcal lung infection		error
Cxcl1	Cxcl1 (C-X-C motif chemokine ligand 1) LPS macrophage	s_b4d5b980	2026-09-25T15:50:35Z	6	bio_e45382736c86	TET1 controls  Cxcl1  induction by DNA demethylation and promotes neutrophil recruitment during acute lung injury	yes	ok
Cxcl1	Cxcl1 (C-X-C motif chemokine ligand 1) LPS macrophage	s_b4d5b980	2026-09-25T15:50:35Z	7	PMC5818454	Transcriptional and translational‐uncoupling in regulation of the CXCL12 and its receptors CXCR4, 7 in THP‐1 monocytes and macrophages	no	ok
Cxcl1	Cxcl1 (C-X-C motif chemokine ligand 1) LPS macrophage	s_b4d5b980	2026-09-25T15:50:35Z	8	PMC5207674	CXCL10/IP-10 Neutralization Can Ameliorate Lipopolysaccharide-Induced Acute Respiratory Distress Syndrome in Rats	no	ok
Cxcl1	Cxcl1 (C-X-C motif chemokine ligand 1) LPS macrophage	s_b4d5b980	2026-09-25T15:50:35Z	9	PMC9225349	Anti-Inflammatory Effects of Cicadidae Periostracum Extract and Oleic Acid through Inhibiting Inflammatory Chemokines Using PCR Arrays in LPS-Induced Lung inflammation In Vitro	yes	ok
Cxcl1	Cxcl1 (C-X-C motif chemokine ligand 1) LPS macrophage	s_b4d5b980	2026-09-25T15:50:35Z	10	PMC7576310	LKB1‐MARK2 signalling mediates lipopolysaccharide‐induced production of cytokines in mouse macrophages	no	ok
Cxcl1	Cxcl1 (C-X-C motif chemokine ligand 1) LPS macrophage	s_b4d5b980	2026-09-25T15:50:35Z	11	PMC6219809	Prevention of lipopolysaccharide-induced preterm labor by the lack of CX3CL1-CX3CR1 interaction in mice	no	ok
Cxcl1	Cxcl1 (C-X-C motif chemokine ligand 1) LPS macrophage	s_b4d5b980	2026-09-25T15:50:35Z	12	PMC7833212	Advanced glycation end-products reduce lipopolysaccharide uptake by macrophages	no	ok
Cxcl1	Cxcl1 (C-X-C motif chemokine ligand 1) LPS macrophage	s_b4d5b980	2026-09-25T15:50:35Z	13	PMC6274997	Transcriptome Analysis Provides Insights into the Markers of Resting and LPS-Activated Macrophages in Grass Carp (Ctenopharyngodon idella)	no	ok
Cxcl1	Cxcl1 (C-X-C motif chemokine ligand 1) LPS macrophage	s_b4d5b980	2026-09-25T15:50:35Z	14	PMC12847948	CX3CL1 deficiency ameliorates acute kidney injury by inhibiting macrophage mitochondrial dysfunction and mtDNA-cGAS-STING signaling	no	ok
Cxcl1	Cxcl1 (C-X-C motif chemokine ligand 1) LPS macrophage	s_b4d5b980	2026-09-25T15:50:35Z	15	PMC6543837	Macrophage Polarization: Different Gene Signatures in M1(LPS+) vs. Classically and M2(LPS–) vs. Alternatively Activated Macrophages	no	ok
Cxcl1	Cxcl1 (C-X-C motif chemokine ligand 1) LPS macrophage	s_b4d5b980	2026-09-25T15:50:35Z	16	PMC13243519	Temporal expression of CXCR2 ligands in a rat model of LPS—induced pulpitis	yes	ok
Cxcl1	Cxcl1 (C-X-C motif chemokine ligand 1) LPS macrophage	s_b4d5b980	2026-09-25T15:50:35Z	17	PMC12255738	CX3CL1 promotes M1 macrophage polarization and osteoclast differentiation via NSUN5-mediated m5C modification	no	ok
Cxcl1	Cxcl1 (C-X-C motif chemokine ligand 1) LPS macrophage	s_b4d5b980	2026-09-25T15:50:35Z	18	PMC8778739	C-X-C receptor 7 agonist acts as a C-X-C motif chemokine ligand 12 inhibitor to ameliorate osteoclastogenesis and bone resorption	no	ok
Cxcl1	Cxcl1 (C-X-C motif chemokine ligand 1) LPS macrophage	s_b4d5b980	2026-09-25T15:50:35Z	19	PMC7476967	CXCL13 Is Involved in the Lipopolysaccharide-Induced Hyperpermeability of Umbilical Vein Endothelial Cells	no	ok
Cxcl1	Cxcl1 (C-X-C motif chemokine ligand 1) LPS macrophage	s_b4d5b980	2026-09-25T15:50:35Z	20	PMC6597445	Potential Roles of Innate Immune Chemokine and Cytokine Network on Lipopolysaccharide-Based Therapeutic Approach in Ovarian Cancer	yes	ok
Cxcl1	Cxcl1 (C-X-C motif chemokine ligand 1) LPS macrophage	s_b4d5b980	2026-09-25T15:50:35Z	21	PMC12847007	Macrophage TRIM21 lactylation exacerbates infection-induced orchitis through enhancing STAT1-mediated CXCL9 and CXCL10 production	no	ok
Cxcl1	Cxcl1 (C-X-C motif chemokine ligand 1) LPS macrophage	s_b4d5b980	2026-09-25T15:50:35Z	22	PMC6874098	XIAOPI Formula Inhibits Breast Cancer Stem Cells via Suppressing Tumor-Associated Macrophages/C-X-C Motif Chemokine Ligand 1 Pathway	no	ok
Cxcl1	Cxcl1 (C-X-C motif chemokine ligand 1) LPS macrophage	s_b4d5b980	2026-09-25T15:50:35Z	23	PMC6679226	Differential Protein Expression Profiles of Bronchoalveolar Lavage Fluid Following Lipopolysaccharide-Induced Direct and Indirect Lung Injury in Mice	no	ok
Cxcl1	Cxcl1 (C-X-C motif chemokine ligand 1) LPS macrophage	s_b4d5b980	2026-09-25T15:50:35Z	24	PMC9820720	The Potential Importance of CXCL1 in the Physiological State and in Noncancer Diseases of the Cardiovascular System, Respiratory System and Skin	no	ok
Cxcl1	Cxcl1 (C-X-C motif chemokine ligand 1) LPS macrophage	s_b4d5b980	2026-09-25T15:50:35Z	25	PMC7524372	Cathelicidin-mediated lipopolysaccharide signaling via intracellular TLR4 in colonic epithelial cells evokes CXCL8 production	yes	ok
Tarm1	Tarm1 (T cell-interacting, activating receptor on myeloid cells 1) LPS macrophage	s_bebc3c87	2026-09-25T15:50:55Z	1	PMC11702950	Macrophage autophagy protects against acute kidney injury by inhibiting renal inflammation through the degradation of TARM1	yes	ok
Tarm1	Tarm1 (T cell-interacting, activating receptor on myeloid cells 1) LPS macrophage	s_bebc3c87	2026-09-25T15:50:55Z	2	PMC12608911	Triggering Receptor Expressed on Myeloid Cells-1 (TREM-1) in Inflammation and Disease: Mechanisms, Therapeutic Potential, and Future Directions	no	ok
Tarm1	Tarm1 (T cell-interacting, activating receptor on myeloid cells 1) LPS macrophage	s_bebc3c87	2026-09-25T15:50:55Z	3	PMC2394514	Expression analysis of G Protein-Coupled Receptors in mouse macrophages	no	ok
Tarm1	Tarm1 (T cell-interacting, activating receptor on myeloid cells 1) LPS macrophage	s_bebc3c87	2026-09-25T15:50:55Z	4	PMC7053374	Corrigendum: Macrophage Polarization: Different Gene Signatures in M1(LPS+) vs. Classically and M2(LPS–) vs. Alternatively Activated Macrophages	no	ok
Tarm1	Tarm1 (T cell-interacting, activating receptor on myeloid cells 1) LPS macrophage	s_bebc3c87	2026-09-25T15:50:55Z	5	PMC6543837	Macrophage Polarization: Different Gene Signatures in M1(LPS+) vs. Classically and M2(LPS–) vs. Alternatively Activated Macrophages	no	ok
Tarm1	Tarm1 (T cell-interacting, activating receptor on myeloid cells 1) LPS macrophage	s_bebc3c87	2026-09-25T15:50:55Z	6	PMC5775731	Expression of Siglec-E Alters the Proteome of Lipopolysaccharide (LPS)-Activated Macrophages but Does Not Affect LPS-Driven Cytokine Production or Toll-Like Receptor 4 Endocytosis	no	ok
Tarm1	Tarm1 (T cell-interacting, activating receptor on myeloid cells 1) LPS macrophage	s_bebc3c87	2026-09-25T15:50:55Z	7	PMC13096691	Physical exercise mitigates chronic psychological stress‐induced vascular inflammation via the BDNF–Kif4–TARM1 axis	no	ok
Tarm1	Tarm1 (T cell-interacting, activating receptor on myeloid cells 1) LPS macrophage	s_bebc3c87	2026-09-25T15:50:55Z	8	PMC7026307	Commentary: Triggering Receptor Expressed on Myeloid Cells-1 Inhibitor Targeted to Endothelium Decreases Cell Activation	no	ok
Tarm1	Tarm1 (T cell-interacting, activating receptor on myeloid cells 1) LPS macrophage	s_bebc3c87	2026-09-25T15:50:55Z	9	PMC10653702	Gut microbiota and tumor-associated macrophages: potential in tumor diagnosis and treatment	no	ok
Tarm1	Tarm1 (T cell-interacting, activating receptor on myeloid cells 1) LPS macrophage	s_bebc3c87	2026-09-25T15:50:55Z	10	PMC13372918	Lipopolysaccharide-mediated macrophage polarization, conserved pathogenesis, and implications for peripheral neuropathy: a systematic review	no	ok
Tarm1	Tarm1 (T cell-interacting, activating receptor on myeloid cells 1) LPS macrophage	s_bebc3c87	2026-09-25T15:50:55Z	11	PMC10167635	Induction of unique macrophage subset by simultaneous stimulation with LPS and IL-4	no	ok
Tarm1	Tarm1 (T cell-interacting, activating receptor on myeloid cells 1) LPS macrophage	s_bebc3c87	2026-09-25T15:50:55Z	12	PMC3333514	Monocyte normal immune response to LPS stimulation	no	ok
Tarm1	Tarm1 (T cell-interacting, activating receptor on myeloid cells 1) LPS macrophage	s_bebc3c87	2026-09-25T15:50:55Z	13	PMC11994614	Oral and transdermal administration of lipopolysaccharide safely enhances self-healing ability through the macrophage network	no	ok
Tarm1	Tarm1 (T cell-interacting, activating receptor on myeloid cells 1) LPS macrophage	s_bebc3c87	2026-09-25T15:50:55Z	14	PMC9656053	A Global Picture of Molecular Changes Associated to LPS Treatment in THP-1 Derived Human Macrophages by Fourier Transform Infrared Microspectroscopy	no	ok
Tarm1	Tarm1 (T cell-interacting, activating receptor on myeloid cells 1) LPS macrophage	s_bebc3c87	2026-09-25T15:50:55Z	15	PMC4637344	A New Triggering Receptor Expressed on Myeloid Cells (TREM) Family Member, TLT-6, is Involved in Activation and Proliferation of Macrophages	no	ok
Tarm1	Tarm1 (T cell-interacting, activating receptor on myeloid cells 1) LPS macrophage	s_bebc3c87	2026-09-25T15:50:55Z	16	PMC9456100	Lipopolysaccharide from Porphyromonas gingivalis, but Not from Porphyromonas endodontalis, Induces Macrophage M1 Profile	no	ok
Tarm1	Tarm1 (T cell-interacting, activating receptor on myeloid cells 1) LPS macrophage	s_bebc3c87	2026-09-25T15:50:55Z	17	PMC6514734	TET1 Knockdown Inhibits Porphyromonas gingivalis LPS/IFN-γ-Induced M1 Macrophage Polarization through the NF-κB Pathway in THP-1 Cells	no	ok
Tarm1	Tarm1 (T cell-interacting, activating receptor on myeloid cells 1) LPS macrophage	s_bebc3c87	2026-09-25T15:50:55Z	18	PMC4695100	Hyperinflammation, T cells, and endotoxemia	no	ok
Tarm1	Tarm1 (T cell-interacting, activating receptor on myeloid cells 1) LPS macrophage	s_bebc3c87	2026-09-25T15:50:55Z	19	PMC7386301	Species-Specificity of Transcriptional Regulation and the Response to Lipopolysaccharide in Mammalian Macrophages	no	ok
Tarm1	Tarm1 (T cell-interacting, activating receptor on myeloid cells 1) LPS macrophage	s_bebc3c87	2026-09-25T15:50:55Z	20	PMC10091190	LPS combined with CD47mAb enhances the anti‑osteosarcoma ability of macrophages	no	ok
Tarm1	Tarm1 (T cell-interacting, activating receptor on myeloid cells 1) LPS macrophage	s_bebc3c87	2026-09-25T15:50:55Z	21	PMC6312652	Inhibition of Triggering Receptor Expressed on Myeloid Cells 1 Ameliorates Inflammation and Macrophage and Neutrophil Activation in Alcoholic Liver Disease in Mice	no	ok
Tarm1	Tarm1 (T cell-interacting, activating receptor on myeloid cells 1) LPS macrophage	s_bebc3c87	2026-09-25T15:50:55Z	22	PMC8289208	Lipopolysaccharide from biofilm-forming Pseudomonas aeruginosa PAO1 induces macrophage hyperinflammatory responses	no	ok
Tarm1	Tarm1 (T cell-interacting, activating receptor on myeloid cells 1) LPS macrophage	s_bebc3c87	2026-09-25T15:50:55Z	23	PMC6801141	TREM‐1 deficiency attenuates the inflammatory responses in LPS‐induced murine endometritis	no	ok
Tarm1	Tarm1 (T cell-interacting, activating receptor on myeloid cells 1) LPS macrophage	s_bebc3c87	2026-09-25T15:50:55Z	24	PMC6533032	Macrophage subsets exhibit distinct E. coli-LPS tolerisable cytokines associated with the negative regulators, IRAK-M and Tollip	no	ok
Tarm1	Tarm1 (T cell-interacting, activating receptor on myeloid cells 1) LPS macrophage	s_bebc3c87	2026-09-25T15:50:55Z	25	PMC10419197	Lipopolysaccharide Tolerance in Human Primary Monocytes and Polarized Macrophages	no	ok
Cxcl3	Cxcl3 (C-X-C motif chemokine ligand 3) LPS macrophage	s_037a1293	2026-09-25T15:51:00Z	1	PMC12557704	USP7-mediated stabilization of CXCL3 aggravates inflammation in models of acute lung injury	yes	ok
Cxcl3	Cxcl3 (C-X-C motif chemokine ligand 3) LPS macrophage	s_037a1293	2026-09-25T15:51:00Z	2	PMC1781469	Transcriptional profiling of the LPS induced NF-κB response in macrophages	no	ok
Cxcl3	Cxcl3 (C-X-C motif chemokine ligand 3) LPS macrophage	s_037a1293	2026-09-25T15:51:00Z	3	PMC12562522	HCX3 Mitigates LPS-Induced Inflammatory Responses in Macrophages by Suppressing the Activation of the NF-κB Signaling Pathway	no	ok
Cxcl3	Cxcl3 (C-X-C motif chemokine ligand 3) LPS macrophage	s_037a1293	2026-09-25T15:51:00Z	4	PMC12715969	Periodontitis salivary microbiota exacerbates colitis by CXCL3 derived from gut microbiota-induced macrophages	no	ok
Cxcl3	Cxcl3 (C-X-C motif chemokine ligand 3) LPS macrophage	s_037a1293	2026-09-25T15:51:00Z	5	PMC6219809	Prevention of lipopolysaccharide-induced preterm labor by the lack of CX3CL1-CX3CR1 interaction in mice	no	ok
Cxcl3	Cxcl3 (C-X-C motif chemokine ligand 3) LPS macrophage	s_037a1293	2026-09-25T15:51:00Z	6	PMC6274997	Transcriptome Analysis Provides Insights into the Markers of Resting and LPS-Activated Macrophages in Grass Carp (Ctenopharyngodon idella)	no	ok
Cxcl3	Cxcl3 (C-X-C motif chemokine ligand 3) LPS macrophage	s_037a1293	2026-09-25T15:51:00Z	7	PMC9077289	Myometrial‐derived CXCL12 promotes lipopolysaccharide induced preterm labour by regulating macrophage migration, polarization and function in mice	no	ok
Cxcl3	Cxcl3 (C-X-C motif chemokine ligand 3) LPS macrophage	s_037a1293	2026-09-25T15:51:00Z	8	PMC10341832	C-X-C Motif Chemokine 3 Promotes the Inflammatory Response of Microglia after Escherichia coli-Induced Meningitis	yes	ok
Cxcl3	Cxcl3 (C-X-C motif chemokine ligand 3) LPS macrophage	s_037a1293	2026-09-25T15:51:00Z	9	PMC4378362	Analysis of the transcriptional networks underpinning the activation of murine macrophages by inflammatory mediators	no	ok
Cxcl3	Cxcl3 (C-X-C motif chemokine ligand 3) LPS macrophage	s_037a1293	2026-09-25T15:51:00Z	10	PMC11018209	Effect of connexin 43 in LPS/IL-4-induced macrophage M1/M2 polarization: An observational study	no	ok
Cxcl3	Cxcl3 (C-X-C motif chemokine ligand 3) LPS macrophage	s_037a1293	2026-09-25T15:51:00Z	11	PMC9225349	Anti-Inflammatory Effects of Cicadidae Periostracum Extract and Oleic Acid through Inhibiting Inflammatory Chemokines Using PCR Arrays in LPS-Induced Lung inflammation In Vitro	yes	ok
Cxcl3	Cxcl3 (C-X-C motif chemokine ligand 3) LPS macrophage	s_037a1293	2026-09-25T15:51:00Z	12	PMC12139310	Macrophages generated in 3D mechanical microenvironment contribute to recruiting Peritonitis-associated neutrophils in vivo	no	ok
Cxcl3	Cxcl3 (C-X-C motif chemokine ligand 3) LPS macrophage	s_037a1293	2026-09-25T15:51:00Z	13	PMC5207674	CXCL10/IP-10 Neutralization Can Ameliorate Lipopolysaccharide-Induced Acute Respiratory Distress Syndrome in Rats	no	ok
Cxcl3	Cxcl3 (C-X-C motif chemokine ligand 3) LPS macrophage	s_037a1293	2026-09-25T15:51:00Z	14	PMC12255738	CX3CL1 promotes M1 macrophage polarization and osteoclast differentiation via NSUN5-mediated m5C modification	no	ok
Cxcl3	Cxcl3 (C-X-C motif chemokine ligand 3) LPS macrophage	s_037a1293	2026-09-25T15:51:00Z	15	PMC12847948	CX3CL1 deficiency ameliorates acute kidney injury by inhibiting macrophage mitochondrial dysfunction and mtDNA-cGAS-STING signaling	no	ok
Cxcl3	Cxcl3 (C-X-C motif chemokine ligand 3) LPS macrophage	s_037a1293	2026-09-25T15:51:00Z	16	PMC11195639	Induction of CX3CL1 expression by LPS and its impact on invasion and migration in oral squamous cell carcinoma	no	ok
Cxcl3	Cxcl3 (C-X-C motif chemokine ligand 3) LPS macrophage	s_037a1293	2026-09-25T15:51:00Z	17	PMC6543837	Macrophage Polarization: Different Gene Signatures in M1(LPS+) vs. Classically and M2(LPS–) vs. Alternatively Activated Macrophages	no	ok
Cxcl3	Cxcl3 (C-X-C motif chemokine ligand 3) LPS macrophage	s_037a1293	2026-09-25T15:51:00Z	18	PMC7053374	Corrigendum: Macrophage Polarization: Different Gene Signatures in M1(LPS+) vs. Classically and M2(LPS–) vs. Alternatively Activated Macrophages	no	ok
Cxcl3	Cxcl3 (C-X-C motif chemokine ligand 3) LPS macrophage	s_037a1293	2026-09-25T15:51:00Z	19	PMC3333514	Monocyte normal immune response to LPS stimulation	no	ok
Cxcl3	Cxcl3 (C-X-C motif chemokine ligand 3) LPS macrophage	s_037a1293	2026-09-25T15:51:00Z	20	PMC4771101	Baicalin exerts protective effects against lipopolysaccharide-induced acute lung injury by regulating the crosstalk between the CX3CL1-CX3CR1 axis and NF-κB pathway in CX3CL1-knockout mice	no	ok
Cxcl3	Cxcl3 (C-X-C motif chemokine ligand 3) LPS macrophage	s_037a1293	2026-09-25T15:51:00Z	21	PMC3953056	Epigenetic profile in lipopolysaccharide-stimulated macrophages	no	ok
Cxcl3	Cxcl3 (C-X-C motif chemokine ligand 3) LPS macrophage	s_037a1293	2026-09-25T15:51:00Z	22	PMC7476967	CXCL13 Is Involved in the Lipopolysaccharide-Induced Hyperpermeability of Umbilical Vein Endothelial Cells	no	ok
Cxcl3	Cxcl3 (C-X-C motif chemokine ligand 3) LPS macrophage	s_037a1293	2026-09-25T15:51:00Z	23	PMC6154519	TLR4/MyD88 -mediated CCL2 production by lipopolysaccharide (endotoxin): Implications for metabolic inflammation	no	ok
Cxcl3	Cxcl3 (C-X-C motif chemokine ligand 3) LPS macrophage	s_037a1293	2026-09-25T15:51:00Z	24	PMC7576310	LKB1‐MARK2 signalling mediates lipopolysaccharide‐induced production of cytokines in mouse macrophages	no	ok
Cxcl3	Cxcl3 (C-X-C motif chemokine ligand 3) LPS macrophage	s_037a1293	2026-09-25T15:51:00Z	25	PMC8155903	Differential mRNA and miRNA Profiles Reveal the Potential Roles of Genes and miRNAs Involved in LPS Infection in Chicken Macrophages	no	ok
Ccl17	Ccl17 (C-C motif chemokine ligand 17) LPS macrophage	s_5e3022fd	2026-09-25T15:51:19Z	1	PMC6543837	Macrophage Polarization: Different Gene Signatures in M1(LPS+) vs. Classically and M2(LPS–) vs. Alternatively Activated Macrophages	no	ok
Ccl17	Ccl17 (C-C motif chemokine ligand 17) LPS macrophage	s_5e3022fd	2026-09-25T15:51:19Z	2	PMC10384579	Early-Life Exposure to Lipopolysaccharide Induces Persistent Changes in Gene Expression Profiles in the Liver and Spleen of Female FVB/N Mice	yes	ok
Ccl17	Ccl17 (C-C motif chemokine ligand 17) LPS macrophage	s_5e3022fd	2026-09-25T15:51:19Z	3	PMC2193819	Compartmentalized Production of CCL17 In Vivo	yes	ok
Ccl17	Ccl17 (C-C motif chemokine ligand 17) LPS macrophage	s_5e3022fd	2026-09-25T15:51:19Z	4	PMC4709882	Sepsis induces incomplete M2 phenotype polarization in peritoneal exudate cells in mice	yes	ok
Ccl17	Ccl17 (C-C motif chemokine ligand 17) LPS macrophage	s_5e3022fd	2026-09-25T15:51:19Z	5	PMC9225349	Anti-Inflammatory Effects of Cicadidae Periostracum Extract and Oleic Acid through Inhibiting Inflammatory Chemokines Using PCR Arrays in LPS-Induced Lung inflammation In Vitro	yes	ok
Ccl17	Ccl17 (C-C motif chemokine ligand 17) LPS macrophage	s_5e3022fd	2026-09-25T15:51:19Z	6	PMC2196157	C–C Chemokines Released by Lipopolysaccharide (LPS)-stimulated Human Macrophages Suppress HIV-1 Infection in Both Macrophages and T Cells	no	ok
Ccl17	Ccl17 (C-C motif chemokine ligand 17) LPS macrophage	s_5e3022fd	2026-09-25T15:51:19Z	7	PMC12634754	SENP3 mediated DeSUMOylation of macrophage derived CCL17 accelerates atherosclerosis via regulation of Treg	no	ok
Ccl17	Ccl17 (C-C motif chemokine ligand 17) LPS macrophage	s_5e3022fd	2026-09-25T15:51:19Z	8	PMC1698493	Interleukin-4 induction of the CC chemokine TARC (CCL17) in murine macrophages is mediated by multiple STAT6 sites in the TARC gene promoter	no	ok
Ccl17	Ccl17 (C-C motif chemokine ligand 17) LPS macrophage	s_5e3022fd	2026-09-25T15:51:19Z	9	PMC3660024	Comparative Study of The Effect of LPS on The Function of BALB/c and C57BL/6 Peritoneal Macrophages	no	ok
Ccl17	Ccl17 (C-C motif chemokine ligand 17) LPS macrophage	s_5e3022fd	2026-09-25T15:51:19Z	10	PMC6154519	TLR4/MyD88 -mediated CCL2 production by lipopolysaccharide (endotoxin): Implications for metabolic inflammation	no	ok
Ccl17	Ccl17 (C-C motif chemokine ligand 17) LPS macrophage	s_5e3022fd	2026-09-25T15:51:19Z	11	PMC7053374	Corrigendum: Macrophage Polarization: Different Gene Signatures in M1(LPS+) vs. Classically and M2(LPS–) vs. Alternatively Activated Macrophages	no	ok
Ccl17	Ccl17 (C-C motif chemokine ligand 17) LPS macrophage	s_5e3022fd	2026-09-25T15:51:19Z	12	PMC6274997	Transcriptome Analysis Provides Insights into the Markers of Resting and LPS-Activated Macrophages in Grass Carp (Ctenopharyngodon idella)	no	ok
Ccl17	Ccl17 (C-C motif chemokine ligand 17) LPS macrophage	s_5e3022fd	2026-09-25T15:51:19Z	13	PMC12020124	Serum C-C motif chemokine ligand 17 as a predictive biomarker for the progression of non-idiopathic pulmonary fibrosis interstitial lung disease	no	ok
Ccl17	Ccl17 (C-C motif chemokine ligand 17) LPS macrophage	s_5e3022fd	2026-09-25T15:51:19Z	14	PMC5622065	IL-17A induces heterogeneous macrophages, and it does not alter the effects of lipopolysaccharides on macrophage activation in the skin of mice	no	ok
Ccl17	Ccl17 (C-C motif chemokine ligand 17) LPS macrophage	s_5e3022fd	2026-09-25T15:51:19Z	15	PMC10179235	Role of Fibroblasts in Chronic Inflammatory Signalling in Chronic Rhinosinusitis with Nasal Polyps—A Systematic Review	yes	ok
Ccl17	Ccl17 (C-C motif chemokine ligand 17) LPS macrophage	s_5e3022fd	2026-09-25T15:51:19Z	16	PMC11271943	Imbalance polarization of M1/M2 macrophages in miscarried uterus	no	ok
Ccl17	Ccl17 (C-C motif chemokine ligand 17) LPS macrophage	s_5e3022fd	2026-09-25T15:51:19Z	17	PMC12287273	Screening of the FDA-approved drug library identifies CCL17 inhibitors that block arthritic pain	no	ok
Ccl17	Ccl17 (C-C motif chemokine ligand 17) LPS macrophage	s_5e3022fd	2026-09-25T15:51:19Z	18	bio_20c64eb77894	CHEMOKINE SIGNALING IN BREAST CANCER: FOCUS ON CC-MOTIF CHEMOKINE LIGANDS	no	ok
Ccl17	Ccl17 (C-C motif chemokine ligand 17) LPS macrophage	s_5e3022fd	2026-09-25T15:51:19Z	19	PMC8990115	Is CC Chemokine Ligand 17 (TARC) Driving Disease Progression in Chronic Obstructive Pulmonary Disease?	no	ok
Ccl17	Ccl17 (C-C motif chemokine ligand 17) LPS macrophage	s_5e3022fd	2026-09-25T15:51:19Z	20	PMC9456100	Lipopolysaccharide from Porphyromonas gingivalis, but Not from Porphyromonas endodontalis, Induces Macrophage M1 Profile	no	ok
Ccl17	Ccl17 (C-C motif chemokine ligand 17) LPS macrophage	s_5e3022fd	2026-09-25T15:51:19Z	21	PMC12757465	Impact of low and high lipopolysaccharide doses on the early expression of immune related genes and transcription factors in chicken macrophage-like HD11 cells	no	ok
Ccl17	Ccl17 (C-C motif chemokine ligand 17) LPS macrophage	s_5e3022fd	2026-09-25T15:51:19Z	22	bio_5c77e2ab6bff	Enhancing Cardiac Reprogramming by Suppressing Specific C-C Chemokine Signaling Pathways	no	ok
Ccl17	Ccl17 (C-C motif chemokine ligand 17) LPS macrophage	s_5e3022fd	2026-09-25T15:51:19Z	23	PMC8406035	Redox-sensitive activation of CCL7 by BRG1 in hepatocytes during liver injury	no	ok
Ccl17	Ccl17 (C-C motif chemokine ligand 17) LPS macrophage	s_5e3022fd	2026-09-25T15:51:19Z	24	PMC13199726	Exosomal miR-148a-3p from LPS-Activated Macrophages Promotes M1 Polarization and Ferroptosis-Related Characteristics of Recipient Macrophages by Reducing SLC7A11	no	ok
Ccl17	Ccl17 (C-C motif chemokine ligand 17) LPS macrophage	s_5e3022fd	2026-09-25T15:51:19Z	25	PMC9656053	A Global Picture of Molecular Changes Associated to LPS Treatment in THP-1 Derived Human Macrophages by Fourier Transform Infrared Microspectroscopy	no	ok
Rasgrp1	Rasgrp1 (RAS guanyl releasing protein 1) LPS macrophage	s_34da7383	2026-09-25T15:51:25Z	1	PMC4143924	RasGRP3 limits Toll-like receptor-triggered inflammatory response in macrophages by activating Rap1 small GTPase	yes	ok
Rasgrp1	Rasgrp1 (RAS guanyl releasing protein 1) LPS macrophage	s_34da7383	2026-09-25T15:51:25Z	2	bio_eb63fe517001	Ras guanine nucleotide exchange factor RasGRP1 promotes acute inflammatory response and restricts inflammation-contributed cancer cell growth	yes	ok
Rasgrp1	Rasgrp1 (RAS guanyl releasing protein 1) LPS macrophage	s_34da7383	2026-09-25T15:51:25Z	3	PMC8860163	RasGRP Exacerbates Lipopolysaccharide-Induced Acute Kidney Injury Through Regulation of ERK Activation	yes	ok
Rasgrp1	Rasgrp1 (RAS guanyl releasing protein 1) LPS macrophage	s_34da7383	2026-09-25T15:51:25Z	4	PMC7329810	Nurr1 performs its anti-inflammatory function by regulating RasGRP1 expression in neuro-inflammation	yes	ok
Rasgrp1	Rasgrp1 (RAS guanyl releasing protein 1) LPS macrophage	s_34da7383	2026-09-25T15:51:25Z	5	PMC5743190	Lipopolysaccharide-induced inflammation in monocytes/macrophages is blocked by liposomal delivery of Gi-protein inhibitor	no	ok
Rasgrp1	Rasgrp1 (RAS guanyl releasing protein 1) LPS macrophage	s_34da7383	2026-09-25T15:51:25Z	6	PMC10638313	Transcriptomic analysis reveals that RasGEF1b deletion alters basal and LPS-induced expression of genes involved in chemotaxis and cytokine responses in macrophages	no	ok
Rasgrp1	Rasgrp1 (RAS guanyl releasing protein 1) LPS macrophage	s_34da7383	2026-09-25T15:51:25Z	7	PMC6543837	Macrophage Polarization: Different Gene Signatures in M1(LPS+) vs. Classically and M2(LPS–) vs. Alternatively Activated Macrophages	no	ok
Rasgrp1	Rasgrp1 (RAS guanyl releasing protein 1) LPS macrophage	s_34da7383	2026-09-25T15:51:25Z	8	PMC10530606	Citri Reticulatae Pericarpium Limits TLR-4-Triggered Inflammatory Response in Raw264.7 Macrophages by Activating RasGRP3	no	ok
Rasgrp1	Rasgrp1 (RAS guanyl releasing protein 1) LPS macrophage	s_34da7383	2026-09-25T15:51:25Z	9	PMC5332015	Genome-wide siRNA screen of genes regulating the LPS-induced NF-κB and TNF-α responses in mouse macrophages	no	ok
Rasgrp1	Rasgrp1 (RAS guanyl releasing protein 1) LPS macrophage	s_34da7383	2026-09-25T15:51:25Z	10	PMC9669001	RasGRP1 promotes the acute inflammatory response and restricts inflammation-associated cancer cell growth	yes	ok
Rasgrp1	Rasgrp1 (RAS guanyl releasing protein 1) LPS macrophage	s_34da7383	2026-09-25T15:51:25Z	11	PMC4794117	CD117+ Dendritic and Mast Cells Are Dependent on RasGRP4 to Function as Accessory Cells for Optimal Natural Killer Cell-Mediated Responses to Lipopolysaccharide	no	ok
Rasgrp1	Rasgrp1 (RAS guanyl releasing protein 1) LPS macrophage	s_34da7383	2026-09-25T15:51:25Z	12	PMC4378362	Analysis of the transcriptional networks underpinning the activation of murine macrophages by inflammatory mediators	no	ok
Rasgrp1	Rasgrp1 (RAS guanyl releasing protein 1) LPS macrophage	s_34da7383	2026-09-25T15:51:25Z	13	PMC7053374	Corrigendum: Macrophage Polarization: Different Gene Signatures in M1(LPS+) vs. Classically and M2(LPS–) vs. Alternatively Activated Macrophages	no	ok
Rasgrp1	Rasgrp1 (RAS guanyl releasing protein 1) LPS macrophage	s_34da7383	2026-09-25T15:51:25Z	14	bio_13d78d916c10	Mechanistic characterization of  RASGRP1  variants identifies an hnRNP K-regulated transcriptional enhancer contributing to SLE susceptibility	no	ok
Rasgrp1	Rasgrp1 (RAS guanyl releasing protein 1) LPS macrophage	s_34da7383	2026-09-25T15:51:25Z	15	PMC5612941	Transcriptomic analysis of the role of RasGEF1B circular RNA in the TLR4/LPS pathway	no	ok
Rasgrp1	Rasgrp1 (RAS guanyl releasing protein 1) LPS macrophage	s_34da7383	2026-09-25T15:51:25Z	16	PMC2394514	Expression analysis of G Protein-Coupled Receptors in mouse macrophages	no	ok
Rasgrp1	Rasgrp1 (RAS guanyl releasing protein 1) LPS macrophage	s_34da7383	2026-09-25T15:51:25Z	17	PMC3953056	Epigenetic profile in lipopolysaccharide-stimulated macrophages	no	ok
Rasgrp1	Rasgrp1 (RAS guanyl releasing protein 1) LPS macrophage	s_34da7383	2026-09-25T15:51:25Z	18	PMC13240410	RASGRP1 Deficiency Manifesting as Severe Vasculopathy and Fatal Autoimmune Hemolytic Anemia	no	ok
Rasgrp1	Rasgrp1 (RAS guanyl releasing protein 1) LPS macrophage	s_34da7383	2026-09-25T15:51:25Z	19	PMC3373593	Regulation of RasGRP1 Function in T Cell Development and Activation by Its Unique Tail Domain	no	ok
Rasgrp1	Rasgrp1 (RAS guanyl releasing protein 1) LPS macrophage	s_34da7383	2026-09-25T15:51:25Z	20	PMC3836764	Critical Role of Regulator G-Protein Signaling 10 (RGS10) in Modulating Macrophage M1/M2 Activation	no	ok
Rasgrp1	Rasgrp1 (RAS guanyl releasing protein 1) LPS macrophage	s_34da7383	2026-09-25T15:51:25Z	21	PMC3333514	Monocyte normal immune response to LPS stimulation	no	ok
Rasgrp1	Rasgrp1 (RAS guanyl releasing protein 1) LPS macrophage	s_34da7383	2026-09-25T15:51:25Z	22	PMC2192101	Activation of Raf-1 and mitogen-activated protein kinase in murine macrophages partially mimics lipopolysaccharide-induced signaling events	no	ok
Rasgrp1	Rasgrp1 (RAS guanyl releasing protein 1) LPS macrophage	s_34da7383	2026-09-25T15:51:25Z	23	PMC1781469	Transcriptional profiling of the LPS induced NF-κB response in macrophages	no	ok
Rasgrp1	Rasgrp1 (RAS guanyl releasing protein 1) LPS macrophage	s_34da7383	2026-09-25T15:51:25Z	24	PMC10352603	Targeting RAS guanyl releasing protein 1 promotes T lymphocytes infiltrations and improves anti‐programmed death receptor ligand 1 therapy response of triple‐negative breast cancer	no	ok
Rasgrp1	Rasgrp1 (RAS guanyl releasing protein 1) LPS macrophage	s_34da7383	2026-09-25T15:51:25Z	25	PMC9656053	A Global Picture of Molecular Changes Associated to LPS Treatment in THP-1 Derived Human Macrophages by Fourier Transform Infrared Microspectroscopy	no	ok
Iigp1	Iigp1 (interferon inducible GTPase 1) LPS macrophage	s_375456bc	2026-09-25T15:51:28Z	1	PMC6492923	IFIT1 Exerts Opposing Regulatory Effects on the Inflammatory and Interferon Gene Programs in LPS-Activated Human Macrophages	no	ok
Iigp1	Iigp1 (interferon inducible GTPase 1) LPS macrophage	s_375456bc	2026-09-25T15:51:28Z	2	PMC8794175	Role of interferon-induced GTPases in leishmaniasis	no	ok
Iigp1	Iigp1 (interferon inducible GTPase 1) LPS macrophage	s_375456bc	2026-09-25T15:51:28Z	3	PMC11606192	IRF2 Affects LPS- and IFN-γ-Induced Pro-Inflammatory Responses, Cell Viability, Migration and Apoptosis of Macrophages by Regulating IRG1	no	ok
Iigp1	Iigp1 (interferon inducible GTPase 1) LPS macrophage	s_375456bc	2026-09-25T15:51:28Z	4	PMC1781469	Transcriptional profiling of the LPS induced NF-κB response in macrophages	no	ok
Iigp1	Iigp1 (interferon inducible GTPase 1) LPS macrophage	s_375456bc	2026-09-25T15:51:28Z	5	PMC6016484	ARL11 regulates lipopolysaccharide-stimulated macrophage activation by promoting mitogen-activated protein kinase (MAPK) signaling	no	ok
Iigp1	Iigp1 (interferon inducible GTPase 1) LPS macrophage	s_375456bc	2026-09-25T15:51:28Z	6	PMC4163629	An essential role for IFN-β in the induction of IFN-stimulated gene expression by LPS in macrophages	no	ok
Iigp1	Iigp1 (interferon inducible GTPase 1) LPS macrophage	s_375456bc	2026-09-25T15:51:28Z	7	PMC4951018	Full Spectrum of LPS Activation in Alveolar Macrophages of Healthy Volunteers by Whole Transcriptomic Profiling	no	ok
Iigp1	Iigp1 (interferon inducible GTPase 1) LPS macrophage	s_375456bc	2026-09-25T15:51:28Z	8	PMC6600649	Human GBP1 is a microbe‐specific gatekeeper of macrophage apoptosis and pyroptosis	no	ok
Iigp1	Iigp1 (interferon inducible GTPase 1) LPS macrophage	s_375456bc	2026-09-25T15:51:28Z	9	PMC3019512	Effect of LPS, dsRNA or interferons on the phagocytosis of dying cells or mycobacteria by macrophages	no	ok
Iigp1	Iigp1 (interferon inducible GTPase 1) LPS macrophage	s_375456bc	2026-09-25T15:51:28Z	10	PMC4378362	Analysis of the transcriptional networks underpinning the activation of murine macrophages by inflammatory mediators	no	ok
Iigp1	Iigp1 (interferon inducible GTPase 1) LPS macrophage	s_375456bc	2026-09-25T15:51:28Z	11	PMC8286824	Interferon-induced GTPases orchestrate host cell-autonomous defence against bacterial pathogens	no	ok
Iigp1	Iigp1 (interferon inducible GTPase 1) LPS macrophage	s_375456bc	2026-09-25T15:51:28Z	12	PMC11023693	Type I Interferon, Induced by Adenovirus or Adenoviral Vector Infection, Regulates the Cytokine Response to Lipopolysaccharide in a Macrophage Type-Specific Manner	no	ok
Iigp1	Iigp1 (interferon inducible GTPase 1) LPS macrophage	s_375456bc	2026-09-25T15:51:28Z	13	PMC9656053	A Global Picture of Molecular Changes Associated to LPS Treatment in THP-1 Derived Human Macrophages by Fourier Transform Infrared Microspectroscopy	no	ok
Iigp1	Iigp1 (interferon inducible GTPase 1) LPS macrophage	s_375456bc	2026-09-25T15:51:28Z	14	PMC5358891	Analysis of the human monocyte-derived macrophage transcriptome and response to lipopolysaccharide provides new insights into genetic aetiology of inflammatory bowel disease	no	ok
Iigp1	Iigp1 (interferon inducible GTPase 1) LPS macrophage	s_375456bc	2026-09-25T15:51:28Z	15	PMC5593470	Role of interferon regulatory factor-1 in lipopolysaccharide-induced mitochondrial damage and oxidative stress responses in macrophages	no	ok
Iigp1	Iigp1 (interferon inducible GTPase 1) LPS macrophage	s_375456bc	2026-09-25T15:51:28Z	16	PMC5785964	Down-regulation of guanylate binding protein 1 causes mitochondrial dysfunction and cellular senescence in macrophages	no	ok
Iigp1	Iigp1 (interferon inducible GTPase 1) LPS macrophage	s_375456bc	2026-09-25T15:51:28Z	17	PMC6543837	Macrophage Polarization: Different Gene Signatures in M1(LPS+) vs. Classically and M2(LPS–) vs. Alternatively Activated Macrophages	no	ok
Iigp1	Iigp1 (interferon inducible GTPase 1) LPS macrophage	s_375456bc	2026-09-25T15:51:28Z	18	PMC10419197	Lipopolysaccharide Tolerance in Human Primary Monocytes and Polarized Macrophages	no	ok
Iigp1	Iigp1 (interferon inducible GTPase 1) LPS macrophage	s_375456bc	2026-09-25T15:51:28Z	19	PMC3953056	Epigenetic profile in lipopolysaccharide-stimulated macrophages	no	ok
Iigp1	Iigp1 (interferon inducible GTPase 1) LPS macrophage	s_375456bc	2026-09-25T15:51:28Z	20	PMC7053374	Corrigendum: Macrophage Polarization: Different Gene Signatures in M1(LPS+) vs. Classically and M2(LPS–) vs. Alternatively Activated Macrophages	no	ok
Iigp1	Iigp1 (interferon inducible GTPase 1) LPS macrophage	s_375456bc	2026-09-25T15:51:28Z	21	PMC12901304	Dissection of innate-immune-ligand- and interferon-protein-mediated transcriptional responses in human THP1 cell states	no	ok
Iigp1	Iigp1 (interferon inducible GTPase 1) LPS macrophage	s_375456bc	2026-09-25T15:51:28Z	22	PMC12518975	Six Interferon-Stimulated Genes as Biomarkers of M1 Macrophage Polarization in Psoriasis	no	ok
Iigp1	Iigp1 (interferon inducible GTPase 1) LPS macrophage	s_375456bc	2026-09-25T15:51:28Z	23	PMC13372918	Lipopolysaccharide-mediated macrophage polarization, conserved pathogenesis, and implications for peripheral neuropathy: a systematic review	no	ok
Iigp1	Iigp1 (interferon inducible GTPase 1) LPS macrophage	s_375456bc	2026-09-25T15:51:28Z	24	PMC3333514	Monocyte normal immune response to LPS stimulation	no	ok
Iigp1	Iigp1 (interferon inducible GTPase 1) LPS macrophage	s_375456bc	2026-09-25T15:51:28Z	25	PMC10643899	IRF1 Is Required for MDA5 (IFIH1) Induction by IFN-α, LPS, and poly(I:C) in Murine Macrophages	no	ok
Gbp6	Gbp6 (guanylate binding protein 6) LPS macrophage	s_b19e385d	2026-09-25T15:51:46Z	1	bio_ea6f8a3b6c58	A hierarchical GBP network promotes cytosolic LPS recognition and sepsis	no	ok
Gbp6	Gbp6 (guanylate binding protein 6) LPS macrophage	s_b19e385d	2026-09-25T15:51:46Z	2	PMC7327485	Direct binding of polymeric GBP1 to LPS disrupts bacterial cell envelope functions	no	ok
Gbp6	Gbp6 (guanylate binding protein 6) LPS macrophage	s_b19e385d	2026-09-25T15:51:46Z	3	bio_56e9957f6d01	Pattern Recognition Receptor for Bacterial Lipopolysaccharide in the Cytosol of Human Macrophages	no	ok
Gbp6	Gbp6 (guanylate binding protein 6) LPS macrophage	s_b19e385d	2026-09-25T15:51:46Z	4	PMC10684074	Inhibitory effects of polysaccharides from Korean ginseng berries on LPS-induced RAW264.7 macrophages	no	ok
Gbp6	Gbp6 (guanylate binding protein 6) LPS macrophage	s_b19e385d	2026-09-25T15:51:46Z	5	PMC6600649	Human GBP1 is a microbe‐specific gatekeeper of macrophage apoptosis and pyroptosis	no	ok
Gbp6	Gbp6 (guanylate binding protein 6) LPS macrophage	s_b19e385d	2026-09-25T15:51:46Z	6	PMC6400534	Interferon-induced guanylate-binding proteins: Guardians of host defense in health and disease	no	ok
Gbp6	Gbp6 (guanylate binding protein 6) LPS macrophage	s_b19e385d	2026-09-25T15:51:46Z	7	PMC7566093	A Rapid Caspase-11 Response Induced by IFNγ Priming Is Independent of Guanylate Binding Proteins	no	ok
Gbp6	Gbp6 (guanylate binding protein 6) LPS macrophage	s_b19e385d	2026-09-25T15:51:46Z	8	PMC3953056	Epigenetic profile in lipopolysaccharide-stimulated macrophages	no	ok
Gbp6	Gbp6 (guanylate binding protein 6) LPS macrophage	s_b19e385d	2026-09-25T15:51:46Z	9	PMC5626967	Inflammasome Activation by Bacterial Outer Membrane Vesicles Requires Guanylate Binding Proteins	no	ok
Gbp6	Gbp6 (guanylate binding protein 6) LPS macrophage	s_b19e385d	2026-09-25T15:51:46Z	10	PMC3333514	Monocyte normal immune response to LPS stimulation	no	ok
Gbp6	Gbp6 (guanylate binding protein 6) LPS macrophage	s_b19e385d	2026-09-25T15:51:46Z	11	PMC13372814	GBP1 recruitment to actin-rich pedestals of extracellular Gram-negative bacteria promotes pyroptosis	no	ok
Gbp6	Gbp6 (guanylate binding protein 6) LPS macrophage	s_b19e385d	2026-09-25T15:51:46Z	12	bio_0ddf65ba9122	GBP1 recruitment to actin-rich pedestals induced by extracellular Gram-negative bacteria promotes pyroptosis	no	ok
Gbp6	Gbp6 (guanylate binding protein 6) LPS macrophage	s_b19e385d	2026-09-25T15:51:46Z	13	PMC5627409	Selection of reliable reference genes for the normalisation of gene expression levels following time course LPS stimulation of murine bone marrow derived macrophages	no	ok
Gbp6	Gbp6 (guanylate binding protein 6) LPS macrophage	s_b19e385d	2026-09-25T15:51:46Z	14	PMC13375705	GBP5 Aggravates Acute Lung Injury Via NLRP3 Inflammasome Activation While Inducing a HIF-1α–CD73–adenosine Feedback Loop	no	ok
Gbp6	Gbp6 (guanylate binding protein 6) LPS macrophage	s_b19e385d	2026-09-25T15:51:46Z	15	PMC10104521	LPS-aggregating proteins GBP1 and GBP2 are each sufficient to enhance caspase-4 activation both in cellulo and in vitro	no	ok
Gbp6	Gbp6 (guanylate binding protein 6) LPS macrophage	s_b19e385d	2026-09-25T15:51:46Z	16	PMC8573089	The Prognostic and Immunological Value of Guanylate-Binding Proteins in Lower-Grade Glioma: Potential Markers or Not?	no	ok
Gbp6	Gbp6 (guanylate binding protein 6) LPS macrophage	s_b19e385d	2026-09-25T15:51:46Z	17	PMC11994402	Extracellular vesicle-packaged GBP2 from macrophages aggravates sepsis-induced acute lung injury by promoting ferroptosis in pulmonary vascular endothelial cells	no	ok
Gbp6	Gbp6 (guanylate binding protein 6) LPS macrophage	s_b19e385d	2026-09-25T15:51:46Z	18	PMC13059736	Guanylate-binding proteins balance iNOS/Arg-1 in myeloid cells during L. major infection and promote host defense to infection	no	ok
Gbp6	Gbp6 (guanylate binding protein 6) LPS macrophage	s_b19e385d	2026-09-25T15:51:46Z	19	PMC12486372	Molecular mechanisms and functions of guanylate-binding protein 2 in inflammation and cancer (Review)	no	ok
Gbp6	Gbp6 (guanylate binding protein 6) LPS macrophage	s_b19e385d	2026-09-25T15:51:46Z	20	PMC4446742	Endotoxin-Binding Peptides Derived from Casein Glycomacropeptide Inhibit Lipopolysaccharide-Stimulated Inflammatory Responses via Blockade of NF-κB activation in macrophages	no	ok
Gbp6	Gbp6 (guanylate binding protein 6) LPS macrophage	s_b19e385d	2026-09-25T15:51:46Z	21	PMC10789631	CTRP6 promotes the macrophage inflammatory response, and its deficiency attenuates LPS-induced inflammation	no	ok
Gbp6	Gbp6 (guanylate binding protein 6) LPS macrophage	s_b19e385d	2026-09-25T15:51:46Z	22	PMC7314798	Human GBP1 binds LPS to initiate assembly of a caspase-4 activating platform on cytosolic bacteria	no	ok
Gbp6	Gbp6 (guanylate binding protein 6) LPS macrophage	s_b19e385d	2026-09-25T15:51:46Z	23	PMC3577878	Granulocyte Colony Stimulating Factor Induces Lipopolysaccharide (LPS) Sensitization via Upregulation of LPS Binding Protein in Rat	no	ok
Gbp6	Gbp6 (guanylate binding protein 6) LPS macrophage	s_b19e385d	2026-09-25T15:51:46Z	24	PMC4470529	Macrophage phenotype in sepsis immunosuppression	no	ok
Gbp6	Gbp6 (guanylate binding protein 6) LPS macrophage	s_b19e385d	2026-09-25T15:51:46Z	25	PMC2189482	Lipopolysaccharide (LPS) binding protein opsonizes LPS-bearing particles for recognition by a novel receptor on macrophages	no	ok
Inhba	Inhba (inhibin beta-A) LPS macrophage	s_b8de6693	2026-09-25T15:51:54Z	1	PMC12043092	Activin A activation of Smad3 mitigates innate inflammation in mouse models of psoriasis and sepsis	yes	ok
Inhba	Inhba (inhibin beta-A) LPS macrophage	s_b8de6693	2026-09-25T15:51:54Z	2	PMC10394090	Identification of INHBA as a potential biomarker for gastric cancer through a comprehensive analysis	no	ok
Inhba	Inhba (inhibin beta-A) LPS macrophage	s_b8de6693	2026-09-25T15:51:54Z	3	PMC9845242	In vivo induction of activin A-producing alveolar macrophages supports the progression of lung cell carcinoma	no	ok
Inhba	Inhba (inhibin beta-A) LPS macrophage	s_b8de6693	2026-09-25T15:51:54Z	4	PMC5147992	A Key Role for Inhibins in Dendritic Cell Maturation and Function	no	ok
Inhba	Inhba (inhibin beta-A) LPS macrophage	s_b8de6693	2026-09-25T15:51:54Z	5	PMC12741050	Inhibin beta A drives colorectal cancer progression through macrophage M2 polarization and mitochondria-dependent ferroptosis suppression	no	ok
Inhba	Inhba (inhibin beta-A) LPS macrophage	s_b8de6693	2026-09-25T15:51:54Z	6	PMC7729633	Expression and role of ABIN1 in sepsis: In vitro and in vivo studies	no	ok
Inhba	Inhba (inhibin beta-A) LPS macrophage	s_b8de6693	2026-09-25T15:51:54Z	7	PMC3660024	Comparative Study of The Effect of LPS on The Function of BALB/c and C57BL/6 Peritoneal Macrophages	no	ok
Inhba	Inhba (inhibin beta-A) LPS macrophage	s_b8de6693	2026-09-25T15:51:54Z	8	PMC12067746	INHBA+ macrophages and Pro-inflammatory CAFs are associated with distinctive immunosuppressive tumor microenvironment in submucous Fibrosis-Derived oral squamous cell carcinoma	no	ok
Inhba	Inhba (inhibin beta-A) LPS macrophage	s_b8de6693	2026-09-25T15:51:54Z	9	PMC8899166	M2‐phenotype tumour‐associated macrophages upregulate the expression of prognostic predictors MMP14 and INHBA in pancreatic cancer	no	ok
Inhba	Inhba (inhibin beta-A) LPS macrophage	s_b8de6693	2026-09-25T15:51:54Z	10	PMC9580937	Increased Expression of INHBA Is Correlated With Poor Prognosis and High Immune Infiltrating Level in Breast Cancer	no	ok
Inhba	Inhba (inhibin beta-A) LPS macrophage	s_b8de6693	2026-09-25T15:51:54Z	11	PMC2119340	Lipopolysaccharide (LPS) partial structures inhibit responses to LPS in a human macrophage cell line without inhibiting LPS uptake by a CD14- mediated pathway	no	ok
Inhba	Inhba (inhibin beta-A) LPS macrophage	s_b8de6693	2026-09-25T15:51:54Z	12	PMC3953056	Epigenetic profile in lipopolysaccharide-stimulated macrophages	no	ok
Inhba	Inhba (inhibin beta-A) LPS macrophage	s_b8de6693	2026-09-25T15:51:54Z	13	PMC13372918	Lipopolysaccharide-mediated macrophage polarization, conserved pathogenesis, and implications for peripheral neuropathy: a systematic review	no	ok
Inhba	Inhba (inhibin beta-A) LPS macrophage	s_b8de6693	2026-09-25T15:51:54Z	14	PMC6885285	Targeting INHBA in Ovarian Cancer Cells Suppresses Cancer Xenograft Growth by Attenuating Stromal Fibroblast Activation	no	ok
Inhba	Inhba (inhibin beta-A) LPS macrophage	s_b8de6693	2026-09-25T15:51:54Z	15	PMC1781469	Transcriptional profiling of the LPS induced NF-κB response in macrophages	no	ok
Inhba	Inhba (inhibin beta-A) LPS macrophage	s_b8de6693	2026-09-25T15:51:54Z	16	PMC12346749	Lipopolysaccharide-Activated Macrophages Suppress Cellular Senescence and Promote Rejuvenation in Human Dermal Fibroblasts	no	ok
Inhba	Inhba (inhibin beta-A) LPS macrophage	s_b8de6693	2026-09-25T15:51:54Z	17	PMC7200988	Lipopolysaccharide modulation of ovarian hormonal profile1	no	ok
Inhba	Inhba (inhibin beta-A) LPS macrophage	s_b8de6693	2026-09-25T15:51:54Z	18	PMC6543837	Macrophage Polarization: Different Gene Signatures in M1(LPS+) vs. Classically and M2(LPS–) vs. Alternatively Activated Macrophages	no	ok
Inhba	Inhba (inhibin beta-A) LPS macrophage	s_b8de6693	2026-09-25T15:51:54Z	19	PMC8119210	Adrenergic-mediated increases in INHBA drive CAF phenotype and collagens	no	ok
Inhba	Inhba (inhibin beta-A) LPS macrophage	s_b8de6693	2026-09-25T15:51:54Z	20	PMC10869703	INHBA(+) cancer-associated fibroblasts generate an immunosuppressive tumor microenvironment in ovarian cancer	no	ok
Inhba	Inhba (inhibin beta-A) LPS macrophage	s_b8de6693	2026-09-25T15:51:54Z	21	PMC7918892	LPS Tolerance Inhibits Cellular Respiration and Induces Global Changes in the Macrophage Secretome	no	ok
Inhba	Inhba (inhibin beta-A) LPS macrophage	s_b8de6693	2026-09-25T15:51:54Z	22	PMC8289208	Lipopolysaccharide from biofilm-forming Pseudomonas aeruginosa PAO1 induces macrophage hyperinflammatory responses	no	ok
Inhba	Inhba (inhibin beta-A) LPS macrophage	s_b8de6693	2026-09-25T15:51:54Z	23	PMC3046894	Soybean-derived Bowman-Birk inhibitor inhibits neurotoxicity of LPS-activated macrophages	no	ok
Inhba	Inhba (inhibin beta-A) LPS macrophage	s_b8de6693	2026-09-25T15:51:54Z	24	PMC4378362	Analysis of the transcriptional networks underpinning the activation of murine macrophages by inflammatory mediators	no	ok
Inhba	Inhba (inhibin beta-A) LPS macrophage	s_b8de6693	2026-09-25T15:51:54Z	25	PMC10342172	α-Aminobutyric Acid Constrains Macrophage-Associated Inflammatory Diseases through Metabolic Reprogramming and Epigenetic Modification	no	ok
Gbp2	Gbp2 (guanylate binding protein 2) LPS macrophage	s_26a16ee8	2026-09-25T15:51:56Z	1	PMC7327485	Direct binding of polymeric GBP1 to LPS disrupts bacterial cell envelope functions	no	ok
Gbp2	Gbp2 (guanylate binding protein 2) LPS macrophage	s_26a16ee8	2026-09-25T15:51:56Z	2	PMC12486372	Molecular mechanisms and functions of guanylate-binding protein 2 in inflammation and cancer (Review)	no	ok
Gbp2	Gbp2 (guanylate binding protein 2) LPS macrophage	s_26a16ee8	2026-09-25T15:51:56Z	3	PMC11994402	Extracellular vesicle-packaged GBP2 from macrophages aggravates sepsis-induced acute lung injury by promoting ferroptosis in pulmonary vascular endothelial cells	yes	ok
Gbp2	Gbp2 (guanylate binding protein 2) LPS macrophage	s_26a16ee8	2026-09-25T15:51:56Z	4	bio_c14a021b71b1	Bacterial factors drive the differential targeting of Guanylate Binding Proteins to  Francisella  and  Shigella	no	ok
Gbp2	Gbp2 (guanylate binding protein 2) LPS macrophage	s_26a16ee8	2026-09-25T15:51:56Z	5	PMC6400534	Interferon-induced guanylate-binding proteins: Guardians of host defense in health and disease	no	ok
Gbp2	Gbp2 (guanylate binding protein 2) LPS macrophage	s_26a16ee8	2026-09-25T15:51:56Z	6	PMC10684074	Inhibitory effects of polysaccharides from Korean ginseng berries on LPS-induced RAW264.7 macrophages	no	ok
Gbp2	Gbp2 (guanylate binding protein 2) LPS macrophage	s_26a16ee8	2026-09-25T15:51:56Z	7	PMC5626967	Inflammasome Activation by Bacterial Outer Membrane Vesicles Requires Guanylate Binding Proteins	no	ok
Gbp2	Gbp2 (guanylate binding protein 2) LPS macrophage	s_26a16ee8	2026-09-25T15:51:56Z	8	PMC7522336	Role of Gate-16 and Gabarap in Prevention of Caspase-11-Dependent Excess Inflammation and Lethal Endotoxic Shock	no	ok
Gbp2	Gbp2 (guanylate binding protein 2) LPS macrophage	s_26a16ee8	2026-09-25T15:51:56Z	9	PMC12571816	From mechanisms to therapies: the multifaceted roles of guanylate-binding protein 2 in immunity, cancer, and beyond	yes	ok
Gbp2	Gbp2 (guanylate binding protein 2) LPS macrophage	s_26a16ee8	2026-09-25T15:51:56Z	10	PMC6369361	RNA-Binding Proteins in the Control of LPS-Induced Macrophage Response	no	ok
Gbp2	Gbp2 (guanylate binding protein 2) LPS macrophage	s_26a16ee8	2026-09-25T15:51:56Z	11	PMC13059736	Guanylate-binding proteins balance iNOS/Arg-1 in myeloid cells during L. major infection and promote host defense to infection	no	ok
Gbp2	Gbp2 (guanylate binding protein 2) LPS macrophage	s_26a16ee8	2026-09-25T15:51:56Z	12	PMC11531969	Crosstalk between GBP2 and M2 macrophage promotes the ccRCC progression	no	ok
Gbp2	Gbp2 (guanylate binding protein 2) LPS macrophage	s_26a16ee8	2026-09-25T15:51:56Z	13	bio_ea6f8a3b6c58	A hierarchical GBP network promotes cytosolic LPS recognition and sepsis	yes	ok
Gbp2	Gbp2 (guanylate binding protein 2) LPS macrophage	s_26a16ee8	2026-09-25T15:51:56Z	14	PMC10445759	GBP2 promotes M1 macrophage polarization by activating the notch1 signaling pathway in diabetic nephropathy	yes	ok
Gbp2	Gbp2 (guanylate binding protein 2) LPS macrophage	s_26a16ee8	2026-09-25T15:51:56Z	15	PMC7566093	A Rapid Caspase-11 Response Induced by IFNγ Priming Is Independent of Guanylate Binding Proteins	no	ok
Gbp2	Gbp2 (guanylate binding protein 2) LPS macrophage	s_26a16ee8	2026-09-25T15:51:56Z	16	PMC6600649	Human GBP1 is a microbe‐specific gatekeeper of macrophage apoptosis and pyroptosis	no	ok
Gbp2	Gbp2 (guanylate binding protein 2) LPS macrophage	s_26a16ee8	2026-09-25T15:51:56Z	17	PMC12513257	Downregulation of Gbp2 Attenuates LPS-Induced Inflammation in BV2 Microglia Cells Through Inhibition of STAT1	yes	ok
Gbp2	Gbp2 (guanylate binding protein 2) LPS macrophage	s_26a16ee8	2026-09-25T15:51:56Z	18	PMC13001939	GBP2 promotes podocyte pyroptosis and contributes to the pathogenesis of pediatric lupus nephritis	yes	ok
Gbp2	Gbp2 (guanylate binding protein 2) LPS macrophage	s_26a16ee8	2026-09-25T15:51:56Z	19	PMC8573089	The Prognostic and Immunological Value of Guanylate-Binding Proteins in Lower-Grade Glioma: Potential Markers or Not?	no	ok
Gbp2	Gbp2 (guanylate binding protein 2) LPS macrophage	s_26a16ee8	2026-09-25T15:51:56Z	20	PMC10104521	LPS-aggregating proteins GBP1 and GBP2 are each sufficient to enhance caspase-4 activation both in cellulo and in vitro	no	ok
Gbp2	Gbp2 (guanylate binding protein 2) LPS macrophage	s_26a16ee8	2026-09-25T15:51:56Z	21	PMC6749937	C57BL/6 and 129 inbred mouse strains differ in Gbp2 and Gbp2b expression in response to inflammatory stimuli in vivo	yes	ok
Gbp2	Gbp2 (guanylate binding protein 2) LPS macrophage	s_26a16ee8	2026-09-25T15:51:56Z	22	PMC11117630	Exploring the Role of Guanylate-Binding Protein-2 in Activated Microglia-Mediated Neuroinflammation and Neuronal Damage	yes	ok
Gbp2	Gbp2 (guanylate binding protein 2) LPS macrophage	s_26a16ee8	2026-09-25T15:51:56Z	23	bio_0ddf65ba9122	GBP1 recruitment to actin-rich pedestals induced by extracellular Gram-negative bacteria promotes pyroptosis	no	ok
Gbp2	Gbp2 (guanylate binding protein 2) LPS macrophage	s_26a16ee8	2026-09-25T15:51:56Z	24	PMC7314798	Human GBP1 binds LPS to initiate assembly of a caspase-4 activating platform on cytosolic bacteria	no	ok
Gbp2	Gbp2 (guanylate binding protein 2) LPS macrophage	s_26a16ee8	2026-09-25T15:51:56Z	25	PMC6326519	Guanylate-binding protein 5 licenses caspase-11 for Gasdermin-D mediated host resistance to Brucella abortus infection	yes	ok
Tnfsf4	Tnfsf4 (tumor necrosis factor (ligand) superfamily, member 4) LPS macrophage	s_179a646d	2026-09-25T15:52:10Z	1	PMC5332009	Genome-wide siRNA screen of genes regulating the LPS-induced TNF-α response in human macrophages	no	ok
Tnfsf4	Tnfsf4 (tumor necrosis factor (ligand) superfamily, member 4) LPS macrophage	s_179a646d	2026-09-25T15:52:10Z	2	PMC5332015	Genome-wide siRNA screen of genes regulating the LPS-induced NF-κB and TNF-α responses in mouse macrophages	no	ok
Tnfsf4	Tnfsf4 (tumor necrosis factor (ligand) superfamily, member 4) LPS macrophage	s_179a646d	2026-09-25T15:52:10Z	3	PMC2949756	Motif prediction to distinguish LPS-stimulated pro-inflammatory  vs . antibacterial macrophage genes	no	ok
Tnfsf4	Tnfsf4 (tumor necrosis factor (ligand) superfamily, member 4) LPS macrophage	s_179a646d	2026-09-25T15:52:10Z	4	PMC6543837	Macrophage Polarization: Different Gene Signatures in M1(LPS+) vs. Classically and M2(LPS–) vs. Alternatively Activated Macrophages	no	ok
Tnfsf4	Tnfsf4 (tumor necrosis factor (ligand) superfamily, member 4) LPS macrophage	s_179a646d	2026-09-25T15:52:10Z	5	PMC12151969	Multi-omics analysis of tumor necrosis factor superfamily 4 reveals its prognostic value with T cell exhaustion feature in cancer	no	ok
Tnfsf4	Tnfsf4 (tumor necrosis factor (ligand) superfamily, member 4) LPS macrophage	s_179a646d	2026-09-25T15:52:10Z	6	PMC2359863	The Activation of Macrophage and Upregulation of CD40 Costimulatory Molecule in Lipopolysaccharide-Induced Acute Lung Injury	no	ok
Tnfsf4	Tnfsf4 (tumor necrosis factor (ligand) superfamily, member 4) LPS macrophage	s_179a646d	2026-09-25T15:52:10Z	7	PMC10091190	LPS combined with CD47mAb enhances the anti‑osteosarcoma ability of macrophages	no	ok
Tnfsf4	Tnfsf4 (tumor necrosis factor (ligand) superfamily, member 4) LPS macrophage	s_179a646d	2026-09-25T15:52:10Z	8	PMC13372918	Lipopolysaccharide-mediated macrophage polarization, conserved pathogenesis, and implications for peripheral neuropathy: a systematic review	no	ok
Tnfsf4	Tnfsf4 (tumor necrosis factor (ligand) superfamily, member 4) LPS macrophage	s_179a646d	2026-09-25T15:52:10Z	9	PMC7053374	Corrigendum: Macrophage Polarization: Different Gene Signatures in M1(LPS+) vs. Classically and M2(LPS–) vs. Alternatively Activated Macrophages	no	ok
Tnfsf4	Tnfsf4 (tumor necrosis factor (ligand) superfamily, member 4) LPS macrophage	s_179a646d	2026-09-25T15:52:10Z	10	PMC6978349	Effects of thrombospondin-4 on pro-inflammatory phenotype differentiation and apoptosis in macrophages	no	ok
Tnfsf4	Tnfsf4 (tumor necrosis factor (ligand) superfamily, member 4) LPS macrophage	s_179a646d	2026-09-25T15:52:10Z	11	bio_206e5a356c66	Mathematical modelling of activation-induced heterogeneity reveals cell state transitions underpinning macrophage responses to LPS	no	ok
Tnfsf4	Tnfsf4 (tumor necrosis factor (ligand) superfamily, member 4) LPS macrophage	s_179a646d	2026-09-25T15:52:10Z	12	PMC9411976	Mathematical modelling of activation-induced heterogeneity in TNF, IL6, NOS2, and IL1β expression reveals cell state transitions underpinning macrophage responses to LPS	no	ok
Tnfsf4	Tnfsf4 (tumor necrosis factor (ligand) superfamily, member 4) LPS macrophage	s_179a646d	2026-09-25T15:52:10Z	13	PMC10859262	NF-κB p65 and TCF-4 interactions are associated with LPS-stimulated IL-6 secretion of macrophages	no	ok
Tnfsf4	Tnfsf4 (tumor necrosis factor (ligand) superfamily, member 4) LPS macrophage	s_179a646d	2026-09-25T15:52:10Z	14	PMC3333514	Monocyte normal immune response to LPS stimulation	no	ok
Tnfsf4	Tnfsf4 (tumor necrosis factor (ligand) superfamily, member 4) LPS macrophage	s_179a646d	2026-09-25T15:52:10Z	15	PMC9456100	Lipopolysaccharide from Porphyromonas gingivalis, but Not from Porphyromonas endodontalis, Induces Macrophage M1 Profile	no	ok
Tnfsf4	Tnfsf4 (tumor necrosis factor (ligand) superfamily, member 4) LPS macrophage	s_179a646d	2026-09-25T15:52:10Z	16	PMC3953056	Epigenetic profile in lipopolysaccharide-stimulated macrophages	no	ok
Tnfsf4	Tnfsf4 (tumor necrosis factor (ligand) superfamily, member 4) LPS macrophage	s_179a646d	2026-09-25T15:52:10Z	17	PMC3622012	NF-κB Plays a Key Role in Inducing  CD274  Expression in Human Monocytes after Lipopolysaccharide Treatment	no	ok
Tnfsf4	Tnfsf4 (tumor necrosis factor (ligand) superfamily, member 4) LPS macrophage	s_179a646d	2026-09-25T15:52:10Z	18	PMC8155903	Differential mRNA and miRNA Profiles Reveal the Potential Roles of Genes and miRNAs Involved in LPS Infection in Chicken Macrophages	no	ok
Tnfsf4	Tnfsf4 (tumor necrosis factor (ligand) superfamily, member 4) LPS macrophage	s_179a646d	2026-09-25T15:52:10Z	19	PMC10167635	Induction of unique macrophage subset by simultaneous stimulation with LPS and IL-4	no	ok
Tnfsf4	Tnfsf4 (tumor necrosis factor (ligand) superfamily, member 4) LPS macrophage	s_179a646d	2026-09-25T15:52:10Z	20	bio_aec0e8f76c09	Effect of Thrombospondin-4 on Pro-inflammatory Phenotype Differentiation and Apoptosis in Macrophages	no	ok
Tnfsf4	Tnfsf4 (tumor necrosis factor (ligand) superfamily, member 4) LPS macrophage	s_179a646d	2026-09-25T15:52:10Z	21	PMC4695100	Hyperinflammation, T cells, and endotoxemia	no	ok
Tnfsf4	Tnfsf4 (tumor necrosis factor (ligand) superfamily, member 4) LPS macrophage	s_179a646d	2026-09-25T15:52:10Z	22	PMC1781469	Transcriptional profiling of the LPS induced NF-κB response in macrophages	no	ok
Tnfsf4	Tnfsf4 (tumor necrosis factor (ligand) superfamily, member 4) LPS macrophage	s_179a646d	2026-09-25T15:52:10Z	23	PMC11994614	Oral and transdermal administration of lipopolysaccharide safely enhances self-healing ability through the macrophage network	no	ok
Tnfsf4	Tnfsf4 (tumor necrosis factor (ligand) superfamily, member 4) LPS macrophage	s_179a646d	2026-09-25T15:52:10Z	24	PMC10949775	Lipopolysaccharide regulation of antiinflammatory tristetraprolin family and proinflammatory gene expression in mouse macrophages	no	ok
Tnfsf4	Tnfsf4 (tumor necrosis factor (ligand) superfamily, member 4) LPS macrophage	s_179a646d	2026-09-25T15:52:10Z	25	PMC11135766	In vivo cisplatin-resistant neuroblastoma metastatic model reveals tumour necrosis factor receptor superfamily member 4 (TNFRSF4) as an independent prognostic factor of survival in neuroblastoma	no	ok
Mmp13	Mmp13 (matrix metallopeptidase 13) LPS macrophage	s_bd782759	2026-09-25T15:52:22Z	1	PMC3653827	Macrophage Migration and Invasion Is Regulated by MMP10 Expression	yes	ok
Mmp13	Mmp13 (matrix metallopeptidase 13) LPS macrophage	s_bd782759	2026-09-25T15:52:22Z	2	PMC6873576	Proinflammatory cytokines and lipopolysaccharides up regulate MMP-3 and MMP-13 production in Asian elephant (Elephas maximus) chondrocytes: attenuation by anti-arthritic agents	yes	ok
Mmp13	Mmp13 (matrix metallopeptidase 13) LPS macrophage	s_bd782759	2026-09-25T15:52:22Z	3	PMC6249951	Regulation of matrix metalloproteinase-3 gene expression in inflammation: A molecular study	no	ok
Mmp13	Mmp13 (matrix metallopeptidase 13) LPS macrophage	s_bd782759	2026-09-25T15:52:22Z	4	PMC3411745	Classical Macrophage Activation Up-Regulates Several Matrix Metalloproteinases through Mitogen Activated Protein Kinases and Nuclear Factor-κB	no	ok
Mmp13	Mmp13 (matrix metallopeptidase 13) LPS macrophage	s_bd782759	2026-09-25T15:52:22Z	5	PMC5405711	Sirtuin 1 regulates matrix metalloproteinase-13 expression induced by Porphyromonas endodontalis lipopolysaccharide via targeting nuclear factor–κB in osteoblasts	yes	ok
Mmp13	Mmp13 (matrix metallopeptidase 13) LPS macrophage	s_bd782759	2026-09-25T15:52:22Z	6	PMC3721470	Matrix metalloproteinase 13 modulates intestinal epithelial barrier integrity in inflammatory diseases by activating TNF	yes	ok
Mmp13	Mmp13 (matrix metallopeptidase 13) LPS macrophage	s_bd782759	2026-09-25T15:52:22Z	7	PMC7451043	LPS stimulation during HCV infection induces MMP/TIMP1 imbalance in macrophages	no	ok
Mmp13	Mmp13 (matrix metallopeptidase 13) LPS macrophage	s_bd782759	2026-09-25T15:52:22Z	8	PMC6642645	Osteoarthritis patients with high haemoglobin A1c have increased Toll-like receptor 4 and matrix metalloprotease-13 expression in the synovium	yes	ok
Mmp13	Mmp13 (matrix metallopeptidase 13) LPS macrophage	s_bd782759	2026-09-25T15:52:22Z	9	PMC3317238	LPS Counter Regulates RNA Expression of Extracellular Proteases and Their Inhibitors in Murine Macrophages	no	ok
Mmp13	Mmp13 (matrix metallopeptidase 13) LPS macrophage	s_bd782759	2026-09-25T15:52:22Z	10	PMC5857518	Biochemical alterations in inflammatory reactive chondrocytes: evidence for intercellular network communication	no	ok
Mmp13	Mmp13 (matrix metallopeptidase 13) LPS macrophage	s_bd782759	2026-09-25T15:52:22Z	11	PMC2949711	Suppression of LPS-induced matrix-metalloproteinase responses in macrophages exposed to phenytoin and its metabolite, 5-(p-hydroxyphenyl-), 5-phenylhydantoin	no	ok
Mmp13	Mmp13 (matrix metallopeptidase 13) LPS macrophage	s_bd782759	2026-09-25T15:52:22Z	12	PMC9507754	ADAM-10 Regulates MMP-12 during Lipopolysaccharide-Induced Inflammatory Response in Macrophages	no	ok
Mmp13	Mmp13 (matrix metallopeptidase 13) LPS macrophage	s_bd782759	2026-09-25T15:52:22Z	13	bio_b06931d16f63	The orientation of choroidal macrophage polarization significantly influences the development of myopia in murine models	no	ok
Mmp13	Mmp13 (matrix metallopeptidase 13) LPS macrophage	s_bd782759	2026-09-25T15:52:22Z	14	PMC3979078	Collagenase-3 (MMP-13) deficiency protects C57BL/6 mice from antibody-induced arthritis	no	ok
Mmp13	Mmp13 (matrix metallopeptidase 13) LPS macrophage	s_bd782759	2026-09-25T15:52:22Z	15	PMC11104344	TPX2 upregulates MMP13 to promote the progression of lipopolysaccharide-induced osteoarthritis	yes	ok
Mmp13	Mmp13 (matrix metallopeptidase 13) LPS macrophage	s_bd782759	2026-09-25T15:52:22Z	16	PMC3672752	MMP13 is a critical target gene during the progression of osteoarthritis	no	ok
Mmp13	Mmp13 (matrix metallopeptidase 13) LPS macrophage	s_bd782759	2026-09-25T15:52:22Z	17	PMC13372918	Lipopolysaccharide-mediated macrophage polarization, conserved pathogenesis, and implications for peripheral neuropathy: a systematic review	no	ok
Mmp13	Mmp13 (matrix metallopeptidase 13) LPS macrophage	s_bd782759	2026-09-25T15:52:22Z	18	PMC7689775	LPS‐Induced Inflammation Prior to Injury Exacerbates the Development of Post‐Traumatic Osteoarthritis in Mice	no	ok
Mmp13	Mmp13 (matrix metallopeptidase 13) LPS macrophage	s_bd782759	2026-09-25T15:52:22Z	19	PMC6208075	Elevated IL-33 promotes expression of MMP2 and MMP9 via activating STAT3 in alveolar macrophages during LPS-induced acute lung injury	no	ok
Mmp13	Mmp13 (matrix metallopeptidase 13) LPS macrophage	s_bd782759	2026-09-25T15:52:22Z	20	PMC6543837	Macrophage Polarization: Different Gene Signatures in M1(LPS+) vs. Classically and M2(LPS–) vs. Alternatively Activated Macrophages	no	ok
Mmp13	Mmp13 (matrix metallopeptidase 13) LPS macrophage	s_bd782759	2026-09-25T15:52:22Z	21	PMC2493034	Matrix Metalloproteinase 13 Is Induced in Fibroblasts in Polyomavirus Middle T Antigen-Driven Mammary Carcinoma without Influencing Tumor Progression	no	ok
Mmp13	Mmp13 (matrix metallopeptidase 13) LPS macrophage	s_bd782759	2026-09-25T15:52:22Z	22	PMC9456100	Lipopolysaccharide from Porphyromonas gingivalis, but Not from Porphyromonas endodontalis, Induces Macrophage M1 Profile	no	ok
Mmp13	Mmp13 (matrix metallopeptidase 13) LPS macrophage	s_bd782759	2026-09-25T15:52:22Z	23	PMC4456051	Matrix metalloproteases as maestros for the dual role of LPS- and IL-10-stimulated macrophages in cancer cell behaviour	no	ok
Mmp13	Mmp13 (matrix metallopeptidase 13) LPS macrophage	s_bd782759	2026-09-25T15:52:22Z	24	PMC6545921	Matrix metalloproteinase 28 is regulated by TRIF- and type I IFN-dependent signaling in macrophages	no	ok
Mmp13	Mmp13 (matrix metallopeptidase 13) LPS macrophage	s_bd782759	2026-09-25T15:52:22Z	25	PMC7916132	Overview of MMP-13 as a Promising Target for the Treatment of Osteoarthritis	no	ok
Bcl2a1a	Bcl2a1a (B cell leukemia/lymphoma 2 related protein A1a) LPS macrophage	s_ba67ad68	2026-09-25T15:52:24Z	1	PMC5384030	The Bcl2a1 gene cluster finally knocked out: first clues to understanding the enigmatic role of the Bcl-2 protein A1	no	ok
Bcl2a1a	Bcl2a1a (B cell leukemia/lymphoma 2 related protein A1a) LPS macrophage	s_ba67ad68	2026-09-25T15:52:24Z	2	PMC10626451	A1 is induced by pathogen ligands to limit myeloid cell death and NLRP3 inflammasome activation	yes	ok
Bcl2a1a	Bcl2a1a (B cell leukemia/lymphoma 2 related protein A1a) LPS macrophage	s_ba67ad68	2026-09-25T15:52:24Z	3	PMC6543837	Macrophage Polarization: Different Gene Signatures in M1(LPS+) vs. Classically and M2(LPS–) vs. Alternatively Activated Macrophages	no	ok
Bcl2a1a	Bcl2a1a (B cell leukemia/lymphoma 2 related protein A1a) LPS macrophage	s_ba67ad68	2026-09-25T15:52:24Z	4	PMC11405755	Contribution of A1 to macrophage survival in cooperation with MCL-1 and BCL-XL in a murine cell model of myeloid differentiation	no	ok
Bcl2a1a	Bcl2a1a (B cell leukemia/lymphoma 2 related protein A1a) LPS macrophage	s_ba67ad68	2026-09-25T15:52:24Z	5	PMC2212378	Accelerated Neutrophil Apoptosis in Mice Lacking A1-a, a Subtype of the bcl-2–related A1 Gene	no	ok
Bcl2a1a	Bcl2a1a (B cell leukemia/lymphoma 2 related protein A1a) LPS macrophage	s_ba67ad68	2026-09-25T15:52:24Z	6	PMC6274997	Transcriptome Analysis Provides Insights into the Markers of Resting and LPS-Activated Macrophages in Grass Carp (Ctenopharyngodon idella)	no	ok
Bcl2a1a	Bcl2a1a (B cell leukemia/lymphoma 2 related protein A1a) LPS macrophage	s_ba67ad68	2026-09-25T15:52:24Z	7	PMC8369416	LPSlow-Macrophages Alleviate the Outcome of Graft-Versus-Host Disease Without Aggravating Lymphoma Growth in Mice	no	ok
Bcl2a1a	Bcl2a1a (B cell leukemia/lymphoma 2 related protein A1a) LPS macrophage	s_ba67ad68	2026-09-25T15:52:24Z	8	PMC3316698	Could a B-1 Cell Derived Phagocyte “Be One” of the Peritoneal Macrophages during LPS-Driven Inflammation?	no	ok
Bcl2a1a	Bcl2a1a (B cell leukemia/lymphoma 2 related protein A1a) LPS macrophage	s_ba67ad68	2026-09-25T15:52:24Z	9	PMC3953056	Epigenetic profile in lipopolysaccharide-stimulated macrophages	no	ok
Bcl2a1a	Bcl2a1a (B cell leukemia/lymphoma 2 related protein A1a) LPS macrophage	s_ba67ad68	2026-09-25T15:52:24Z	10	PMC3405526	A1/Bfl-1 in leukocyte development and cell death	no	ok
Bcl2a1a	Bcl2a1a (B cell leukemia/lymphoma 2 related protein A1a) LPS macrophage	s_ba67ad68	2026-09-25T15:52:24Z	11	PMC8608335	Canine peripheral blood mononuclear cell-derived B lymphocytes pretreated with lipopolysaccharide enhance the immunomodulatory effect through macrophage polarization	no	ok
Bcl2a1a	Bcl2a1a (B cell leukemia/lymphoma 2 related protein A1a) LPS macrophage	s_ba67ad68	2026-09-25T15:52:24Z	12	PMC3660024	Comparative Study of The Effect of LPS on The Function of BALB/c and C57BL/6 Peritoneal Macrophages	no	ok
Bcl2a1a	Bcl2a1a (B cell leukemia/lymphoma 2 related protein A1a) LPS macrophage	s_ba67ad68	2026-09-25T15:52:24Z	13	PMC7054785	Bcl-2 Proteins Regulate Mitophagy in Lipopolysaccharide-Induced Acute Lung Injury via PINK1/Parkin Signaling Pathway	no	ok
Bcl2a1a	Bcl2a1a (B cell leukemia/lymphoma 2 related protein A1a) LPS macrophage	s_ba67ad68	2026-09-25T15:52:24Z	14	PMC6603059	Importance of Mcl-1 for Alveolar Macrophage Apoptosis–associated Bacterial Killing	no	ok
Bcl2a1a	Bcl2a1a (B cell leukemia/lymphoma 2 related protein A1a) LPS macrophage	s_ba67ad68	2026-09-25T15:52:24Z	15	PMC5627409	Selection of reliable reference genes for the normalisation of gene expression levels following time course LPS stimulation of murine bone marrow derived macrophages	no	ok
Bcl2a1a	Bcl2a1a (B cell leukemia/lymphoma 2 related protein A1a) LPS macrophage	s_ba67ad68	2026-09-25T15:52:24Z	16	PMC10851074	ADAR1 Inhibits Macrophage Apoptosis and Alleviates Sepsis-induced Liver Injury Through miR-122/BCL2A1 Signaling	yes	ok
Bcl2a1a	Bcl2a1a (B cell leukemia/lymphoma 2 related protein A1a) LPS macrophage	s_ba67ad68	2026-09-25T15:52:24Z	17	PMC3333514	Monocyte normal immune response to LPS stimulation	no	ok
Bcl2a1a	Bcl2a1a (B cell leukemia/lymphoma 2 related protein A1a) LPS macrophage	s_ba67ad68	2026-09-25T15:52:24Z	18	PMC2184939	Macrophage stimulation by bacterial lipopolysaccharides. II. Evidence for differentiation signals delivered by lipid A and by a protein rich fraction of lipopolysaccharides	no	ok
Bcl2a1a	Bcl2a1a (B cell leukemia/lymphoma 2 related protein A1a) LPS macrophage	s_ba67ad68	2026-09-25T15:52:24Z	19	PMC1781469	Transcriptional profiling of the LPS induced NF-κB response in macrophages	no	ok
Bcl2a1a	Bcl2a1a (B cell leukemia/lymphoma 2 related protein A1a) LPS macrophage	s_ba67ad68	2026-09-25T15:52:24Z	20	PMC3300661	Tolerance to lipopolysaccharide regulates apoptosis in B lymphocytes	no	ok
Bcl2a1a	Bcl2a1a (B cell leukemia/lymphoma 2 related protein A1a) LPS macrophage	s_ba67ad68	2026-09-25T15:52:24Z	21	PMC6084222	Macrophage Apoptosis Induced by an Avian Strain of Escherichia coli	no	ok
Bcl2a1a	Bcl2a1a (B cell leukemia/lymphoma 2 related protein A1a) LPS macrophage	s_ba67ad68	2026-09-25T15:52:24Z	22	PMC6994071	Identification of stable reference genes for lipopolysaccharide-stimulated macrophage gene expression studies	no	ok
Bcl2a1a	Bcl2a1a (B cell leukemia/lymphoma 2 related protein A1a) LPS macrophage	s_ba67ad68	2026-09-25T15:52:24Z	23	PMC11994614	Oral and transdermal administration of lipopolysaccharide safely enhances self-healing ability through the macrophage network	no	ok
Bcl2a1a	Bcl2a1a (B cell leukemia/lymphoma 2 related protein A1a) LPS macrophage	s_ba67ad68	2026-09-25T15:52:24Z	24	PMC3897530	Btk Regulates Macrophage Polarization in Response to Lipopolysaccharide	no	ok
Bcl2a1a	Bcl2a1a (B cell leukemia/lymphoma 2 related protein A1a) LPS macrophage	s_ba67ad68	2026-09-25T15:52:24Z	25	PMC9656053	A Global Picture of Molecular Changes Associated to LPS Treatment in THP-1 Derived Human Macrophages by Fourier Transform Infrared Microspectroscopy	no	ok
Ccl4	Ccl4 (C-C motif chemokine ligand 4) LPS macrophage	s_81b7b88e	2026-09-25T15:52:36Z	1	PMC12904459	Csep1P protein from Campylobacter concisus induces a chemokine-dominant inflammatory state in macrophages and enhances proinflammatory response to gut bacteria	yes	ok
Ccl4	Ccl4 (C-C motif chemokine ligand 4) LPS macrophage	s_81b7b88e	2026-09-25T15:52:36Z	2	PMC4995753	Emerging role of chemokine CC motif ligand 4 related mechanisms in diabetes mellitus and cardiovascular disease: friends or foes?	yes	ok
Ccl4	Ccl4 (C-C motif chemokine ligand 4) LPS macrophage	s_81b7b88e	2026-09-25T15:52:36Z	3	PMC2196157	C–C Chemokines Released by Lipopolysaccharide (LPS)-stimulated Human Macrophages Suppress HIV-1 Infection in Both Macrophages and T Cells	no	ok
Ccl4	Ccl4 (C-C motif chemokine ligand 4) LPS macrophage	s_81b7b88e	2026-09-25T15:52:36Z	4	PMC6543837	Macrophage Polarization: Different Gene Signatures in M1(LPS+) vs. Classically and M2(LPS–) vs. Alternatively Activated Macrophages	no	ok
Ccl4	Ccl4 (C-C motif chemokine ligand 4) LPS macrophage	s_81b7b88e	2026-09-25T15:52:36Z	5	PMC6154519	TLR4/MyD88 -mediated CCL2 production by lipopolysaccharide (endotoxin): Implications for metabolic inflammation	no	ok
Ccl4	Ccl4 (C-C motif chemokine ligand 4) LPS macrophage	s_81b7b88e	2026-09-25T15:52:36Z	6	PMC9133420	CCR4 and CCR5 Involvement in Monocyte-Derived Macrophage Migration in Neuroinflammation	no	ok
Ccl4	Ccl4 (C-C motif chemokine ligand 4) LPS macrophage	s_81b7b88e	2026-09-25T15:52:36Z	7	PMC13180550	Exhausted CD4+T cells are associated with CCL4-driven immunosuppressive macrophage accumulation in enzootic bovine leukosis	no	ok
Ccl4	Ccl4 (C-C motif chemokine ligand 4) LPS macrophage	s_81b7b88e	2026-09-25T15:52:36Z	8	PMC7883330	CCR5 signaling promotes lipopolysaccharide-induced macrophage recruitment and alveolar developmental arrest	yes	ok
Ccl4	Ccl4 (C-C motif chemokine ligand 4) LPS macrophage	s_81b7b88e	2026-09-25T15:52:36Z	9	PMC13108475	Genetic and Experimental Evidence Implicates CCL4 in Severe Sepsis Risk and Phase-Dependent Immune Dynamics	yes	ok
Ccl4	Ccl4 (C-C motif chemokine ligand 4) LPS macrophage	s_81b7b88e	2026-09-25T15:52:36Z	10	PMC13297423	Association of Circulating C-C Motif Chemokine Ligand 4 to Disease Severity and Clinical Outcomes in Sepsis: A Prospective Observational Study	no	ok
Ccl4	Ccl4 (C-C motif chemokine ligand 4) LPS macrophage	s_81b7b88e	2026-09-25T15:52:36Z	11	PMC7053374	Corrigendum: Macrophage Polarization: Different Gene Signatures in M1(LPS+) vs. Classically and M2(LPS–) vs. Alternatively Activated Macrophages	no	ok
Ccl4	Ccl4 (C-C motif chemokine ligand 4) LPS macrophage	s_81b7b88e	2026-09-25T15:52:36Z	12	PMC8052121	LXA4 Inhibits Lipopolysaccharide-Induced Inflammatory Cell Accumulation by Resident Macrophages in Mice	no	ok
Ccl4	Ccl4 (C-C motif chemokine ligand 4) LPS macrophage	s_81b7b88e	2026-09-25T15:52:36Z	13	PMC7555143	CCL4 Inhibition in Atherosclerosis: Effects on Plaque Stability, Endothelial Cell Adhesiveness, and Macrophages Activation	no	ok
Ccl4	Ccl4 (C-C motif chemokine ligand 4) LPS macrophage	s_81b7b88e	2026-09-25T15:52:36Z	14	PMC13372918	Lipopolysaccharide-mediated macrophage polarization, conserved pathogenesis, and implications for peripheral neuropathy: a systematic review	no	ok
Ccl4	Ccl4 (C-C motif chemokine ligand 4) LPS macrophage	s_81b7b88e	2026-09-25T15:52:36Z	15	PMC2193157	A Key Role for Cc Chemokine Receptor 4 in Lipopolysaccharide-Induced Endotoxic Shock	no	ok
Ccl4	Ccl4 (C-C motif chemokine ligand 4) LPS macrophage	s_81b7b88e	2026-09-25T15:52:36Z	16	PMC10167635	Induction of unique macrophage subset by simultaneous stimulation with LPS and IL-4	no	ok
Ccl4	Ccl4 (C-C motif chemokine ligand 4) LPS macrophage	s_81b7b88e	2026-09-25T15:52:36Z	17	PMC3257836	Macrophage Phenotype Modulation by CXCL4 in Atherosclerosis	no	ok
Ccl4	Ccl4 (C-C motif chemokine ligand 4) LPS macrophage	s_81b7b88e	2026-09-25T15:52:36Z	18	PMC3333514	Monocyte normal immune response to LPS stimulation	no	ok
Ccl4	Ccl4 (C-C motif chemokine ligand 4) LPS macrophage	s_81b7b88e	2026-09-25T15:52:36Z	19	PMC9225349	Anti-Inflammatory Effects of Cicadidae Periostracum Extract and Oleic Acid through Inhibiting Inflammatory Chemokines Using PCR Arrays in LPS-Induced Lung inflammation In Vitro	yes	ok
Ccl4	Ccl4 (C-C motif chemokine ligand 4) LPS macrophage	s_81b7b88e	2026-09-25T15:52:36Z	20	PMC6974874	Phenylbutyrate facilitates homeostasis of non-resolving inflammatory macrophages	no	ok
Ccl4	Ccl4 (C-C motif chemokine ligand 4) LPS macrophage	s_81b7b88e	2026-09-25T15:52:36Z	21	PMC3660024	Comparative Study of The Effect of LPS on The Function of BALB/c and C57BL/6 Peritoneal Macrophages	no	ok
Ccl4	Ccl4 (C-C motif chemokine ligand 4) LPS macrophage	s_81b7b88e	2026-09-25T15:52:36Z	22	PMC11071541	Genetic variation in IL-4 activated tissue resident macrophages alters the epigenetic state to determine strain specific synergistic responses to LPS	no	ok
Ccl4	Ccl4 (C-C motif chemokine ligand 4) LPS macrophage	s_81b7b88e	2026-09-25T15:52:36Z	23	PMC11018209	Effect of connexin 43 in LPS/IL-4-induced macrophage M1/M2 polarization: An observational study	no	ok
Ccl4	Ccl4 (C-C motif chemokine ligand 4) LPS macrophage	s_81b7b88e	2026-09-25T15:52:36Z	24	PMC8406035	Redox-sensitive activation of CCL7 by BRG1 in hepatocytes during liver injury	no	ok
Ccl4	Ccl4 (C-C motif chemokine ligand 4) LPS macrophage	s_81b7b88e	2026-09-25T15:52:36Z	25	PMC3300654	The role of CC-chemokine receptor 4 in murine polymicrobial sepsis	no	ok
